codigo;nombre;descripcion;familia;familiaNombre;subcategoria;subcategoriaNombre;marcas;medidas;foto;descontinuado
2117152;Cabezal  Logbelts Repl chinas-  Echo 2300/4300/4605 Paso 10X1.25 FLH;Para desmalezadoras Chinas- Repl Echo 2300/4300/4605 Paso 10X1.25 FLH;;;;;;;;no
2120053;Arnes Logbelts;Arnes para altas jornadas de trabajo;arnes;Arnes;desmalezadora;Desmalezadora;logbelts;;https://gceymxcsmyxlzlpuzzzp.supabase.co/storage/v1/object/public/media/foto/2120053-1788967721111.jpg;no
2911001;Walbro 188 11 Diam. 18,5X10,5 mm;Walbro 188 11 Diam. 18,5X10,5 mm;carburacion;Carburación;bombines-2t;Bombines 2T;;;2911001.jpg;no
2911002;Walbro 188 12 Diam. 18,5X15,5 mm Echo/Sithl/Shind.WYJ/WYL;Walbro 188 12 Diam. 18,5X15,5 mm Echo/Sithl/Shind.WYJ/WYL;carburacion;Carburación;bombines-2t;Bombines 2T;;;2911002.jpg;no
2911003;Walbro HDA WYK 118 13 Diam 23,5 16 mm;Walbro HDA WYK 118 13 Diam 23,5 16 mm;carburacion;Carburación;bombines-2t;Bombines 2T;;;2911003.jpg;no
2911004;Zama 57004 Diam. 21,7X18,7 Stihl/Homelite/Mc Culloch;Zama 57004 Diam. 21,7X18,7 Stihl/Homelite/Mc Culloch;carburacion;Carburación;bombines-2t;Bombines 2T;;;2911004.jpg;no
2911005;Zama C1U 0057025 Diam 21,7 18,7 mm;Zama C1U 0057025 Diam 21,7 18,7 mm;carburacion;Carburación;bombines-2t;Bombines 2T;;;2911005.jpg;no
2911006;Bombines;Walbro 188-512 Clip · Stihl/Echo/Chinas;carburacion;Carburación;bombines-2t;Bombines 2T;;;2911006.jpg;no
2911007;Walbro 188 513 Tornillo Poulan CARBUF;Walbro 188 513 Tornillo Poulan CARBUF;carburacion;Carburación;bombines-2t;Bombines 2T;;;2911007.jpg;no
2911008;Stihl FS 450 0000 350 6201;Stihl FS 450 0000 350 6201;carburacion;Carburación;bombines-2t;Bombines 2T;;;2911008.jpg;no
2911009;Stihl Motoguadañas 1130 350 6200;Stihl Motoguadañas 1130 350 6200;carburacion;Carburación;bombines-2t;Bombines 2T;;;2911009.jpg;no
2911010;Stihl Motoguadañas 0000 350 6202;Stihl Motoguadañas 0000 350 6202;carburacion;Carburación;bombines-2t;Bombines 2T;;;2911010.jpg;no
4311520;CCOODDIIGGOO;MTD 951 10639;carburacion;Carburación;bombines-2t;Bombines 2T;;;4311520.jpg;no
4311521;CCOODDIIGGOO;B&S 793382;carburacion;Carburación;bombines-2t;Bombines 2T;;;4311521.jpg;no
4311522;CCOODDIIGGOO;Sensei 6,8hp;carburacion;Carburación;bombines-2t;Bombines 2T;;;4311522.jpg;no
4311523;CCOODDIIGGOO;Kawasaki 49043 2065;carburacion;Carburación;bombines-2t;Bombines 2T;;;4311523.jpg;no
4311524;Briggs 8 Stratton 300E 450E;Briggs 8 Stratton 300E 450E;carburacion;Carburación;bombines-2t;Bombines 2T;;;4311524.jpg;no
4311526;CCOODDIIGGOO;B&S 494408 · 3,5hp/4hp;carburacion;Carburación;bombines-2t;Bombines 2T;;;4311526.jpg;no
4311527;CCOODDIIGGOO;B&S 496115 · 5hp/5,5hp/6hp;carburacion;Carburación;bombines-2t;Bombines 2T;;;4311527.jpg;no
4311528;Bombin Motores;Bombin Motores;carburacion;Carburación;bombines-2t;Bombines 2T;;;4311528.jpg;no
2114050;Tanque de combustible / tapa;Universal máquinas chinas · 20 mm;carburacion;Carburación;llaves-pases-de-combustible;Llaves pases de combustible;;;2114050.jpg;no
2114051;Tanque de combustible / tapa;Universal máquinas chinas · 21,5 mm;carburacion;Carburación;llaves-pases-de-combustible;Llaves pases de combustible;;;2114051.jpg;no
2114052;Tanque de combustible / tapa;Echo 132115-046730 · 17,4 mm;carburacion;Carburación;llaves-pases-de-combustible;Llaves pases de combustible;;;2114052.jpg;no
2114053;Tanque de combustible / tapa;Echo 132115-04920;carburacion;Carburación;llaves-pases-de-combustible;Llaves pases de combustible;;;2114053.jpg;no
2114054;Tanque de combustible / tapa;Universal máquinas chinas · Echo / Stihl · 20.5 mm;carburacion;Carburación;llaves-pases-de-combustible;Llaves pases de combustible;;;2114054.jpg;no
2114055;Tanque de combustible / tapa;Echo / Stihl · 132115-04921;carburacion;Carburación;llaves-pases-de-combustible;Llaves pases de combustible;;;2114055.jpg;no
4720519;BUJES PASAMANGUERA;BUJES PASAMANGUERA;carburacion;Carburación;llaves-pases-de-combustible;Llaves pases de combustible;;;4720519.jpg;no
4923484;Llave de paso;Llave comb. minitractores · B&S 399517;carburacion;Carburación;llaves-pases-de-combustible;Llaves pases de combustible;;;4923484.jpg;no
4923485;Llave de paso;Llave comb. minitractores · B&S 698183;carburacion;Carburación;llaves-pases-de-combustible;Llaves pases de combustible;;;4923485.jpg;no
4923487;Llave de paso;Llave combustible · Grupos Chinos Macho;carburacion;Carburación;llaves-pases-de-combustible;Llaves pases de combustible;;;4923487.jpg;no
4923488;Llave de paso;Llave combustible · Grupos Chinos Macho;carburacion;Carburación;llaves-pases-de-combustible;Llaves pases de combustible;;;4923488.jpg;no
4923489;Llave de paso;Llave combustible · Grupos Chinos Hembra;carburacion;Carburación;llaves-pases-de-combustible;Llaves pases de combustible;;;4923489.jpg;no
2121061;Mangueras;Manguera Comb · Stihl FS 38-55;carburacion;Carburación;mangueras-de-combustible;Mangueras de combustible;;;2121061.jpg;no
2121062;Mangueras;Manguera Comb REPL · Stihl FS 120/250/450;carburacion;Carburación;mangueras-de-combustible;Mangueras de combustible;;;2121062.jpg;no
2220093;Partes;Brida De Admisión · REPL ST MS 170/180;carburacion;Carburación;mangueras-de-combustible;Mangueras de combustible;;;2220093.jpg;no
2220094;Partes;Brida De Admisión · REPL ST MS 210/230;carburacion;Carburación;mangueras-de-combustible;Mangueras de combustible;;;2220094.jpg;no
2220097;Partes;Brida De Admisión · REPL ST MS 381/382;carburacion;Carburación;mangueras-de-combustible;Mangueras de combustible;;;2220097.jpg;no
2220098;Partes;Brida De Admisión · REPL HUS 365/372;carburacion;Carburación;mangueras-de-combustible;Mangueras de combustible;;;2220098.jpg;no
2221610;Mangueras;Mangueras Motosierras · Sthil MS 170/180;carburacion;Carburación;mangueras-de-combustible;Mangueras de combustible;;;2221610.jpg;no
2221611;Mangueras;Mangueras Motosierras · Sthil MS 230/250;carburacion;Carburación;mangueras-de-combustible;Mangueras de combustible;;;2221611.jpg;no
2221614;Mangueras;Mangueras Motosierras · Sthil MS 380/381;carburacion;Carburación;mangueras-de-combustible;Mangueras de combustible;;;2221614.jpg;no
2221615;Mangueras;Manguera Comb REPL · Stihl MS 290/360;carburacion;Carburación;mangueras-de-combustible;Mangueras de combustible;;;2221615.jpg;no
2221616;Mangueras;Manguera Comb REPL · Stihl MS 260/280;carburacion;Carburación;mangueras-de-combustible;Mangueras de combustible;;;2221616.jpg;no
2221617;Mangueras;Manguera Comb REPL · Stihl MS 341/460;carburacion;Carburación;mangueras-de-combustible;Mangueras de combustible;;;2221617.jpg;no
2221618;Mangueras;Manguera Comb REPL · Stihl MS 381;carburacion;Carburación;mangueras-de-combustible;Mangueras de combustible;;;2221618.jpg;no
2221620;Mangueras;Chinas 45/52;carburacion;Carburación;mangueras-de-combustible;Mangueras de combustible;;;2221620.jpg;no
2221621;Mangueras;Manguera Comb · MS230 MS250;carburacion;Carburación;mangueras-de-combustible;Mangueras de combustible;;;2221621.jpg;no
2221622;Mangueras;Manguera Comb Doble · REPL 38CC;carburacion;Carburación;mangueras-de-combustible;Mangueras de combustible;;;2221622.jpg;no
2921012;Mangueras Carburacion Motosierra repl Zenoah 6200;Motosierra repl Zenoah 6200;carburacion;Carburación;mangueras-de-combustible;Mangueras de combustible;Zenoah;;https://gceymxcsmyxlzlpuzzzp.supabase.co/storage/v1/object/public/media/foto/2921012-1788970087245.webp;no
2921015;Mangueras;Manguera de Aceite · MS170 MS180;carburacion;Carburación;mangueras-de-combustible;Mangueras de combustible;;;2921015.jpg;no
2921016;Mangueras;Manguera de Aceite · MS230 MS250;carburacion;Carburación;mangueras-de-combustible;Mangueras de combustible;;;2921016.jpg;no
2921017;BRIDAS DE ADMISIÓN;BRIDAS DE ADMISIÓN;carburacion;Carburación;mangueras-de-combustible;Mangueras de combustible;;;2921017.jpg;no
2921019;Mangueras;Manguera De Aceite REPL · Stihl MS 240/260;carburacion;Carburación;mangueras-de-combustible;Mangueras de combustible;;;2921019.jpg;no
2921021;Mangueras;Manguera De Aceite REPL · Stihl MS 380/381;carburacion;Carburación;mangueras-de-combustible;Mangueras de combustible;;;2921021.jpg;no
2921023;MANGUERA DE ACEITE;MANGUERA DE ACEITE;carburacion;Carburación;mangueras-de-combustible;Mangueras de combustible;;;2921023.jpg;no
2921026;Mangueras;Manguera De Aceite REPL · Husqvarna 335/350;carburacion;Carburación;mangueras-de-combustible;Mangueras de combustible;;;2921026.jpg;no
2921028;Mangueras;Manguera De Aceite REPL · Husqvarna 435/445/445E;carburacion;Carburación;mangueras-de-combustible;Mangueras de combustible;;;2921028.jpg;no
2921031;Manguera de combustible negra 4 mm…;Manguera de combustible negra 4 mm…;carburacion;Carburación;mangueras-de-combustible;Mangueras de combustible;;4 mm;;no
2921032;Manguera de combustible negra 6 mm…;Manguera de combustible negra 6 mm…;carburacion;Carburación;mangueras-de-combustible;Mangueras de combustible;;6 mm;;no
2921040;Mangueras;Manguera Hidrocarburos · Diam. 2.00 mm (15mts);carburacion;Carburación;mangueras-de-combustible;Mangueras de combustible;;;2921040.jpg;no
2921041;Mangueras;Manguera Hidrocarburos · Diam. 2.25 mm (15mts);carburacion;Carburación;mangueras-de-combustible;Mangueras de combustible;;;2921041.jpg;no
2921042;Mangueras;Manguera Hidrocarburos · Diam. 2.75 mm (15mts);carburacion;Carburación;mangueras-de-combustible;Mangueras de combustible;;;2921042.jpg;no
2921043;Mangueras;Manguera Hidrocarburos · Diam. 3,25 mm (15mts);carburacion;Carburación;mangueras-de-combustible;Mangueras de combustible;;;2921043.jpg;no
2921044;Mangueras;Manguera Hidrocarburos · Diam. 4,50 mm (5mts);carburacion;Carburación;mangueras-de-combustible;Mangueras de combustible;;;2921044.jpg;no
2921045;MANGUERA DE;MANGUERA DE;carburacion;Carburación;mangueras-de-combustible;Mangueras de combustible;;;2921045.jpg;no
2101001;Walbro 9 x 2,8mm Walbro 9 x 2,8 mm;Walbro 9 x 2,8mm Walbro 9 x 2,8 mm;carburacion;Carburación;punzuares-de-carburador;Punzuares de carburador;Walbro;2,8mm | 2,8 mm;2101001.jpg;no
2101002;Zama 16,5 x 3,5mm Zama 16,5 x 3,5 mm 4 TIEMPOS;Zama 16,5 x 3,5mm Zama 16,5 x 3,5 mm 4 TIEMPOS;carburacion;Carburación;punzuares-de-carburador;Punzuares de carburador;Zama;3,5mm | 3,5 mm;2101002.jpg;no
4301551;Briggs & Stratton 394681 Briggs & Stratton 394681 18 hp vertical horizon;Briggs & Stratton 394681 Briggs & Stratton 394681 18 hp vertical horizontal 18 HP Vertical Horizontal;carburacion;Carburación;punzuares-de-carburador;Punzuares de carburador;Briggs & Stratton;;4301551.jpg;no
4301552;Briggs & Stratton 715075 Briggs & Stratton 715075 4,5/5,5/6 hp 4,5/5,5/6;Briggs & Stratton 715075 Briggs & Stratton 715075 4,5/5,5/6 hp 4,5/5,5/6 HP;carburacion;Carburación;punzuares-de-carburador;Punzuares de carburador;Briggs & Stratton;;4301552.jpg;no
4301553;Briggs & Stratton 715155 Briggs & Stratton 715155 18 hp horizontal 18 HP;Briggs & Stratton 715155 Briggs & Stratton 715155 18 hp horizontal 18 HP Horizontal;carburacion;Carburación;punzuares-de-carburador;Punzuares de carburador;Briggs & Stratton;;4301553.jpg;no
4301554;Briggs & Stratton 398188 Briggs & Stratton 398188 3,5/5/6 hp 3,5/5/6 HP;Briggs & Stratton 398188 Briggs & Stratton 398188 3,5/5/6 hp 3,5/5/6 HP;carburacion;Carburación;punzuares-de-carburador;Punzuares de carburador;Briggs & Stratton;;4301554.jpg;no
4301555;Briggs & Stratton 398188 Briggs & Stratton 398188 8/12 hp vertical 8/12;Briggs & Stratton 398188 Briggs & Stratton 398188 8/12 hp vertical 8/12 HP Vertical;carburacion;Carburación;punzuares-de-carburador;Punzuares de carburador;Briggs & Stratton;;4301555.jpg;no
4301556;Honda 16011-ZA0-931 GX340/390 (20,3 x 4,2 mm);Honda 16011-ZA0-931 GX340/390 (20,3 x 4,2 mm);carburacion;Carburación;punzuares-de-carburador;Punzuares de carburador;Honda;4,2 mm;4301556.jpg;no
4301557;Honda 16011-ZEO-005 G100/150/200 (12 x 3,5 mm);Honda 16011-ZEO-005 G100/150/200 (12 x 3,5 mm);carburacion;Carburación;punzuares-de-carburador;Punzuares de carburador;Honda;3,5 mm;4301557.jpg;no
4301558;CODIGO 43001559 CODIGO;Honda 5,5/6hp GX110/120;carburacion;Carburación;punzuares-de-carburador;Punzuares de carburador;Honda;;4301558.jpg;no
4301560;Honda Motores Chinos 13/15hp horizontal ET950/TG950 11,5 x 3 mm;Honda Motores Chinos 13/15hp horizontal ET950/TG950 11,5 x 3 mm;carburacion;Carburación;punzuares-de-carburador;Punzuares de carburador;Honda;3 mm;;no
4301561;S018021 Honda GCV160;S018021 Honda GCV160;carburacion;Carburación;punzuares-de-carburador;Punzuares de carburador;Honda;;4301561.jpg;no
4301562;Briggs & Stratton 594581;Briggs & Stratton 594581;carburacion;Carburación;punzuares-de-carburador;Punzuares de carburador;Briggs & Stratton;;;no
2101003;Valvula Check Walbro WYJ;Valvula Check Walbro WYJ;carburacion;Carburación;valvulas;Válvulas;;;2101003.jpg;no
2101004;Valvula Venteo Echo 131300 56430;Valvula Venteo Echo 131300 56430;carburacion;Carburación;valvulas;Válvulas;;;2101004.jpg;no
2101005;Difusor bronce Walbro;Difusor bronce Walbro;carburacion;Carburación;valvulas;Válvulas;;;2101005.jpg;no
2201007;Valvula Venteo;Valvula Venteo REPL- MS360 MS380 MS460;carburacion;Carburación;valvulas;Válvulas;;;2201007.jpg;no
2201008;Valvula Venteo T Aceite;Valvula Venteo T Aceite Repl MS 210 250 360;carburacion;Carburación;valvulas;Válvulas;;;2201008.jpg;no
2201009;Valvula Descompresion;Valvula Descompresion Repl Ms 360 381 Fs 450;carburacion;Carburación;valvulas;Válvulas;;;2201009.jpg;no
2201010;Valvula Descompresion;Valvula Descompresion Repl TS 420 700 DE COMBUSTIBLE;carburacion;Carburación;valvulas;Válvulas;;;2201010.jpg;no
2201011;Valvula Descompresion;Valvula Descompresion Repl Hus 55 365 372;carburacion;Carburación;valvulas;Válvulas;;;2201011.jpg;no
2906001;Filtro de combustible;Universal baja cilindrada · ZF1;carburacion;Carburación;valvulas;Válvulas;;;https://gceymxcsmyxlzlpuzzzp.supabase.co/storage/v1/object/public/media/foto/2906001-1788967252452.webp;no
2906003;Universal alta cilindrada BO Diam. 4,6 mm;Universal alta cilindrada BO Diam. 4,6 mm;carburacion;Carburación;valvulas;Válvulas;;;2906003.jpg;no
2906004;Universal alta cilindrada 5 Diam. 6,5 mm;Universal alta cilindrada 5 Diam. 6,5 mm;carburacion;Carburación;valvulas;Válvulas;;;2906004.jpg;no
2906006;Tipo Husqvarna porcelana Diam. 4,6 mm;Tipo Husqvarna porcelana Diam. 4,6 mm;carburacion;Carburación;valvulas;Válvulas;;;2906006.jpg;no
2906007;Tipo Husqvarna porcelana Diam. 6 mM;Tipo Husqvarna porcelana Diam. 6 mM;carburacion;Carburación;valvulas;Válvulas;;;2906007.jpg;no
2906008;Filtro de combustible;Tipo Stihl (FS/BG/HS) · Diam. 5 mm;carburacion;Carburación;valvulas;Válvulas;;;2906008.jpg;no
2906009;Tipo Stihl FS/BG/HS Diam. 8 mm;Tipo Stihl FS/BG/HS Diam. 8 mm;carburacion;Carburación;valvulas;Válvulas;;;2906009.jpg;no
2906010;Walbro 125 127, Diam. 5,6X15 Echo/HQV/Shindaiwa;Walbro 125 127, Diam. 5,6X15 Echo/HQV/Shindaiwa;carburacion;Carburación;valvulas;Válvulas;;;;no
2906011;Walbro 125 528, Diam. 5,3X18 Echo/HQV/Shindaiwa;Walbro 125 528, Diam. 5,3X18 Echo/HQV/Shindaiwa;carburacion;Carburación;valvulas;Válvulas;;;;no
2906012;Walbro 125 552, Diam. 5,2X15 Honda GX 35;Walbro 125 552, Diam. 5,2X15 Honda GX 35;carburacion;Carburación;valvulas;Válvulas;;;;no
2102896;Manómetro detector de pérdidas;Manómetro detector de pérdidas para…;desmalezadoras;Desmalezadoras;accesorios-herramientas;Accesorios / Herramientas;;;2102896.png;no
2102977;];PENDIENTE — Sin datos disponibles. Consultar…;desmalezadoras;Desmalezadoras;accesorios-herramientas;Accesorios / Herramientas;;;2102977.jpg;no
2120020;Llave T 13mm-19mm;Llave T 13mm-19mm;desmalezadoras;Desmalezadoras;accesorios-herramientas;Accesorios / Herramientas;;13mm | 19mm;2120020.png;no
2120021;Llave T 17mm-19mm;Llave T 17mm-19mm;desmalezadoras;Desmalezadoras;accesorios-herramientas;Accesorios / Herramientas;;17mm | 19mm;2120021.png;no
2105021;Aros de Piston Chinas 33cc 36mm;Aros de Piston Chinas 33cc 36mm;desmalezadoras;Desmalezadoras;aros;Aros;;;2105021.jpg;no
2105022;Aros de Piston Chinas 43cc 40mm;Aros de Piston Chinas 43cc 40mm;desmalezadoras;Desmalezadoras;aros;Aros;;;2105022.jpg;no
2105023;Aros de Piston Chinas 52cc 44mm;Aros de Piston Chinas 52cc 44mm;desmalezadoras;Desmalezadoras;aros;Aros;;;2105023.jpg;no
2105026;Aros De Pistón;Aros De Pistón Repl St- FS160 35mm;desmalezadoras;Desmalezadoras;aros;Aros;Stihl;35mm;2105026.jpg;no
2105027;Aros De Pistón;Aros De Pistón Repl St- FS220 38mm;desmalezadoras;Desmalezadoras;aros;Aros;Stihl;38mm;2105027.jpg;no
2105028;Aros De Pistón;Aros De Pistón Repl St- FS280 40mm;desmalezadoras;Desmalezadoras;aros;Aros;Stihl;40mm;2105028.jpg;no
2105029;Aros De Pistón;Aros De Pistón Repl St- FS450 42mm;desmalezadoras;Desmalezadoras;aros;Aros;Stihl;42mm;2105029.jpg;no
2105030;Aros De Pistón;Aros De Pistón;desmalezadoras;Desmalezadoras;aros;Aros;Husqvarna;;2105030.jpg;no
2105031;Kit Cilindro Y Pistón Kit De Piston Y Aros Aros De Pistón;Kit Cilindro Y Pistón Kit De Piston Y Aros Aros De Pistón Repl Hus-143R Repl Hus-143R Repl Hus-143R;desmalezadoras;Desmalezadoras;aros;Aros;Husqvarna;;2105031.jpg;no
2205019;Aros de Piston Chinas 3800 39mm;Aros de Piston Chinas 3800 39mm;desmalezadoras;Desmalezadoras;aros;Aros;;;2205019.jpg;no
2124222;Bobina Ignicion Chinas 52cc;Bobina Ignicion Chinas 52cc;desmalezadoras;Desmalezadoras;bobina-de-ignicion;Bobina de ignición;;;2124222.jpg;no
2124230;Volante Magnético Bobina De Ignición;Volante Magnético Bobina De Ignición Repl St- FS38/55 Repl St- FS38/55;desmalezadoras;Desmalezadoras;bobina-de-ignicion;Bobina de ignición;Stihl;;2124230.jpg;no
2124231;Bobina de Ignicion ST-FS120/200;Bobina de Ignicion ST-FS120/200;desmalezadoras;Desmalezadoras;bobina-de-ignicion;Bobina de ignición;Stihl;;2124231.jpg;no
2124232;Boobina De Ignición;Boobina De Ignición Repl St- FS160/220/280;desmalezadoras;Desmalezadoras;bobina-de-ignicion;Bobina de ignición;Stihl;;2124232.jpg;no
2124233;Bobina Ignición;Bobina Ignición Repl St- FS450;desmalezadoras;Desmalezadoras;bobina-de-ignicion;Bobina de ignición;Stihl;;2124233.jpg;no
2124235;Bobina de encendido Stihl FS85;Bobina de encendido Stihl FS85;desmalezadoras;Desmalezadoras;bobina-de-ignicion;Bobina de ignición;Stihl;;2124235.png;no
2124236;Bobina de encendido Stihl FS161/221/291;Bobina de encendido Stihl FS161/221/291;desmalezadoras;Desmalezadoras;bobina-de-ignicion;Bobina de ignición;Stihl;;2124236.png;no
2124240;Bobina de Ignicion ECHO SRM4605;Bobina de Ignicion ECHO SRM4605;desmalezadoras;Desmalezadoras;bobina-de-ignicion;Bobina de ignición;Echo;;2124240.jpg;no
2124245;Bobina de encendido TLE43 Kasei BC46 BC430;Bobina de encendido TLE43 Kasei BC46 BC430;desmalezadoras;Desmalezadoras;bobina-de-ignicion;Bobina de ignición;;;2124245.png;no
2124246;Bobina de encendido Oleo Mac SPARTA42/44;Bobina de encendido Oleo Mac SPARTA42/44;desmalezadoras;Desmalezadoras;bobina-de-ignicion;Bobina de ignición;Oleo Mac;;2124246.png;no
2124247;Bobina de encendido Oleo Mac 753/746/750/453 CAMPANA DE EMBRAGUE;Bobina de encendido Oleo Mac 753/746/750/453 CAMPANA DE EMBRAGUE;desmalezadoras;Desmalezadoras;bobina-de-ignicion;Bobina de ignición;Oleo Mac;;2124247.png;no
2124248;Bobina de encendido Shindaiwa Shindawa- C230;Bobina de encendido Shindaiwa Shindawa- C230;desmalezadoras;Desmalezadoras;bobina-de-ignicion;Bobina de ignición;Shindaiwa;;2124248.png;no
2124249;Bobina De Ignición;Bobina De Ignición Repl Hus-143R;desmalezadoras;Desmalezadoras;bobina-de-ignicion;Bobina de ignición;Husqvarna;;2124249.jpg;no
2219083;Engranaje sinfín Oleo Mac 936/937 3/8-6;Engranaje sinfín Oleo Mac 936/937 3/8-6;desmalezadoras;Desmalezadoras;bomba-de-aceite;Bomba de aceite;Oleo Mac | Stihl;;2219083.png;no
4919500;Grasa De Caja De Engranajes 50gr;Grasa De Caja De Engranajes 50gr;desmalezadoras;Desmalezadoras;bomba-de-aceite;Bomba de aceite;Stihl;;4919500.jpg;no
2116560;Tanza Redonda 2.4mm Blister 15mts Aprox.;Tanza Redonda 2.4mm Blister 15mts Aprox.;desmalezadoras;Desmalezadoras;cabezales-de-tanza;Cabezales de tanza;;2.4mm;2116560.jpg;no
2116561;Tanza Redonda 2mm Blister 450grs 120mts Aprox.;Tanza Redonda 2mm Blister 450grs 120mts Aprox.;desmalezadoras;Desmalezadoras;cabezales-de-tanza;Cabezales de tanza;;2mm;2116561.jpg;no
2116562;Tanza Redonda 2.4mm Blister 450grs 85mts Aprox.;Tanza Redonda 2.4mm Blister 450grs 85mts Aprox.;desmalezadoras;Desmalezadoras;cabezales-de-tanza;Cabezales de tanza;;2.4mm;2116562.jpg;no
2116563;Tanza Redonda 3mm Blister 450grs 60mts Aprox.;Tanza Redonda 3mm Blister 450grs 60mts Aprox.;desmalezadoras;Desmalezadoras;cabezales-de-tanza;Cabezales de tanza;;3mm;2116563.jpg;no
2116564;Tanza Cuadrada 2.4mm Blister 450grs 85mts Aprox.;Tanza Cuadrada 2.4mm Blister 450grs 85mts Aprox.;desmalezadoras;Desmalezadoras;cabezales-de-tanza;Cabezales de tanza;;2.4mm;2116564.jpg;no
2116565;Tanza Trenzada 3mm Tanza Cuadrada 2.4mm Tanza Redonda 2.4mm Tanza Cuadra;Tanza Trenzada 3mm Tanza Cuadrada 2.4mm Tanza Redonda 2.4mm Tanza Cuadrada 3mm Blister 450grs 60mts 1.35kg 255mts Aprox. 1.35kg 255mts Aprox. Blister 450grs 60mts Aprox. Aprox.;desmalezadoras;Desmalezadoras;cabezales-de-tanza;Cabezales de tanza;;3mm | 2.4mm;2116565.jpg;no
2116566;Tanza trenzada 2.4mm Blister 450grs 85mts Aprox.;Tanza trenzada 2.4mm Blister 450grs 85mts Aprox.;desmalezadoras;Desmalezadoras;cabezales-de-tanza;Cabezales de tanza;;2.4mm;2116566.jpg;no
2116567;Tanza Trenzada 3mm Blister 450grs 60mts Aprox.;Tanza Trenzada 3mm Blister 450grs 60mts Aprox.;desmalezadoras;Desmalezadoras;cabezales-de-tanza;Cabezales de tanza;;;2116567.jpg;no
2116593;Tanza Cuadrada 2.4mm 1.35kg 255mts Aprox.;Tanza Cuadrada 2.4mm 1.35kg 255mts Aprox.;desmalezadoras;Desmalezadoras;cabezales-de-tanza;Cabezales de tanza;;;2116593.jpg;no
2116594;Tanza Redonda 2.4mm 1.35kg 255mts Aprox.;Tanza Redonda 2.4mm 1.35kg 255mts Aprox.;desmalezadoras;Desmalezadoras;cabezales-de-tanza;Cabezales de tanza;;;2116594.jpg;no
2117530;Chinas 33/34/40/43/52 10x1.25 FLH;Chinas 33/34/40/43/52 10x1.25 FLH;desmalezadoras;Desmalezadoras;cabezales-de-tanza;Cabezales de tanza;;;2117530.jpg;no
2117540;Chinas 33/34/40/43/52 Echo SRM Series 10x1.25 FLH;Chinas 33/34/40/43/52 Echo SRM Series 10x1.25 FLH;desmalezadoras;Desmalezadoras;cabezales-de-tanza;Cabezales de tanza;Echo;;2117540.jpg;no
2117545;Stihl FS 160/220/280/450 12X1.5 FLH;Stihl FS 160/220/280/450 12X1.5 FLH;desmalezadoras;Desmalezadoras;cabezales-de-tanza;Cabezales de tanza;Stihl;;2117545.jpg;no
2117548;Oleo Mac 740/745/755 Paso 8X1.25 MLH;Oleo Mac 740/745/755 Paso 8X1.25 MLH;desmalezadoras;Desmalezadoras;cabezales-de-tanza;Cabezales de tanza;Oleo Mac;Paso 8;2117548.jpg;no
2117550;Stihl FS 86/106/44/55 Paso 10X1 FLH;Stihl FS 86/106/44/55 Paso 10X1 FLH;desmalezadoras;Desmalezadoras;cabezales-de-tanza;Cabezales de tanza;Stihl;Paso 10;2117550.jpg;no
2117554;Stihl FS 160/220/280 360/450 Paso 12x1.5 FLH;Stihl FS 160/220/280 360/450 Paso 12x1.5 FLH;desmalezadoras;Desmalezadoras;cabezales-de-tanza;Cabezales de tanza;Stihl;Paso 12;2117554.jpg;no
2117556;Husqv. 132/142R/236R 265R/345R Echo 5810 Paso 10x1.75 FLH;Husqv. 132/142R/236R 265R/345R Echo 5810 Paso 10x1.75 FLH;desmalezadoras;Desmalezadoras;cabezales-de-tanza;Cabezales de tanza;Echo | Husqvarna;Paso 10;2117556.jpg;no
2117558;Shindaiwa C35/C350/B530 B450/B45LA Paso 10x1.25 MLH;Shindaiwa C35/C350/B530 B450/B45LA Paso 10x1.25 MLH;desmalezadoras;Desmalezadoras;cabezales-de-tanza;Cabezales de tanza;;;2117558.jpg;no
2117563;Cuchillas Desmalezadora;Cuchillas Desmalezadora Repl St 11,8”;desmalezadoras;Desmalezadoras;cabezales-de-tanza;Cabezales de tanza;Stihl;;2117563.jpg;no
2117568;Stihl FS 500/550 Estrella 5P Paso 14X1.50 FLH;Stihl FS 500/550 Estrella 5P Paso 14X1.50 FLH;desmalezadoras;Desmalezadoras;cabezales-de-tanza;Cabezales de tanza;;;2117568.jpg;no
2117570;Cabezal Porta Tanza;Cabezal Porta Tanza Repl ST FS38 C6-2 OEM 4006 7102126;desmalezadoras;Desmalezadoras;cabezales-de-tanza;Cabezales de tanza;Stihl;;2117570.jpg;no
2117571;Part. Aut.;Part. Aut. Repl ST FS FS38 C6-2 OEM 40067104003;desmalezadoras;Desmalezadoras;cabezales-de-tanza;Cabezales de tanza;Stihl;;2117571.jpg;no
2117572;Ojal;Ojal Repl ST FS38 C6-2 OEM;desmalezadoras;Desmalezadoras;cabezales-de-tanza;Cabezales de tanza;Stihl;;2117572.jpg;no
2117573;Resorte;Resorte Repl ST FS38 C6-2 OEM;desmalezadoras;Desmalezadoras;cabezales-de-tanza;Cabezales de tanza;Stihl;;2117573.jpg;no
2117574;Repl Honda UMK425E/UMK435E TANZA;Repl Honda UMK425E/UMK435E TANZA;desmalezadoras;Desmalezadoras;cabezales-de-tanza;Cabezales de tanza;Honda;;2117574.jpg;no
2117575;Ojalillo Presentación 20u.;Ojalillo Presentación 20u.;desmalezadoras;Desmalezadoras;cabezales-de-tanza;Cabezales de tanza;;;2117575.jpg;no
2117576;Shindaiwa C35/C350/B530 Stihl FS 500/550 Ojalillo Tuerca Cierre B450/B45;Shindaiwa C35/C350/B530 Stihl FS 500/550 Ojalillo Tuerca Cierre B450/B45LA Estrella 5P Presentación 20u. Presentación 10u. Paso 10x1.25 MLH Paso 14X1.50;desmalezadoras;Desmalezadoras;cabezales-de-tanza;Cabezales de tanza;Stihl | Shindaiwa;Paso 10 | Paso 14;2117576.jpg;no
2117577;Resorte Presentación 10u.;Resorte Presentación 10u.;desmalezadoras;Desmalezadoras;cabezales-de-tanza;Cabezales de tanza;;;2117577.jpg;no
2117585;Repl ST FS450/45280 OEM 46-2;Repl ST FS450/45280 OEM 46-2;desmalezadoras;Desmalezadoras;cabezales-de-tanza;Cabezales de tanza;Stihl;;2117585.jpg;no
2117586;Part. Aut.;Part. Aut. Repl ST FS FS450 46-2;desmalezadoras;Desmalezadoras;cabezales-de-tanza;Cabezales de tanza;Stihl;;2117586.jpg;no
2117587;Ojal;Ojal Repl ST FS450 46-2;desmalezadoras;Desmalezadoras;cabezales-de-tanza;Cabezales de tanza;Stihl;;2117587.jpg;no
2117588;Resorte De Cabezal;Resorte De Cabezal Repl FS450/FS460 Desbrozadora 46-2;desmalezadoras;Desmalezadoras;cabezales-de-tanza;Cabezales de tanza;;;2117588.jpg;no
2117590;Repl Stihl Fs 55/56/70 94/91/111/13;Repl Stihl Fs 55/56/70 94/91/111/13;desmalezadoras;Desmalezadoras;cabezales-de-tanza;Cabezales de tanza;Stihl;;2117590.jpg;no
2117591;Part. Aut.;Part. Aut. Repl ST FS FS55 C26-2;desmalezadoras;Desmalezadoras;cabezales-de-tanza;Cabezales de tanza;Stihl;;2117591.jpg;no
2117592;Ojal;Ojal Repl ST FS55 C26-2;desmalezadoras;Desmalezadoras;cabezales-de-tanza;Cabezales de tanza;Stihl;;2117592.jpg;no
2117593;Resorte De Cabezal;Resorte De Cabezal Repl FS55;desmalezadoras;Desmalezadoras;cabezales-de-tanza;Cabezales de tanza;;;2117593.jpg;no
2117595;Stihl Trimcut 42-2;Stihl Trimcut 42-2 Repl Fs 160/220/280 OEM;desmalezadoras;Desmalezadoras;cabezales-de-tanza;Cabezales de tanza;Stihl;;2117595.jpg;no
2125151;Cable Acelerador Tl33 43 52;Cable Acelerador Tl33 43 52;desmalezadoras;Desmalezadoras;cables;Cables;;;2125151.jpg;no
2125152;Cables — C Ables Acelerador;Cable Acelerador · Echo SRM-4605 · Modelo Nuevo;desmalezadoras;Desmalezadoras;cables;Cables;;;2125152.jpg;no
2125153;Cables — C Ables Acelerador;Cable Acelerador · Echo SRM-4300;desmalezadoras;Desmalezadoras;cables;Cables;;;2125153.jpg;no
2125154;Cable Acelerador;Cable Acelerador Repl St- FS38/55;desmalezadoras;Desmalezadoras;cables;Cables;Stihl;;2125154.jpg;no
2125156;Cable Acelerador Completo;Cable Acelerador Completo Repl St- FS160/220/280;desmalezadoras;Desmalezadoras;cables;Cables;Stihl;;2125156.jpg;no
2125157;Cable Acelerador Completo;Cable Acelerador Completo Repl St- FS450;desmalezadoras;Desmalezadoras;cables;Cables;Stihl;;2125157.jpg;no
2125158;CAJAS DE ENGRANAJES;CAJAS DE ENGRANAJES;desmalezadoras;Desmalezadoras;cables;Cables;;;2125158.jpg;no
2125159;ST-FS80/85;ST-FS80/85;desmalezadoras;Desmalezadoras;cables;Cables;Stihl;;2125159.png;no
2125161;Varilla de acelerador (cable) Husqvarna 365/372;Varilla de acelerador (cable) Husqvarna 365/372;desmalezadoras;Desmalezadoras;cables;Cables;Husqvarna | Stihl;;2125161.png;no
2125162;Cable Acelerador;Cable Acelerador Repl Hus-143R;desmalezadoras;Desmalezadoras;cables;Cables;Husqvarna;;2125162.jpg;no
2125163;Juego de cable de acelerador 4203… Stihl FS55;Juego de cable de acelerador 4203… Stihl FS55;desmalezadoras;Desmalezadoras;cables;Cables;Stihl;;2125163.png;no
2125165;Juego de cable de acelerador Stihl FS120/200/250;Juego de cable de acelerador Stihl FS120/200/250;desmalezadoras;Desmalezadoras;cables;Cables;Stihl;;2125165.png;no
2125166;Juego de cable de acelerador Stihl FS160/220/280;Juego de cable de acelerador Stihl FS160/220/280;desmalezadoras;Desmalezadoras;cables;Cables;Stihl;;2125166.png;no
2125167;Comando Acelerador Sin Caño;Comando Acelerador Sin Caño Repl St- FS450;desmalezadoras;Desmalezadoras;cables;Cables;Stihl;;2125167.jpg;no
2125168;Juego de cable de acelerador Stihl FS400/450/480;Juego de cable de acelerador Stihl FS400/450/480;desmalezadoras;Desmalezadoras;cables;Cables;Stihl;;2125168.png;no
2125169;Caja Engranajes Cable Acelerador Solo Grasa De Caja Engranajes;Caja Engranajes Cable Acelerador Solo Grasa De Caja Engranajes Repl St- FS450 Repl St- FS450 50gr;desmalezadoras;Desmalezadoras;cables;Cables;Stihl;;2125169.jpg;no
2125170;Juego de cable de acelerador;Juego de cable de acelerador;desmalezadoras;Desmalezadoras;cables;Cables;Stihl;;2125170.png;no
2125171;Cable Acelerador;Cable Acelerador Repl St- FS160/220/280 / 220 / 280;desmalezadoras;Desmalezadoras;cables;Cables;Stihl;;2125171.jpg;no
3201672;Eje de reemplazo 91922 (compatible…;Eje de reemplazo 91922 (compatible…;desmalezadoras;Desmalezadoras;cables-acelerador;Cables acelerador;;;;no
2113020;Kit Par Cónico Caja de engranajes;Kit Par Cónico Caja de engranajes;desmalezadoras;Desmalezadoras;caja-de-engranaje;Caja de engranaje;;;2113020.jpg;no
2113021;Kit Par Cónico Caja de engranajes 9 Estrias;Kit Par Cónico Caja de engranajes 9 Estrias;desmalezadoras;Desmalezadoras;caja-de-engranaje;Caja de engranaje;;;2113021.jpg;no
2113024;Caja Engranajes 26mm Centro Cuadrado;Caja Engranajes 26mm Centro Cuadrado;desmalezadoras;Desmalezadoras;caja-de-engranaje;Caja de engranaje;;26mm;2113024.jpg;no
2113025;Caja Engranajes 7 Estrias 26MM;Caja Engranajes 7 Estrias 26MM;desmalezadoras;Desmalezadoras;caja-de-engranaje;Caja de engranaje;;26MM;2113025.jpg;no
2113026;Caja Engranajes 9 Estrias 26MM;Caja Engranajes 9 Estrias 26MM;desmalezadoras;Desmalezadoras;caja-de-engranaje;Caja de engranaje;;26MM;2113026.jpg;no
2113027;Caja Engranajes 7 Estrias 28MM;Caja Engranajes 7 Estrias 28MM;desmalezadoras;Desmalezadoras;caja-de-engranaje;Caja de engranaje;;28MM;2113027.jpg;no
2113028;Caja Engranajes 9 Estrias 28MM;Caja Engranajes 9 Estrias 28MM;desmalezadoras;Desmalezadoras;caja-de-engranaje;Caja de engranaje;;28MM;2113028.jpg;no
2113029;Caja de Engranaje FS 120-200-250;Caja de Engranaje FS 120-200-250;desmalezadoras;Desmalezadoras;caja-de-engranaje;Caja de engranaje;;;2113029.jpg;no
2113030;Caja De Engranajes;Caja De Engranajes Repl St- FS160/220/280;desmalezadoras;Desmalezadoras;caja-de-engranaje;Caja de engranaje;Stihl;;2113030.jpg;no
2113031;Caja de Engranaje FS 235;Caja de Engranaje FS 235;desmalezadoras;Desmalezadoras;caja-de-engranaje;Caja de engranaje;;;2113031.jpg;no
2113032;Caja De Engranajes;Caja De Engranajes Repl St- FS55;desmalezadoras;Desmalezadoras;caja-de-engranaje;Caja de engranaje;Stihl;;2113032.jpg;no
2113033;Caja De Engranajes;Caja De Engranajes Repl St;desmalezadoras;Desmalezadoras;caja-de-engranaje;Caja de engranaje;Stihl;;2113033.jpg;no
2113034;Caja de Engranaje ST-FS 450/480;Caja de Engranaje ST-FS 450/480;desmalezadoras;Desmalezadoras;caja-de-engranaje;Caja de engranaje;Stihl;;2113034.jpg;no
2113035;Manillar Agarre Izquierdo Cardan Cañonera Con Cardan Protector De Cabeza;Manillar Agarre Izquierdo Cardan Cañonera Con Cardan Protector De Cabezal Caja De Engranaje Repl Husq 143R Repl Husq 143R Repl Husq 143R Repl Hus-143R Repl Hus-143R;desmalezadoras;Desmalezadoras;caja-de-engranaje;Caja de engranaje;Husqvarna;;2113035.jpg;no
2113036;Caja de Engranaje ECHO SRM 4605 CHINAS 38CC;Caja de Engranaje ECHO SRM 4605 CHINAS 38CC;desmalezadoras;Desmalezadoras;caja-de-engranaje;Caja de engranaje;Echo;38CC;2113036.jpg;no
2113045;Tuerca;Tuerca Para Cuchilla Repl St- FS160/220/450;desmalezadoras;Desmalezadoras;caja-de-engranaje;Caja de engranaje;Stihl;;2113045.jpg;no
2113048;Tuerca;Tuerca Repl St- FS160/220/450;desmalezadoras;Desmalezadoras;caja-de-engranaje;Caja de engranaje;Stihl;;2113048.jpg;no
2113049;Taza Copa;Taza Copa Repl St- FS160/220/280;desmalezadoras;Desmalezadoras;caja-de-engranaje;Caja de engranaje;Stihl;;2113049.jpg;no
2113050;Rulemán 6001;Rulemán 6001 Repl St- FS160/220/450;desmalezadoras;Desmalezadoras;caja-de-engranaje;Caja de engranaje;Stihl;;2113050.jpg;no
2113051;Rulemán 6001-Z;Rulemán 6001-Z Repl St- FS160/220/450;desmalezadoras;Desmalezadoras;caja-de-engranaje;Caja de engranaje;Stihl;;2113051.jpg;no
2113052;Kit Piñ{on Caja Eng;Kit Piñ{on Caja Eng Repl St- FS160/220/280;desmalezadoras;Desmalezadoras;caja-de-engranaje;Caja de engranaje;Stihl;;2113052.jpg;no
2113053;Ruleman 6000 OEM;Ruleman 6000 OEM Repl St- FS160/220/450;desmalezadoras;Desmalezadoras;caja-de-engranaje;Caja de engranaje;Stihl;;2113053.jpg;no
2113054;Ruleman 6202-2RS;Ruleman 6202-2RS Repl St- FS160/220/450 Repl St- FS160/220/280;desmalezadoras;Desmalezadoras;caja-de-engranaje;Caja de engranaje;Stihl;;2113054.jpg;no
2113055;Puntera De Cabezal;Puntera De Cabezal Repl St- FS38;desmalezadoras;Desmalezadoras;caja-de-engranaje;Caja de engranaje;Stihl;;2113055.jpg;no
2113056;Kit Arandelas Caja De Engranaje;Kit Arandelas Caja De Engranaje Repl St- /250 (4pcs);desmalezadoras;Desmalezadoras;caja-de-engranaje;Caja de engranaje;Stihl;;2113056.jpg;no
2113057;Tuerca De Caja De Engranaje M10X1.0;Tuerca De Caja De Engranaje M10X1.0 Repl St- /250;desmalezadoras;Desmalezadoras;caja-de-engranaje;Caja de engranaje;Stihl;;2113057.jpg;no
2113060;Repuesto de caja de engranajes Echo ECHO-SRM4606;Repuesto de caja de engranajes Echo ECHO-SRM4606;desmalezadoras;Desmalezadoras;caja-de-engranaje;Caja de engranaje;Echo;;2113060.jpg;no
2113061;Kit de reparación, caja de… EC-SRM4605(4pcs);Kit de reparación, caja de… EC-SRM4605(4pcs);desmalezadoras;Desmalezadoras;caja-de-engranaje;Caja de engranaje;Stihl;;2113061.png;no
2113062;Caja de engranajes Husqvarna 125/128R EJES DE TRANSMISIÓN (NUEVA SUBSECC;Caja de engranajes Husqvarna 125/128R EJES DE TRANSMISIÓN (NUEVA SUBSECCIÓN);desmalezadoras;Desmalezadoras;caja-de-engranaje;Caja de engranaje;Husqvarna;;2113062.jpg;no
2113063;Caja de engranajes Oleo Mac 746/750/753/755;Caja de engranajes Oleo Mac 746/750/753/755;desmalezadoras;Desmalezadoras;caja-de-engranaje;Caja de engranaje;Oleo Mac | Stihl;;2113063.png;no
2113064;Tuerca De Cuchilla;Tuerca De Cuchilla Repl Hus-143R;desmalezadoras;Desmalezadoras;caja-de-engranaje;Caja de engranaje;Husqvarna;;2113064.jpg;no
2113146;Arandela (1) Caja De Engranaje;Arandela (1) Caja De Engranaje Repl St- FS160/220/450;desmalezadoras;Desmalezadoras;caja-de-engranaje;Caja de engranaje;Stihl;;2113146.jpg;no
2113147;Arandela (2) Caja De Engranaje;Arandela (2) Caja De Engranaje Repl St- FS160/220/450;desmalezadoras;Desmalezadoras;caja-de-engranaje;Caja de engranaje;Stihl;;2113147.jpg;no
2112077;Campana Embrague ST-FS160/220/280;Campana Embrague ST-FS160/220/280;desmalezadoras;Desmalezadoras;campana-de-embrague;Campana de embrague;Stihl;;2112077.jpg;no
2112080;Campana Embrague ST FS38/55;Campana Embrague ST FS38/55;desmalezadoras;Desmalezadoras;campana-de-embrague;Campana de embrague;Stihl;;2112080.jpg;no
2112081;Campana Embrague FS120/200/250;Campana Embrague FS120/200/250;desmalezadoras;Desmalezadoras;campana-de-embrague;Campana de embrague;;;2112081.jpg;no
2102128;Tipo Zama Husqvarna;Tipo Zama Husqvarna;desmalezadoras;Desmalezadoras;carburadores;Carburadores;Echo;;2102128.jpg;no
2102143;Carburador;Carburador Repl Hus-143R;desmalezadoras;Desmalezadoras;carburadores;Carburadores;Husqvarna;;2102143.jpg;no
2102223;Tipo Zama Husqvarna 223 Us;Tipo Zama Husqvarna 223 Us;desmalezadoras;Desmalezadoras;carburadores;Carburadores;Echo;;2102223.jpg;no
2102703;Tipo TK Shindaiwa B530 CARBUF;Tipo TK Shindaiwa B530 CARBUF;desmalezadoras;Desmalezadoras;carburadores;Carburadores;Echo;;2102703.jpg;no
2102811;Carburador — Chinas;Tipo Ruixing · Homelite 26cc;desmalezadoras;Desmalezadoras;carburadores;Carburadores;;;2102811.jpg;no
2102812;Carburador — Chinas;Tipo Walbro · Chinas 26cc/33cc/34cc;desmalezadoras;Desmalezadoras;carburadores;Carburadores;;;2102812.jpg;no
2102813;ECHO;ECHO;desmalezadoras;Desmalezadoras;carburadores;Carburadores;Echo;;2102813.jpg;no
2102825;Kit Junta Y Diafragma Carburador;Kit Junta Y Diafragma Carburador Repl St- FS160/220/280;desmalezadoras;Desmalezadoras;carburadores;Carburadores;Stihl;;2102825.jpg;no
2102827;Tipo Zama C1Q K73C Echo SAM 4300 07 21 101 7;Tipo Zama C1Q K73C Echo SAM 4300 07 21 101 7;desmalezadoras;Desmalezadoras;carburadores;Carburadores;Echo;;2102827.jpg;no
2102828;Tipo Walbro Echo SRAM 4605 ADORES 2;Tipo Walbro Echo SRAM 4605 ADORES 2;desmalezadoras;Desmalezadoras;carburadores;Carburadores;Echo;;2102828.jpg;no
2102829;TipoZama Echo SRM 2305 DESMALEZADORAS;TipoZama Echo SRM 2305 DESMALEZADORAS;desmalezadoras;Desmalezadoras;carburadores;Carburadores;Echo;;2102829.jpg;no
2102839;Carburador;Carburador Repl St- FS450 (C1Q-S34) Zama;desmalezadoras;Desmalezadoras;carburadores;Carburadores;Zama | Stihl;;2102839.jpg;no
2102844;Carburador;Carburador Repl St- FS38/55;desmalezadoras;Desmalezadoras;carburadores;Carburadores;Stihl;;2102844.jpg;no
2102855;Carburador;Carburador Repl St- FS450 Zama (Limitador);desmalezadoras;Desmalezadoras;carburadores;Carburadores;Zama | Stihl;;2102855.jpg;no
2102871;HUSQVARNA;HUSQVARNA;desmalezadoras;Desmalezadoras;carburadores;Carburadores;Husqvarna;;2102871.jpg;no
2102873;Echo PB-251 PB-265L PB- 265LN RB-K85;Echo PB-251 PB-265L PB- 265LN RB-K85;desmalezadoras;Desmalezadoras;carburadores;Carburadores;Echo;;https://gceymxcsmyxlzlpuzzzp.supabase.co/storage/v1/object/public/media/foto/2102873-1788968423167.webp;no
2102875;Tipo Zama C1U K52 Echo SRM2100/GT2000;Tipo Zama C1U K52 Echo SRM2100/GT2000;desmalezadoras;Desmalezadoras;carburadores;Carburadores;Echo;;2102875.jpg;no
2102880;Tipo Zama SRM GT 22;Tipo Zama SRM GT 22;desmalezadoras;Desmalezadoras;carburadores;Carburadores;Zama;;2102880.jpg;no
2202835;TpoTK Shindaiwa B450 350 URADORES 4;TpoTK Shindaiwa B450 350 URADORES 4;desmalezadoras;Desmalezadoras;carburadores;Carburadores;Echo;;2202835.jpg;no
2202836;Tio TK Shindaiwa C35 DESMALEZADORAS;Tio TK Shindaiwa C35 DESMALEZADORAS;desmalezadoras;Desmalezadoras;carburadores;Carburadores;Echo;;2202836.jpg;no
2202867;Carburador — Chinas;Tipo Walbro · Husqvarna 125B · 125BX Soplador;desmalezadoras;Desmalezadoras;carburadores;Carburadores;;;2202867.jpg;no
2302840;Carburador — Chinas;Tipo Zama · Stihl BR-320 / 420;desmalezadoras;Desmalezadoras;carburadores;Carburadores;Stihl;;2302840.jpg;no
2302842;Carburador — Chinas;Tipo Zama · Echo TC-210 · Motocultivador 2T;desmalezadoras;Desmalezadoras;carburadores;Carburadores;;;2302842.jpg;no
2302867;Zama c1q-w37 Husqvarna 125B 125BX 125BVX;Zama c1q-w37 Husqvarna 125B 125BX 125BVX;desmalezadoras;Desmalezadoras;carburadores;Carburadores;Husqvarna | Zama;;;no
2502505;Carburador — Chinas;Tipo Zama · Husqvarna 122 Hd60 · Cortacerco;desmalezadoras;Desmalezadoras;carburadores;Carburadores;;;2502505.jpg;no
4102300;Tipo Honda;Tipo Honda;desmalezadoras;Desmalezadoras;carburadores;Carburadores;Echo;;4102300.jpg;no
4102301;Tipo Honda;Tipo Honda;desmalezadoras;Desmalezadoras;carburadores;Carburadores;Echo;;4102301.jpg;no
4102302;Tipo Honda;Tipo Honda;desmalezadoras;Desmalezadoras;carburadores;Carburadores;Echo;;4102302.jpg;no
2122112;Carter completo Chinas 33cc;Carter completo Chinas 33cc;desmalezadoras;Desmalezadoras;ciguenal;Cigüeñal;;;2122112.jpg;no
2122113;Carter completo Chinas 43/52cc;Carter completo Chinas 43/52cc;desmalezadoras;Desmalezadoras;ciguenal;Cigüeñal;;;2122113.jpg;no
2122121;Cigüeñal completo Chinas 33cc;Cigüeñal completo Chinas 33cc;desmalezadoras;Desmalezadoras;ciguenal;Cigüeñal;;;2122121.jpg;no
2122122;Cigüeñal completo Chinas 43/52cc;Cigüeñal completo Chinas 43/52cc;desmalezadoras;Desmalezadoras;ciguenal;Cigüeñal;;;2122122.jpg;no
2122128;Kit Pistón Y Aros Aros De Pistón Cigüeñal;Kit Pistón Y Aros Aros De Pistón Cigüeñal Repl St- FS38/55 34mm Repl St- FS38/55 34mm Repl St- FS38/55;desmalezadoras;Desmalezadoras;ciguenal;Cigüeñal;Husqvarna | Stihl;34mm;2122128.jpg;no
2122129;Cigüeñal Stihl FS85;Cigüeñal Stihl FS85;desmalezadoras;Desmalezadoras;ciguenal;Cigüeñal;Stihl;;2122129.png;no
2122130;Cigüeñal;Cigüeñal Repl St- FS160/220/280;desmalezadoras;Desmalezadoras;ciguenal;Cigüeñal;Stihl;;2122130.jpg;no
2122132;Cigüeñal;Cigüeñal Repl St- FS450;desmalezadoras;Desmalezadoras;ciguenal;Cigüeñal;Stihl;;2122132.jpg;no
2122136;Cigüeñal Stihl FS120/200/250;Cigüeñal Stihl FS120/200/250;desmalezadoras;Desmalezadoras;ciguenal;Cigüeñal;Stihl;;2122136.png;no
2122138;Block;Block Repl St- FS450;desmalezadoras;Desmalezadoras;ciguenal;Cigüeñal;Stihl;;2122138.jpg;no
2122140;Bloque de cárter Stihl FS160/220/280;Bloque de cárter Stihl FS160/220/280;desmalezadoras;Desmalezadoras;ciguenal;Cigüeñal;Stihl;;2122140.png;no
2122141;Cigüeñal Husqvarna 128R;Cigüeñal Husqvarna 128R;desmalezadoras;Desmalezadoras;ciguenal;Cigüeñal;Husqvarna | Stihl;;2122141.png;no
2122143;Cigüeñal;Cigüeñal Repl Hus-143R;desmalezadoras;Desmalezadoras;ciguenal;Cigüeñal;Husqvarna;;2122143.jpg;no
2122148;Block;Block Repl Hus-143R;desmalezadoras;Desmalezadoras;ciguenal;Cigüeñal;Husqvarna;;2122148.jpg;no
2122151;Jaula de agujas piston Je Chinas 33cc;Jaula de agujas piston Je Chinas 33cc;desmalezadoras;Desmalezadoras;ciguenal;Cigüeñal;;;2122151.jpg;no
2122152;Jaula de agujas Cigüeñal Chinas 33cc;Jaula de agujas Cigüeñal Chinas 33cc;desmalezadoras;Desmalezadoras;ciguenal;Cigüeñal;;;2122152.jpg;no
2122153;Jaula de agujas piston 43/52cc;Jaula de agujas piston 43/52cc;desmalezadoras;Desmalezadoras;ciguenal;Cigüeñal;;;2122153.jpg;no
2122154;Jaula de agujas Cigüeñal 43/52cc;Jaula de agujas Cigüeñal 43/52cc;desmalezadoras;Desmalezadoras;ciguenal;Cigüeñal;;;2122154.jpg;no
2122160;Jaula De Pistón;Jaula De Pistón Repl St- FS450;desmalezadoras;Desmalezadoras;ciguenal;Cigüeñal;Stihl;;2122160.jpg;no
2222010;Carter completo Chinas 3800;Carter completo Chinas 3800;desmalezadoras;Desmalezadoras;ciguenal;Cigüeñal;;;2222010.jpg;no
2222012;Cigüeñal completo Chinas 3800;Cigüeñal completo Chinas 3800;desmalezadoras;Desmalezadoras;ciguenal;Cigüeñal;;;2222012.jpg;no
2222014;Jaula de agujas Cigüeñal Chinas 3800;Jaula de agujas Cigüeñal Chinas 3800;desmalezadoras;Desmalezadoras;ciguenal;Cigüeñal;;;;no
2222015;Jaula de agujas piston Chinas 3800;Jaula de agujas piston Chinas 3800;desmalezadoras;Desmalezadoras;ciguenal;Cigüeñal;;;2222015.jpg;no
2222016;Jaula de agujas campana de embrague Chinas 3800;Jaula de agujas campana de embrague Chinas 3800;desmalezadoras;Desmalezadoras;ciguenal;Cigüeñal;;;2222016.jpg;no
2103009;EB 260;EB 260;desmalezadoras;Desmalezadoras;cilindros-completos;Cilindros completos;Husqvarna;;2103009.jpg;no
2103021;Kit de cilindros — Husqvarna;Kit Cilindro y Pistón · Husqvarna 128R;desmalezadoras;Desmalezadoras;cilindros-completos;Cilindros completos;Husqvarna;;2103021.jpg;no
2103022;Kit Cilindro y Pistón Husqvarna 143R;Kit Cilindro y Pistón Husqvarna 143R;desmalezadoras;Desmalezadoras;cilindros-completos;Cilindros completos;Husqvarna;;2103022.jpg;no
2112075;Resorte De Embrague TL33/43/52;Resorte De Embrague TL33/43/52;desmalezadoras;Desmalezadoras;embragues;Embragues;;;2112075.jpg;no
2112076;Resorte De Embrague ST-FS160/220/280;Resorte De Embrague ST-FS160/220/280;desmalezadoras;Desmalezadoras;embragues;Embragues;Stihl;;2112076.jpg;no
2112062;Embrague Chinas 33/43/52cc;Embrague Chinas 33/43/52cc;desmalezadoras;Desmalezadoras;embragues-campanas-resortes;Embragues / Campanas / Resortes;;;2112062.jpg;no
2112064;Resorte Embrague Chinas a 33/43/52cc;Resorte Embrague Chinas a 33/43/52cc;desmalezadoras;Desmalezadoras;embragues-campanas-resortes;Embragues / Campanas / Resortes;;;2112064.jpg;no
2112066;7 Estrias;7 Estrias;desmalezadoras;Desmalezadoras;embragues-campanas-resortes;Embragues / Campanas / Resortes;;;2112066.jpg;no
2112067;Tornillo Embrague Chinas 33/43/52cc 7 Estrias;Tornillo Embrague Chinas 33/43/52cc 7 Estrias;desmalezadoras;Desmalezadoras;embragues-campanas-resortes;Embragues / Campanas / Resortes;;;2112067.jpg;no
2112068;Caja de Embrague Completa 9 Estrias;Caja de Embrague Completa 9 Estrias;desmalezadoras;Desmalezadoras;embragues-campanas-resortes;Embragues / Campanas / Resortes;;;2112068.jpg;no
2112078;Campana De Embrague;Campana De Embrague Repl St- FS450;desmalezadoras;Desmalezadoras;embragues-campanas-resortes;Embragues / Campanas / Resortes;Stihl;;2112078.jpg;no
2112084;Embrague;Embrague Repl St- FS38/55;desmalezadoras;Desmalezadoras;embragues-campanas-resortes;Embragues / Campanas / Resortes;Stihl;;2112084.jpg;no
2112085;Embrague;Embrague Repl St- FS450;desmalezadoras;Desmalezadoras;embragues-campanas-resortes;Embragues / Campanas / Resortes;Stihl;;2112085.jpg;no
2112086;Embrague Resorte De Embrague Caja De Embrague;Embrague Resorte De Embrague Caja De Embrague Repl St- FS160/220/280 Repl St- FS160/220/280 Repl St- FS160/220/280;desmalezadoras;Desmalezadoras;embragues-campanas-resortes;Embragues / Campanas / Resortes;Stihl;;2112086.jpg;no
2112098;Tornillo De Escape;Tornillo De Escape Repl St- FS38/55;desmalezadoras;Desmalezadoras;embragues-campanas-resortes;Embragues / Campanas / Resortes;Stihl;;2112098.jpg;no
2112100;Resorte De Embrague;Resorte De Embrague Repl St- FS120/250/450;desmalezadoras;Desmalezadoras;embragues-campanas-resortes;Embragues / Campanas / Resortes;Stihl;;2112100.jpg;no
2112101;Embrague;Embrague Repl Hus-143R;desmalezadoras;Desmalezadoras;embragues-campanas-resortes;Embragues / Campanas / Resortes;Husqvarna;;2112101.jpg;no
2112102;Tornillo Campana De Embrague;Tornillo Campana De Embrague Repl Hus-143R;desmalezadoras;Desmalezadoras;embragues-campanas-resortes;Embragues / Campanas / Resortes;Husqvarna;;2112102.jpg;no
2112103;Caja De Embrague;Caja De Embrague Repl Hus-143R;desmalezadoras;Desmalezadoras;embragues-campanas-resortes;Embragues / Campanas / Resortes;Husqvarna;;2112103.jpg;no
2112104;Volante Magnético Bobina De Ignición Embrague Tornillo Campana De Embrag;Volante Magnético Bobina De Ignición Embrague Tornillo Campana De Embrague Repl Hus-143R Repl Hus-143R Repl Hus-143R Repl Hus-143R Repl Hus-143R;desmalezadoras;Desmalezadoras;embragues-campanas-resortes;Embragues / Campanas / Resortes;Husqvarna;;2112104.jpg;no
2112105;Campana De Embrague Resorte De Embrague;Campana De Embrague Resorte De Embrague Repl St- FS38/55 Repl St- FS38/55;desmalezadoras;Desmalezadoras;embragues-campanas-resortes;Embragues / Campanas / Resortes;Stihl;;2112105.jpg;no
2112106;Conjunto de embrague Stihl FS80/85;Conjunto de embrague Stihl FS80/85;desmalezadoras;Desmalezadoras;embragues-campanas-resortes;Embragues / Campanas / Resortes;Stihl;;2112106.png;no
2112107;Resorte de embrague Husqvarna 61/268/365/372;Resorte de embrague Husqvarna 61/268/365/372;desmalezadoras;Desmalezadoras;embragues-campanas-resortes;Embragues / Campanas / Resortes;Husqvarna | Stihl;;2112107.png;no
2112108;Campana de embrague Echo ECHO-SRM4605;Campana de embrague Echo ECHO-SRM4605;desmalezadoras;Desmalezadoras;embragues-campanas-resortes;Embragues / Campanas / Resortes;Echo | Stihl;;2112108.png;no
2112109;Caja De Embrague;Caja De Embrague Repl St- FS160/220/280;desmalezadoras;Desmalezadoras;embragues-campanas-resortes;Embragues / Campanas / Resortes;Stihl;;2112109.jpg;no
2112110;Caja De Embrague;Caja De Embrague Repl St- FS450;desmalezadoras;Desmalezadoras;embragues-campanas-resortes;Embragues / Campanas / Resortes;Stihl;;2112110.jpg;no
2212020;Embrague completo Chinas 3800;Embrague completo Chinas 3800;desmalezadoras;Desmalezadoras;embragues-campanas-resortes;Embragues / Campanas / Resortes;;;2212020.jpg;no
2212081;Campana de Embrague Piñon Fijo Chinas 3800;Campana de Embrague Piñon Fijo Chinas 3800;desmalezadoras;Desmalezadoras;embragues-campanas-resortes;Embragues / Campanas / Resortes;;;2212081.jpg;no
2212082;Campana de embrague Piñon flotante kit Chinas 3800;Campana de embrague Piñon flotante kit Chinas 3800;desmalezadoras;Desmalezadoras;embragues-campanas-resortes;Embragues / Campanas / Resortes;;;2212082.jpg;no
2103197;Silenciador de escape Stihl FS80/85;Silenciador de escape Stihl FS80/85;desmalezadoras;Desmalezadoras;escapes;Escapes;Stihl;;https://gceymxcsmyxlzlpuzzzp.supabase.co/storage/v1/object/public/media/foto/2103197-1788968480959.webp;no
2103198;Silenciador de escape Stihl SR(BR)400/420;Silenciador de escape Stihl SR(BR)400/420;desmalezadoras;Desmalezadoras;escapes;Escapes;Stihl;;2103198.png;no
2103200;Escape Chinas 33cc;Escape Chinas 33cc;desmalezadoras;Desmalezadoras;escapes;Escapes;;;2103200.jpg;no
2103203;Escape;Escape Repl St- FS38/55;desmalezadoras;Desmalezadoras;escapes;Escapes;Husqvarna | Stihl;;2103203.jpg;no
2103205;Escape;Escape Repl Hus-143R;desmalezadoras;Desmalezadoras;escapes;Escapes;Husqvarna;;2103205.jpg;no
2103206;Escape;Escape Repl St- FS450;desmalezadoras;Desmalezadoras;escapes;Escapes;Stihl;;2103206.jpg;no
2103207;Tubo De Escape;Tubo De Escape Repl St- FS450;desmalezadoras;Desmalezadoras;escapes;Escapes;Stihl;;2103207.jpg;no
2103208;Escape;Escape Repl St- FS160/220/280;desmalezadoras;Desmalezadoras;escapes;Escapes;Stihl;;2103208.jpg;no
2103209;Tornillo De Escape;Tornillo De Escape Repl St- FS160/220/280;desmalezadoras;Desmalezadoras;escapes;Escapes;Stihl;;2103209.jpg;no
2107111;Filtro Aire Espuma Desmalezadoras 43/52 cc;Filtro Aire Espuma Desmalezadoras 43/52 cc;desmalezadoras;Desmalezadoras;filtro-de-aire;Filtro de aire;;;2107111.jpg;no
2107112;Filtro Aire Espuma Desmalezadoras 43/52 cc;Filtro Aire Espuma Desmalezadoras 43/52 cc;desmalezadoras;Desmalezadoras;filtro-de-aire;Filtro de aire;;;2107112.jpg;no
2107120;Cubre Filtro de Aire Tl33;Cubre Filtro de Aire Tl33;desmalezadoras;Desmalezadoras;filtro-de-aire;Filtro de aire;;;2107120.jpg;no
2107121;Cubre Filtro de Aire TL43 TL52;Cubre Filtro de Aire TL43 TL52;desmalezadoras;Desmalezadoras;filtro-de-aire;Filtro de aire;;;2107121.jpg;no
2107122;Cubre Filtro de Aire TL43 TL53;Cubre Filtro de Aire TL43 TL53;desmalezadoras;Desmalezadoras;filtro-de-aire;Filtro de aire;;;2107122.jpg;no
2107123;Cubre Filtro De Aire;Cubre Filtro De Aire Repl St- FS160/220/280;desmalezadoras;Desmalezadoras;filtro-de-aire;Filtro de aire;Stihl;;2107123.jpg;no
2107128;Cobertor De Filtro De Aire;Cobertor De Filtro De Aire Repl St- FS450;desmalezadoras;Desmalezadoras;filtro-de-aire;Filtro de aire;Stihl;;2107128.jpg;no
2107132;Filtro De Aire;Filtro De Aire Repl St- FS120/250/450;desmalezadoras;Desmalezadoras;filtro-de-aire;Filtro de aire;Stihl;;2107132.jpg;no
2107133;Cubre Filtro De Aire Filtro De Aire;Cubre Filtro De Aire Filtro De Aire Repl St- FS160/220/280 Repl St- FS160/220/280;desmalezadoras;Desmalezadoras;filtro-de-aire;Filtro de aire;Stihl;;2107133.jpg;no
2107134;Filtro De Aire;Filtro De Aire Repl St- FS160/220/280;desmalezadoras;Desmalezadoras;filtro-de-aire;Filtro de aire;Stihl;;2107134.jpg;no
2107136;Filtrera Completa;Filtrera Completa Repl Hus-143R;desmalezadoras;Desmalezadoras;filtro-de-aire;Filtro de aire;Husqvarna;;2107136.jpg;no
2107138;Filtrera Completa;Filtrera Completa Repl St;desmalezadoras;Desmalezadoras;filtro-de-aire;Filtro de aire;Stihl;;2107138.jpg;no
2107139;Filtrera De Aire Esponja;Filtrera De Aire Esponja Repl St;desmalezadoras;Desmalezadoras;filtro-de-aire;Filtro de aire;Stihl;;2107139.jpg;no
2107140;Caja Filtrera Completa;Caja Filtrera Completa Repl St- FS120/250/450;desmalezadoras;Desmalezadoras;filtro-de-aire;Filtro de aire;Stihl;;2107140.jpg;no
4307659;Filtro De Aire;Filtro De Aire Repl Hus-143R;desmalezadoras;Desmalezadoras;filtro-de-aire;Filtro de aire;Husqvarna;;4307659.jpg;no
4307670;Filtro De Aire;Filtro De Aire Repl Hus-143R;desmalezadoras;Desmalezadoras;filtro-de-aire;Filtro de aire;Husqvarna;;4307670.jpg;no
2107118;Tapa de filtro de aire Stihl FS120/200/250;Tapa de fi ltro de aire Stihl FS120/200/250;desmalezadoras;Desmalezadoras;filtros-de-aire-reemplazos-2t;Filtros de aire reemplazos 2T;Stihl;;https://gceymxcsmyxlzlpuzzzp.supabase.co/storage/v1/object/public/media/foto/2107118-1788968637718.webp;no
2107135;Filtro de aire Stihl FS161/221/291;Filtro de aire Stihl FS161/221/291;desmalezadoras;Desmalezadoras;filtros-de-aire-reemplazos-2t;Filtros de aire reemplazos 2T;Stihl;;https://gceymxcsmyxlzlpuzzzp.supabase.co/storage/v1/object/public/media/foto/2107135-1788968723669.jpg;no
2107197;Filtro de aire — Husqvarna;Filtro aire REPL · HU-K970/1260;desmalezadoras;Desmalezadoras;filtros-de-aire-reemplazos-2t;Filtros de aire reemplazos 2T;Husqvarna;;2107197.jpg;no
2110016;Junta De Admisión;Junta De Admisión Repl St- FS38/55;desmalezadoras;Desmalezadoras;juntas-de-motor;Juntas de motor;Stihl;;2110016.jpg;no
2110025;Junta Base De Cilindro;Junta Base De Cilindro Repl St- FS38/55;desmalezadoras;Desmalezadoras;juntas-de-motor;Juntas de motor;Stihl;;2110025.jpg;no
2110026;Junta Base De Carburador;Junta Base De Carburador Repl St- FS38/55;desmalezadoras;Desmalezadoras;juntas-de-motor;Juntas de motor;Stihl;;2110026.jpg;no
2110027;Junta De Escape;Junta De Escape Repl St- FS38/55;desmalezadoras;Desmalezadoras;juntas-de-motor;Juntas de motor;Stihl;;2110027.jpg;no
2110040;Junta Base Carburador;Junta Base Carburador Repl Hus-143R;desmalezadoras;Desmalezadoras;juntas-de-motor;Juntas de motor;Husqvarna;;2110040.jpg;no
2110041;Junta Base De Cilindro;Junta Base De Cilindro Repl Hus-143R;desmalezadoras;Desmalezadoras;juntas-de-motor;Juntas de motor;Husqvarna;;2110041.jpg;no
2110042;Junta De Escape;Junta De Escape Repl Hus-143R;desmalezadoras;Desmalezadoras;juntas-de-motor;Juntas de motor;Husqvarna;;2110042.jpg;no
2110043;Repl De Carter;Repl De Carter Repl Hus-143R;desmalezadoras;Desmalezadoras;juntas-de-motor;Juntas de motor;Husqvarna;;2110043.jpg;no
2110044;Repl Admisión;Repl Admisión Repl Hus-143R;desmalezadoras;Desmalezadoras;juntas-de-motor;Juntas de motor;Husqvarna;;2110044.jpg;no
2110058;Kit Junta De Motor;Kit Junta De Motor Repl St- FS160/220/280 / 220 / 280;desmalezadoras;Desmalezadoras;juntas-de-motor;Juntas de motor;Stihl;;2110058.jpg;no
2110060;Kit Juntas Motor;Kit Juntas Motor Repl St- FS450;desmalezadoras;Desmalezadoras;juntas-de-motor;Juntas de motor;Stihl;;2110060.jpg;no
2110061;Kit Junta De Motor;Kit Junta De Motor Repl St- FS38/55;desmalezadoras;Desmalezadoras;juntas-de-motor;Juntas de motor;Stihl;;2110061.jpg;no
2210073;Junta Motor;Junta Motor Repl Hus-143R;desmalezadoras;Desmalezadoras;juntas-de-motor;Juntas de motor;Husqvarna;;2210073.jpg;no
2103002;Kit Cilindro y Piston Chinas 33cc 1ES6F 36mm;Kit Cilindro y Piston Chinas 33cc 1ES6F 36mm;desmalezadoras;Desmalezadoras;kit-de-cilindros;Kit de cilindros;;;2103002.jpg;no
2103003;Kit Cilindro y Piston Chinas 43cc 1E40F 40mm;Kit Cilindro y Piston Chinas 43cc 1E40F 40mm;desmalezadoras;Desmalezadoras;kit-de-cilindros;Kit de cilindros;;;2103003.jpg;no
2103004;Kit Cilindro y Piston Chinas 52cc 1E44F 44mm;Kit Cilindro y Piston Chinas 52cc 1E44F 44mm;desmalezadoras;Desmalezadoras;kit-de-cilindros;Kit de cilindros;;;2103004.jpg;no
2103010;Kit Cilindro Y Pistón;Kit Cilindro Y Pistón Repl St- FS38/55;desmalezadoras;Desmalezadoras;kit-de-cilindros;Kit de cilindros;Husqvarna | Stihl;;2103010.jpg;no
2103011;Kit Cilindro Y Pistón;Kit Cilindro Y Pistón Repl St- FS220 38mm;desmalezadoras;Desmalezadoras;kit-de-cilindros;Kit de cilindros;Stihl;38mm;2103011.jpg;no
2103012;Kit Cilindro Y Pistón;Kit Cilindro Y Pistón Repl St- FS450;desmalezadoras;Desmalezadoras;kit-de-cilindros;Kit de cilindros;Stihl;;2103012.jpg;no
2103023;Kit Cilindro Y Pistón Block;Kit Cilindro Y Pistón Block Repl Hus-143Rll Repl Hus-143R;desmalezadoras;Desmalezadoras;kit-de-cilindros;Kit de cilindros;Husqvarna;;2103023.jpg;no
2103201;Kit de cilindros — Chinas 43cc / 52cc;Escape · Desmalezadoras Chinas 43/52cc;desmalezadoras;Desmalezadoras;kit-de-cilindros;Kit de cilindros;;;2103201.jpg;no
2103210;Brida De Admisión;Brida De Admisión Repl St- FS160/220/280;desmalezadoras;Desmalezadoras;kit-de-cilindros;Kit de cilindros;Stihl;;2103210.jpg;no
2203011;Kit Cilindro y Piston Chinas 3800 39mm;Kit Cilindro y Piston Chinas 3800 39mm;desmalezadoras;Desmalezadoras;kit-de-cilindros;Kit de cilindros;;;2203011.jpg;no
2104011;Kit Piston Chinas 33cc 36mM;Kit Piston Chinas 33cc 36mM;desmalezadoras;Desmalezadoras;kit-de-piston;Kit de pistón;;;2104011.jpg;no
2104012;Kit Piston Chinas 43cc 40mm;Kit Piston Chinas 43cc 40mm;desmalezadoras;Desmalezadoras;kit-de-piston;Kit de pistón;;;2104012.jpg;no
2104013;Kit Piston Chinas 52cc 44mm;Kit Piston Chinas 52cc 44mm;desmalezadoras;Desmalezadoras;kit-de-piston;Kit de pistón;;;2104013.jpg;no
2104031;Kit Pistón Y Aros;Kit Pistón Y Aros Repl St- FS280 40mm;desmalezadoras;Desmalezadoras;kit-de-piston;Kit de pistón;Stihl;40mm;2104031.jpg;no
2104032;Kit Pistón Y Aro;Kit Pistón Y Aro Repl St- FS450;desmalezadoras;Desmalezadoras;kit-de-piston;Kit de pistón;Stihl;;2104032.jpg;no
2104035;Kit Pistón Y Aros;Kit Pistón Y Aros Repl St- FS160 35mm;desmalezadoras;Desmalezadoras;kit-de-piston;Kit de pistón;Stihl;35mm;2104035.jpg;no
2104036;Kit Cilindro Y Pistón;Kit Cilindro Y Pistón Repl St- FS220 38mm;desmalezadoras;Desmalezadoras;kit-de-piston;Kit de pistón;Stihl;38mm;2104036.jpg;no
2204015;Kit Piston Chinas 3800 39mm;Kit Piston Chinas 3800 39mm;desmalezadoras;Desmalezadoras;kit-de-piston;Kit de pistón;;;2204015.jpg;no
2109013;Echo SRM-2300 Oleo Mac;Echo SRM-2300 Oleo Mac;desmalezadoras;Desmalezadoras;kits-de-juntas-y-diafragmas;Kits de juntas y diafragmas;Echo | Oleo Mac;;2109013.jpg;no
2109017;Echo SRM-3550 Shibaura SD 23/26/35/45;Echo SRM-3550 Shibaura SD 23/26/35/45;desmalezadoras;Desmalezadoras;kits-de-juntas-y-diafragmas;Kits de juntas y diafragmas;Echo | Shibaura;;2109017.jpg;no
2109041;Echo SRM-2305/GT-200/ GT-2150;Echo SRM-2305/GT-200/ GT-2150;desmalezadoras;Desmalezadoras;kits-de-juntas-y-diafragmas;Kits de juntas y diafragmas;Echo;;2109041.jpg;no
2109055;Stihl FS-38/55/100;Stihl FS-38/55/100;desmalezadoras;Desmalezadoras;kits-de-juntas-y-diafragmas;Kits de juntas y diafragmas;Stihl;;2109055.jpg;no
2109061;Echo SRM-4300;Echo SRM-4300;desmalezadoras;Desmalezadoras;kits-de-juntas-y-diafragmas;Kits de juntas y diafragmas;Echo;;2109061.jpg;no
2109088;Stihl BG-56/86;Stihl BG-56/86;desmalezadoras;Desmalezadoras;kits-de-juntas-y-diafragmas;Kits de juntas y diafragmas;Stihl;;2109088.jpg;no
2109089;Stihl FS-55;Stihl FS-55;desmalezadoras;Desmalezadoras;kits-de-juntas-y-diafragmas;Kits de juntas y diafragmas;Stihl;;2109089.jpg;no
2109092;Stihl HS-45 / FS-310;Stihl HS-45 / FS-310;desmalezadoras;Desmalezadoras;kits-de-juntas-y-diafragmas;Kits de juntas y diafragmas;Stihl;;2109092.jpg;no
2109093;Stihl BR-500/550/600 Stihl 130R/310;Stihl BR-500/550/600 Stihl 130R/310;desmalezadoras;Desmalezadoras;kits-de-juntas-y-diafragmas;Kits de juntas y diafragmas;Stihl;;2109093.jpg;no
2109095;Stihl FS-90;Stihl FS-90;desmalezadoras;Desmalezadoras;kits-de-juntas-y-diafragmas;Kits de juntas y diafragmas;Stihl;;2109095.jpg;no
2109098;Stihl FS-450;Stihl FS-450;desmalezadoras;Desmalezadoras;kits-de-juntas-y-diafragmas;Kits de juntas y diafragmas;Stihl;;2109098.jpg;no
2109107;Kit junta ReplStihl FS-94;Stihl FS-94;desmalezadoras;Desmalezadoras;kits-de-juntas-y-diafragmas;Kits de juntas y diafragmas;Repl Stihl;;https://gceymxcsmyxlzlpuzzzp.supabase.co/storage/v1/object/public/media/foto/2109107-1788968856020.webp;no
2109201;Echo, Oleo Mac 740 HQV 225R/232R/235R;Echo, Oleo Mac 740 HQV 225R/232R/235R;desmalezadoras;Desmalezadoras;kits-de-juntas-y-diafragmas;Kits de juntas y diafragmas;Husqvarna | Oleo Mac;;2109201.jpg;no
2109206;Husqvarna 132 Echo RMA HB 212;Husqvarna 132 Echo RMA HB 212;desmalezadoras;Desmalezadoras;kits-de-juntas-y-diafragmas;Kits de juntas y diafragmas;Husqvarna | Echo;;2109206.jpg;no
2109207;Stihl FS-360/500/550 MS270, MS-361 BR-320/400/420 Husqvarna 133/371;Stihl FS-360/500/550 MS270, MS-361 BR-320/400/420 Husqvarna 133/371;desmalezadoras;Desmalezadoras;kits-de-juntas-y-diafragmas;Kits de juntas y diafragmas;Husqvarna | Stihl;;2109207.jpg;no
2109212;Echo GT-1100/CS221 Honda UMK 435;Echo GT-1100/CS221 Honda UMK 435;desmalezadoras;Desmalezadoras;kits-de-juntas-y-diafragmas;Kits de juntas y diafragmas;Echo | Honda;;2109212.jpg;no
2109214;Wacker BS-45/52, Bing 33;Wacker BS-45/52, Bing 33;desmalezadoras;Desmalezadoras;kits-de-juntas-y-diafragmas;Kits de juntas y diafragmas;;;2109214.jpg;no
2109218;Mitsubishi T180/200/240 Carburador Nikki;Mitsubishi T180/200/240 Carburador Nikki;desmalezadoras;Desmalezadoras;kits-de-juntas-y-diafragmas;Kits de juntas y diafragmas;Mitsubishi | Nikki;;2109218.jpg;no
2109219;Mitsubishi T180/200/240 Maruyama Toro 54/500 Carburador Nikki;Mitsubishi T180/200/240 Maruyama Toro 54/500 Carburador Nikki;desmalezadoras;Desmalezadoras;kits-de-juntas-y-diafragmas;Kits de juntas y diafragmas;Toro | Mitsubishi | Maruyama | Nikki;;2109219.jpg;no
2109221;Juntas de carburador;TK2 · Shindaiwa T25/C25 · Mc Culloch, Homelite, John Deere;desmalezadoras;Desmalezadoras;kits-de-juntas-y-diafragmas;Kits de juntas y diafragmas;;;2109221.jpg;no
2109222;Juntas de carburador;TK3 · Stihl, Mc Culloch, John Deere · Komatsu;desmalezadoras;Desmalezadoras;kits-de-juntas-y-diafragmas;Kits de juntas y diafragmas;;;2109222.jpg;no
2109223;Juntas de carburador;TK4 · Shindaiwa B45;desmalezadoras;Desmalezadoras;kits-de-juntas-y-diafragmas;Kits de juntas y diafragmas;;;2109223.jpg;no
2109224;Juntas de carburador;TK5 · Shindaiwa C350/B450;desmalezadoras;Desmalezadoras;kits-de-juntas-y-diafragmas;Kits de juntas y diafragmas;;;2109224.jpg;no
2109225;Juntas de carburador;TK6 · Shindaiwa B530 · Kawasaki th48 · Motob. Robin Elite 4700;desmalezadoras;Desmalezadoras;kits-de-juntas-y-diafragmas;Kits de juntas y diafragmas;;;2109225.jpg;no
2121065;Manguera Comb;Manguera Comb Repl St- FS450;desmalezadoras;Desmalezadoras;mangueras-de-combustible;Mangueras de combustible;Stihl;;2121065.jpg;no
2921051;Pasamanguera Completo Chinas 33/43/52cc;Pasamanguera Completo Chinas 33/43/52cc;desmalezadoras;Desmalezadoras;mangueras-de-combustible;Mangueras de combustible;;;2921051.jpg;no
2921052;Pasamanguera Completo 21,5MM;Pasamanguera Completo 21,5MM;desmalezadoras;Desmalezadoras;mangueras-de-combustible;Mangueras de combustible;;21,5MM;2921052.jpg;no
2921065;Manguera Comb Doble;Manguera Comb Doble Repl St- FS55;desmalezadoras;Desmalezadoras;mangueras-de-combustible;Mangueras de combustible;Stihl;;2921065.jpg;no
2107137;Filtro de aire Oleo Mac 746/753/755;Filtro de aire Oleo Mac 746/753/755;desmalezadoras;Desmalezadoras;oleomac;Oleomac;Oleo Mac;;https://gceymxcsmyxlzlpuzzzp.supabase.co/storage/v1/object/public/media/foto/2107137-1788968772134.webp;no
2120011;Kit Abrazadera Soporte Manillar;Kit Abrazadera Soporte Manillar;desmalezadoras;Desmalezadoras;partes;Partes;;;2120011.jpg;no
2120012;Comando Acelerador cCoanCño;Comando Acelerador cCoanCño;desmalezadoras;Desmalezadoras;partes;Partes;;;2120012.jpg;no
2120013;Amortiguador Chinas;Amortiguador Chinas;desmalezadoras;Desmalezadoras;partes;Partes;;;2120013.jpg;no
2120014;Partes — Chinas 43cc / 52cc;Comando Acelerador · Completo;desmalezadoras;Desmalezadoras;partes;Partes;;;2120014.jpg;no
2120015;Buje cañonera Chinas 33/43/52cc;Buje cañonera Chinas 33/43/52cc;desmalezadoras;Desmalezadoras;partes;Partes;;;2120015.jpg;no
2120024;Cañonera Completa;Cañonera Completa Repl St- FS450;desmalezadoras;Desmalezadoras;partes;Partes;Stihl;;2120024.jpg;no
2120025;sin tubo Stihl FS80/85;sin tubo Stihl FS80/85;desmalezadoras;Desmalezadoras;partes;Partes;Stihl;;2120025.png;no
2120027;Brida Admisión;Brida Admisión Repl St- FS38/55;desmalezadoras;Desmalezadoras;partes;Partes;Stihl;;2120027.jpg;no
2120028;Tensor;Tensor Repl St- FS38/55;desmalezadoras;Desmalezadoras;partes;Partes;Stihl;;2120028.jpg;no
2120029;Cardan;Cardan Repl St- FS450;desmalezadoras;Desmalezadoras;partes;Partes;Stihl;;2120029.jpg;no
2120030;Carcasa De Motor Carcasa De Motor Soporte De Manillar;Carcasa De Motor Carcasa De Motor Soporte De Manillar Repl St- 002 Repl St- 003 Repl St;desmalezadoras;Desmalezadoras;partes;Partes;Stihl;;2120030.jpg;no
2120033;Soporte De Manillar;Soporte De Manillar Repl St- FS160/220/280;desmalezadoras;Desmalezadoras;partes;Partes;Stihl;;2120033.jpg;no
2120037;Descompresor;Descompresor Repl St- FS450;desmalezadoras;Desmalezadoras;partes;Partes;Stihl;;2120037.jpg;no
2120038;Volante Magnético;Volante Magnético Repl St- FS450;desmalezadoras;Desmalezadoras;partes;Partes;Stihl;;2120038.jpg;no
2120039;Cardan;Cardan Repl St- FS160/220/280;desmalezadoras;Desmalezadoras;partes;Partes;Stihl;;2120039.jpg;no
2120040;Kit Cañonera;Kit Cañonera Repl St- FS160/220/280;desmalezadoras;Desmalezadoras;partes;Partes;Stihl;;2120040.jpg;no
2120043;Brida Admisión;Brida Admisión Repl St- FS450;desmalezadoras;Desmalezadoras;partes;Partes;Stihl;;2120043.jpg;no
2120044;Cobertor Motor;Cobertor Motor Repl St- FS450;desmalezadoras;Desmalezadoras;partes;Partes;Stihl;;2120044.jpg;no
2120046;Colector De Admisión;Colector De Admisión Repl St- FS450;desmalezadoras;Desmalezadoras;partes;Partes;Stihl;;2120046.jpg;no
2120047;Buje Cañonera;Buje Cañonera Repl St- FS450;desmalezadoras;Desmalezadoras;partes;Partes;Stihl;;2120047.jpg;no
2120048;Manija Izquierda;Manija Izquierda Repl St- FS450;desmalezadoras;Desmalezadoras;partes;Partes;Stihl;;2120048.jpg;no
2120051;Arnes Doble Universal Chinas;Arnes Doble Universal Chinas;desmalezadoras;Desmalezadoras;partes;Partes;;;2120051.jpg;no
2120058;Carcasa De Motor;Carcasa De Motor Repl St- FS55 002;desmalezadoras;Desmalezadoras;partes;Partes;Stihl;;2120058.jpg;no
2120059;Carcasa De Motor;Carcasa De Motor Repl St- FS55 003;desmalezadoras;Desmalezadoras;partes;Partes;Stihl;;2120059.jpg;no
2120060;Cobertor De Cabezal;Cobertor De Cabezal Repl St;desmalezadoras;Desmalezadoras;partes;Partes;Stihl;;2120060.jpg;no
2120061;Cobertor De Cabezal;Cobertor De Cabezal Repl St- FS160/220/280 OLD;desmalezadoras;Desmalezadoras;partes;Partes;Stihl;;2120061.jpg;no
2120062;Cortador Protector Cobertor De Cabezal Protector De Cobertor Puntera De;Cortador Protector Cobertor De Cabezal Protector De Cobertor Puntera De Cabezal Caja De Engranajes De Cabezal Repl St- Repl St- Repl St- FS38 Repl St- Repl St;desmalezadoras;Desmalezadoras;partes;Partes;Stihl;;2120062.jpg;no
2120063;Cardan Protector De Cabezal;Cardan Protector De Cabezal Repl Husq 143R;desmalezadoras;Desmalezadoras;partes;Partes;Husqvarna;;2120063.jpg;no
2120069;Volante Magnético Chinas 33cc;Volante Magnético Chinas 33cc;desmalezadoras;Desmalezadoras;partes;Partes;;;2120069.jpg;no
2120070;Volante Magnético 43/52cc;Volante Magnético 43/52cc;desmalezadoras;Desmalezadoras;partes;Partes;;;2120070.jpg;no
2120073;Volante Magnético;Volante Magnético Repl St- FS160/220/280;desmalezadoras;Desmalezadoras;partes;Partes;Stihl;;2120073.jpg;no
2120074;Volante Magnético;Volante Magnético Repl Hus-143R;desmalezadoras;Desmalezadoras;partes;Partes;Husqvarna;;2120074.jpg;no
2120075;Volante Magnético;Volante Magnético Repl St- FS38/55;desmalezadoras;Desmalezadoras;partes;Partes;Stihl;;2120075.jpg;no
2120076;Manillar Acelerador;Manillar Acelerador Repl St;desmalezadoras;Desmalezadoras;partes;Partes;Stihl;;2120076.jpg;no
2120077;Caño Compl;Caño Compl Repl St- FS38/55 /;desmalezadoras;Desmalezadoras;partes;Partes;Stihl;;2120077.jpg;no
2120078;Cardan Flexible 1440-D6-S (5*5mm);Cardan Flexible 1440-D6-S (5*5mm) Repl St;desmalezadoras;Desmalezadoras;partes;Partes;Stihl;5mm;2120078.jpg;no
2120079;Cardan Flexible 1240-D6-S (5*5mm);Cardan Flexible 1240-D6-S (5*5mm) Repl St- FS38;desmalezadoras;Desmalezadoras;partes;Partes;Stihl;5mm;2120079.jpg;no
2120085;Arandela Elástica;Arandela Elástica Repl St- FS38/55 /;desmalezadoras;Desmalezadoras;partes;Partes;Stihl;;2120085.jpg;no
2120087;Comando De Acelerador;Comando De Acelerador Repl St- FS160/220/280;desmalezadoras;Desmalezadoras;partes;Partes;Stihl;;2120087.jpg;no
2120090;Comando Acelerador;Comando Acelerador Repl Hus-143R;desmalezadoras;Desmalezadoras;partes;Partes;Husqvarna;;2120090.jpg;no
2120091;Kit Enganche De Arnés;Kit Enganche De Arnés Repl Hus-143R;desmalezadoras;Desmalezadoras;partes;Partes;Husqvarna;;2120091.jpg;no
2120092;Soporte Manillar;Soporte Manillar Repl Hus-143R;desmalezadoras;Desmalezadoras;partes;Partes;Husqvarna;;2120092.jpg;no
2120093;Repl Hus-143R;Repl Hus-143R;desmalezadoras;Desmalezadoras;partes;Partes;Husqvarna;;2120093.jpg;no
2120094;Repl Husq 143R;Repl Husq 143R;desmalezadoras;Desmalezadoras;partes;Partes;Husqvarna;;2120094.jpg;no
2120095;Brida De Admisión;Brida De Admisión Repl Hus-143R;desmalezadoras;Desmalezadoras;partes;Partes;Husqvarna;;2120095.jpg;no
2120096;Soporte Escape Cobertor Lateral;Soporte Escape Cobertor Lateral Repl Hus-143R Repl Hus-143R;desmalezadoras;Desmalezadoras;partes;Partes;Husqvarna;;2120096.jpg;no
2120097;Soporte De Tanque;Soporte De Tanque Repl Hus-143R;desmalezadoras;Desmalezadoras;partes;Partes;Husqvarna;;2120097.jpg;no
2120098;Carcasa De Motor;Carcasa De Motor Repl Hus-143R;desmalezadoras;Desmalezadoras;partes;Partes;Husqvarna;;2120098.jpg;no
2120099;Cobertor Lateral;Cobertor Lateral Repl Hus-143R;desmalezadoras;Desmalezadoras;partes;Partes;Husqvarna;;2120099.jpg;no
2120100;Cobertor Superior;Cobertor Superior Repl Hus-143R;desmalezadoras;Desmalezadoras;partes;Partes;Husqvarna;;2120100.jpg;no
2120101;Manillar Agarre Izquierdo Cañonera Con Cardan;Manillar Agarre Izquierdo Cañonera Con Cardan Repl Husq 143R;desmalezadoras;Desmalezadoras;partes;Partes;Husqvarna;;2120101.jpg;no
2120105;Kit de protector (traba metálica,…;Kit de protector (traba metálica,…;desmalezadoras;Desmalezadoras;partes;Partes;Stihl;;2120105.png;no
2120107;Eje de transmisión (cardán 9…;Eje de transmisión (cardán 9…;desmalezadoras;Desmalezadoras;partes;Partes;;;2120107.jpg;no
2120109;Cortador Protector De Cabezal;Cortador Protector De Cabezal Repl St- FS55;desmalezadoras;Desmalezadoras;partes;Partes;Stihl;;2120109.jpg;no
2120110;Cortador De Cobertor;Cortador De Cobertor Repl St- FS160/220/280;desmalezadoras;Desmalezadoras;partes;Partes;Stihl;;2120110.jpg;no
2120585;Plástico Cobertor Soporte;Plástico Cobertor Soporte Repl St- FS450;desmalezadoras;Desmalezadoras;partes;Partes;Stihl;;2120585.jpg;no
2120586;Soporte Plástico;Soporte Plástico Repl St- FS450;desmalezadoras;Desmalezadoras;partes;Partes;Stihl;;2120586.jpg;no
2120588;Buje Caja;Buje Caja Repl St- FS450;desmalezadoras;Desmalezadoras;partes;Partes;Stihl;;2120588.jpg;no
2220016;Volante Magnético Chinas 3800;Volante Magnético Chinas 3800;desmalezadoras;Desmalezadoras;partes;Partes;;;2220016.jpg;no
2220018;Switch stop Chinas 3800;Switch stop Chinas 3800;desmalezadoras;Desmalezadoras;partes;Partes;;;2220018.jpg;no
2220077;Protector Tanque De Comb;Protector Tanque De Comb Repl St- FS450;desmalezadoras;Desmalezadoras;partes;Partes;Stihl;;2220077.jpg;no
2220180;Cubierta / carcasa Stihl MS170/180;Cubierta / carcasa Stihl MS170/180;desmalezadoras;Desmalezadoras;partes;Partes;Stihl;;2220180.png;no
2220181;Cubierta / carcasa Stihl MS230/250;Cubierta / carcasa Stihl MS230/250;desmalezadoras;Desmalezadoras;partes;Partes;Stihl;;2220181.png;no
2220182;Cubierta / carcasa Stihl MS340/360;Cubierta / carcasa Stihl MS340/360;desmalezadoras;Desmalezadoras;partes;Partes;Stihl;;2220182.png;no
2220183;Cubierta / carcasa Stihl MS341/361;Cubierta / carcasa Stihl MS341/361;desmalezadoras;Desmalezadoras;partes;Partes;Stihl;;2220183.png;no
2220184;Cubierta / carcasa Stihl MS380;Cubierta / carcasa Stihl MS380;desmalezadoras;Desmalezadoras;partes;Partes;Stihl;;2220184.png;no
2220185;Cubierta / carcasa Stihl MS381;Cubierta / carcasa Stihl MS381;desmalezadoras;Desmalezadoras;partes;Partes;Stihl;;2220185.png;no
2220187;Cobertor Motor;Cobertor Motor Repl St- FS160/220/280;desmalezadoras;Desmalezadoras;partes;Partes;Stihl;;2220187.jpg;no
2101099;PARTES DE CHINAS 33CC;PARTES DE CHINAS 33CC;desmalezadoras;Desmalezadoras;partes-de-carburador;Partes de carburador;;33CC;2101099.jpg;no
2101100;Brida Admisión Desmalezadoras Chinas 33 cc;Brida Admisión Desmalezadoras Chinas 33 cc;desmalezadoras;Desmalezadoras;partes-de-carburador;Partes de carburador;;;2101100.jpg;no
2101101;Brida admision Chinas 43/52cc;Brida admision Chinas 43/52cc;desmalezadoras;Desmalezadoras;partes-de-carburador;Partes de carburador;;;2101101.jpg;no
2104030;Kit Pistón Y Aros;Kit Pistón Y Aros Repl St- FS38/55 34mm;desmalezadoras;Desmalezadoras;pistones-y-aros;Pistones y aros;Husqvarna;;2104030.jpg;no
2104033;Kit de pistón;Kit De Piston Y Aros · Reemplazo St Fs 85;desmalezadoras;Desmalezadoras;pistones-y-aros;Pistones y aros;;;2104033.jpg;no
2104034;Kit de pistón;Kit De Piston Y Aros · Reemplazo St Fs 120;desmalezadoras;Desmalezadoras;pistones-y-aros;Pistones y aros;;;2104034.jpg;no
2104050;Kit de pistón;Kit De Piston Y Aros · Reemplazo Srm 4300;desmalezadoras;Desmalezadoras;pistones-y-aros;Pistones y aros;;;2104050.jpg;no
2104051;Kit de pistón;Kit Pistón y Aros · Echo SRM-4605;desmalezadoras;Desmalezadoras;pistones-y-aros;Pistones y aros;;;2104051.jpg;no
2104061;Kit de pistón;Kit De Piston Y Aros · Reemplazo Husq 128r;desmalezadoras;Desmalezadoras;pistones-y-aros;Pistones y aros;;;2104061.jpg;no
2104063;Kit De Piston Y Aros;Kit De Piston Y Aros Repl Hus-143R;desmalezadoras;Desmalezadoras;pistones-y-aros;Pistones y aros;Husqvarna;;2104063.jpg;no
2127010;Cuchilla 43/52 Desmalezadoras 43-53cc;Cuchilla 43/52 Desmalezadoras 43-53cc;desmalezadoras;Desmalezadoras;reten;Retén;;53cc;2127010.jpg;no
2127015;Retén De Aceite;Retén De Aceite Repl St- FS38/55;desmalezadoras;Desmalezadoras;reten;Retén;Husqvarna | Stihl;;2127015.jpg;no
2127016;Retén De Aceite;Retén De Aceite Repl St- FS160/220/280;desmalezadoras;Desmalezadoras;reten;Retén;Stihl;;2127016.jpg;no
2127017;Retén De Aceite;Retén De Aceite Repl St- FS450;desmalezadoras;Desmalezadoras;reten;Retén;Stihl;;2127017.jpg;no
2127018;Retén De Aceite;Retén De Aceite Repl Hus-143R;desmalezadoras;Desmalezadoras;reten;Retén;Husqvarna;;2127018.jpg;no
2227658;Reten De Aceite;Reten De Aceite REPL TL33/43/52;desmalezadoras;Desmalezadoras;reten;Retén;;;2227658.jpg;no
2113046;"Caja de engranajes FS120 4T Código Logbelts: Eje 50""";"Caja de engranajes FS120 4T Código Logbelts: Eje 50""";desmalezadoras;Desmalezadoras;sin-fines-husqvarna-otros;Sin fines Husqvarna / Otros;Husqvarna;;2113046.jpg;no
2113047;"Caja de engranajes FS120 nueva Código Logbelts: Eje 42""";"Caja de engranajes FS120 nueva Código Logbelts: Eje 42""";desmalezadoras;Desmalezadoras;sin-fines-husqvarna-otros;Sin fines Husqvarna / Otros;Husqvarna;;2113047.jpg;no
2114070;Tanque completo Chinas 33cc Elite;Tanque completo Chinas 33cc Elite;desmalezadoras;Desmalezadoras;tanque-de-combustible-tapa;Tanque de combustible / Tapa;;;2114070.jpg;no
2114071;Tanque completo Chinas 33cc;Tanque completo Chinas 33cc;desmalezadoras;Desmalezadoras;tanque-de-combustible-tapa;Tanque de combustible / Tapa;;;2114071.jpg;no
2114072;Tanque completo Chinas 33cc;Tanque completo Chinas 33cc;desmalezadoras;Desmalezadoras;tanque-de-combustible-tapa;Tanque de combustible / Tapa;;;2114072.jpg;no
2114073;Tanque De Combustible Tapa Tanque Comb Manguera Comb Doble;Tanque De Combustible Tapa Tanque Comb Manguera Comb Doble Repl St- Repl St- Repl St;desmalezadoras;Desmalezadoras;tanque-de-combustible-tapa;Tanque de combustible / Tapa;Stihl;;2114073.jpg;no
2114080;Tapa tanque combustible Chinas;Tapa tanque combustible Chinas;desmalezadoras;Desmalezadoras;tanque-de-combustible-tapa;Tanque de combustible / Tapa;;;2114080.jpg;no
2114082;Tanque;Tanque para desmalezadora Stihl FS80/85;desmalezadoras;Desmalezadoras;tanque-de-combustible-tapa;Tanque de combustible / Tapa;Stihl;;2114082.png;no
2114083;Tapa De Combustible Soporte De Tanque;Tapa De Combustible Soporte De Tanque Repl Hus-143R Repl Hus-143R;desmalezadoras;Desmalezadoras;tanque-de-combustible-tapa;Tanque de combustible / Tapa;Husqvarna;;2114083.jpg;no
2114084;Tanque De Combustible;Tanque De Combustible Repl Hus-143R;desmalezadoras;Desmalezadoras;tanque-de-combustible-tapa;Tanque de combustible / Tapa;Husqvarna;;2114084.jpg;no
2114085;Tapa Tanque Comb;Tapa Tanque Comb Repl St- FS55;desmalezadoras;Desmalezadoras;tanque-de-combustible-tapa;Tanque de combustible / Tapa;Stihl;;2114085.jpg;no
2114086;Tanque De Combustible;Tanque De Combustible Repl St- FS160/220/280;desmalezadoras;Desmalezadoras;tanque-de-combustible-tapa;Tanque de combustible / Tapa;Stihl;;2114086.jpg;no
2114087;Tapa Tanque De Combustible;Tapa Tanque De Combustible Repl St- FS450;desmalezadoras;Desmalezadoras;tanque-de-combustible-tapa;Tanque de combustible / Tapa;Stihl;;2114087.jpg;no
2114088;Tapa Tanque Comb;Tapa Tanque Comb Repl St- FS160/220/280;desmalezadoras;Desmalezadoras;tanque-de-combustible-tapa;Tanque de combustible / Tapa;Stihl;;2114088.jpg;no
2114089;Tanque De Combustible;Tanque De Combustible Repl St- FS450;desmalezadoras;Desmalezadoras;tanque-de-combustible-tapa;Tanque de combustible / Tapa;Stihl;;2114089.jpg;no
2114090;Tanque Chinas 43/52cc 1 Elite;Tanque Chinas 43/52cc 1 Elite;desmalezadoras;Desmalezadoras;tanque-de-combustible-tapa;Tanque de combustible / Tapa;;;2114090.jpg;no
2114091;Tanque Chinas 43/52cc;Tanque Chinas 43/52cc;desmalezadoras;Desmalezadoras;tanque-de-combustible-tapa;Tanque de combustible / Tapa;;;2114091.jpg;no
2114092;Tanque Chinas 43/52cc;Tanque Chinas 43/52cc;desmalezadoras;Desmalezadoras;tanque-de-combustible-tapa;Tanque de combustible / Tapa;;;2114092.jpg;no
2116570;Tanza Dentada 3.2mm 1kg 100mts Aprox.;Tanza Dentada 3.2mm 1kg 100mts Aprox.;desmalezadoras;Desmalezadoras;tanza-premium;Tanza premium;;3.2mm;2116570.jpg;no
2116574;Tanza Duar Trenzada 2.4mm 1kg 187mts Aprox.;Tanza Duar Trenzada 2.4mm 1kg 187mts Aprox.;desmalezadoras;Desmalezadoras;tanza-premium;Tanza premium;;2.4mm;2116574.jpg;no
2116575;Tanza Duar Trenzada 3mm 1kg 100mts Aprox.;Tanza Duar Trenzada 3mm 1kg 100mts Aprox.;desmalezadoras;Desmalezadoras;tanza-premium;Tanza premium;;3mm;2116575.jpg;no
2116595;Tanza Redonda 3mm 1.35kg 135mts Aprox.;Tanza Redonda 3mm 1.35kg 135mts Aprox.;desmalezadoras;Desmalezadoras;tanza-premium;Tanza premium;;3mm;2116595.jpg;no
2116596;Tanza Redonda 2.4mm 9kg 1.685mts Aprox.;Tanza Redonda 2.4mm 9kg 1.685mts Aprox.;desmalezadoras;Desmalezadoras;tanza-premium;Tanza premium;;2.4mm;2116596.jpg;no
2116597;Tanza Redonda 3mm 9kg 1.080mts Aprox.;Tanza Redonda 3mm 9kg 1.080mts Aprox.;desmalezadoras;Desmalezadoras;tanza-premium;Tanza premium;;3mm;2116597.jpg;no
2116598;Tanza Cuadrada 2.4mm 9kg 1.685mts Aprox.;Tanza Cuadrada 2.4mm 9kg 1.685mts Aprox.;desmalezadoras;Desmalezadoras;tanza-premium;Tanza premium;;2.4mm;2116598.jpg;no
2115057;Sistema De Arranque;Sistema De Arranque Repl Hus-143R;desmalezadoras;Desmalezadoras;tapas-de-arranque;Tapas de arranque;Husqvarna;;2115057.jpg;no
2115067;Sistema De Arranque;Sistema De Arranque Repl St- FS450;desmalezadoras;Desmalezadoras;tapas-de-arranque;Tapas de arranque;Stihl;;2115067.jpg;no
2115074;Sistema De Arranque;Sistema De Arranque Repl Hus-143R;desmalezadoras;Desmalezadoras;tapas-de-arranque;Tapas de arranque;Husqvarna;;2115074.jpg;no
2115113;Resorte De Arranque;Resorte De Arranque Repl St- FS450;desmalezadoras;Desmalezadoras;tapas-de-arranque;Tapas de arranque;Stihl;;2115113.jpg;no
2115122;Polea De Arranque;Polea De Arranque Repl St- FS450;desmalezadoras;Desmalezadoras;tapas-de-arranque;Tapas de arranque;Stihl;;2115122.jpg;no
2115135;Polea Arranque;Polea Arranque Repl St- FS160/220/280;desmalezadoras;Desmalezadoras;tapas-de-arranque;Tapas de arranque;Stihl;;2115135.jpg;no
2115136;Cazoleta Arranque;Cazoleta Arranque Repl Hus-143R;desmalezadoras;Desmalezadoras;tapas-de-arranque;Tapas de arranque;Husqvarna;;2115136.jpg;no
2115137;Cazoleta de arranque 2 trinquetes 26cc;Polea de arranque 2 trinquetes 26cc;desmalezadoras;Desmalezadoras;tapas-de-arranque;Tapas de arranque;Chinas;;https://gceymxcsmyxlzlpuzzzp.supabase.co/storage/v1/object/public/media/foto/2115137-1788970323805.webp;no
2115138;Cobertor Motor Sistema De Arranque Polea Arranque Resorte De Arranque Ki;Cobertor Motor Sistema De Arranque Polea Arranque Resorte De Arranque Kit Trinquetes Repl St- FS160/220/280 Repl St- FS160/220/280 Repl St- FS160/220/280 Repl St- FS160/220/280 Repl St- FS160/220/280;desmalezadoras;Desmalezadoras;tapas-de-arranque;Tapas de arranque;Stihl;;2115138.jpg;no
2115139;Conjunto de arranque (SS) Oleo Mac SPARTA 42/44;Conjunto de arranque (SS) Oleo Mac SPARTA 42/44;desmalezadoras;Desmalezadoras;tapas-de-arranque;Tapas de arranque;Oleo Mac | Stihl;;2115139.png;no
2115140;Conjunto de arranque Stihl FS161/221/291;Conjunto de arranque Stihl FS161/221/291;desmalezadoras;Desmalezadoras;tapas-de-arranque;Tapas de arranque;Stihl;;2115140.png;no
2115201;Sistema De Arranque Polea De Arranque Resorte De Arranque Cazoleta De Ar;Sistema De Arranque Polea De Arranque Resorte De Arranque Cazoleta De Arranque Repl St- FS38/55 Repl St- FS38/55 Repl St- FS38/55 Repl St- FS38/55;desmalezadoras;Desmalezadoras;tapas-de-arranque;Tapas de arranque;Husqvarna | Stihl;;2115201.jpg;no
2215065;Conjunto de arranque Stihl MS162/172;Conjunto de arranque Stihl MS162/172;desmalezadoras;Desmalezadoras;tapas-de-arranque;Tapas de arranque;Stihl;;2215065.png;no
2215086;Conjunto de arranque (R);Conjunto de arranque (R);desmalezadoras;Desmalezadoras;tapas-de-arranque;Tapas de arranque;Stihl;;2215086.png;no
2215087;Conjunto de arranque (R- 2) CAJAS DE ENGRANAJE;Conjunto de arranque (R- 2) CAJAS DE ENGRANAJE;desmalezadoras;Desmalezadoras;tapas-de-arranque;Tapas de arranque;Stihl;;2215087.jpg;no
2215088;Conjunto de arranque (R- 2T);Conjunto de arranque (R- 2T);desmalezadoras;Desmalezadoras;tapas-de-arranque;Tapas de arranque;Stihl;;2215088.png;no
2215089;Manija De Arranque;Manija De Arranque Repl St- FS160/220/280;desmalezadoras;Desmalezadoras;tapas-de-arranque;Tapas de arranque;Stihl;;2215089.jpg;no
2215090;Tirador ElastoStart (D3,5 mm /… Stihl MS;Tirador ElastoStart (D3,5 mm /… Stihl MS;desmalezadoras;Desmalezadoras;tapas-de-arranque;Tapas de arranque;Stihl;5 mm;2215090.png;no
4315285;Conjunto de arranque (con cuerda) Honda GX25;Conjunto de arranque (con cuerda) Honda GX25;desmalezadoras;Desmalezadoras;tapas-de-arranque;Tapas de arranque;Honda;;;no
2120017;Capuchón de Bujía TL 33/43/52;Capuchón de Bujía TL 33/43/52;encendido;Encendido;4t-2t;4T / 2T;;;2120017.jpg;no
2220040;Capuchón de Bujía;Capuchón de Bujía;encendido;Encendido;4t-2t;4T / 2T;;;2220040.jpg;no
4720547;] PENDIENTE;PENDIENTE — Sin datos disponibles. Consultar…;generadores;Generadores;accesorios-herramientas;Accesorios / Herramientas;;;4720547.jpg;no
4702900;Carburador conversión a gas 13 a…;Carburador conversión a gas 13 a…;generadores;Generadores;partes-de-motor-4t-13-16hp-gx270gx390gx420gx440;Partes de motor 4T 13-16HP GX270/GX390/GX420/GX440;;;4702900.jpg;no
4707120;Filtro de aire — Motor 13 HP 15 HP Hp 16 HP Gx270 Gx390 Gx420 Gx440;Filtro de Aire (esponja) · Generador 5500-6500-7500;generadores;Generadores;partes-de-motor-4t-13-16hp-gx270gx390gx420gx440;Partes de motor 4T 13-16HP GX270/GX390/GX420/GX440;;;4707120.jpg;no
4707121;Filtro de aire — Motor 13 HP 15 HP Hp 16 HP Gx270 Gx390 Gx420 Gx440;Caja Filtrera · Generador 5500-6500-7500;generadores;Generadores;partes-de-motor-4t-13-16hp-gx270gx390gx420gx440;Partes de motor 4T 13-16HP GX270/GX390/GX420/GX440;;;4707121.jpg;no
4720106;Partes — Motor 13 HP 15 HP Hp 16 HP Gx270 Gx390 Gx420 Gx440;Avr 5500 · Generador 5500-6500-7500;generadores;Generadores;partes-de-motor-4t-13-16hp-gx270gx390gx420gx440;Partes de motor 4T 13-16HP GX270/GX390/GX420/GX440;;;4720106.jpg;no
4720107;Partes — Motor 13 HP 15 HP Hp 16 HP Gx270 Gx390 Gx420 Gx440;AVR Monofásico · Generador 5500-6500-7500;generadores;Generadores;partes-de-motor-4t-13-16hp-gx270gx390gx420gx440;Partes de motor 4T 13-16HP GX270/GX390/GX420/GX440;;;4720107.jpg;no
4720109;Partes — Motor 13 HP 15 HP Hp 16 HP Gx270 Gx390 Gx420 Gx440;AVR Trifásico · Generador 5500-6500-7500;generadores;Generadores;partes-de-motor-4t-13-16hp-gx270gx390gx420gx440;Partes de motor 4T 13-16HP GX270/GX390/GX420/GX440;;;4720109.jpg;no
4720514;Partes — Motor 13 HP 15 HP Hp 16 HP Gx270 Gx390 Gx420 Gx440;Cobertor de Alternador · Generador 5500-6500-7500;generadores;Generadores;partes-de-motor-4t-13-16hp-gx270gx390gx420gx440;Partes de motor 4T 13-16HP GX270/GX390/GX420/GX440;;;4720514.jpg;no
4720515;Partes — Motor 13 HP 15 HP Hp 16 HP Gx270 Gx390 Gx420 Gx440;Rejilla de Ventilación · Generador 5500-6500-7500;generadores;Generadores;partes-de-motor-4t-13-16hp-gx270gx390gx420gx440;Partes de motor 4T 13-16HP GX270/GX390/GX420/GX440;;;4720515.jpg;no
4720517;Partes — Motor 13 HP 15 HP Hp 16 HP Gx270 Gx390 Gx420 Gx440;Soporte Alternador · Generador 5500-6500-7500;generadores;Generadores;partes-de-motor-4t-13-16hp-gx270gx390gx420gx440;Partes de motor 4T 13-16HP GX270/GX390/GX420/GX440;;;4720517.jpg;no
4707122;Filtro de Aceite (esponja) GX160 GX200;Filtro de Aceite (esponja) GX160 GX200;generadores;Generadores;partes-de-motor-4t-55-65hp-gx160gx200;Partes de motor 4T 5.5-6.5HP GX160/GX200;;;4707122.jpg;no
4720118;Partes — Briggs & Stratton;Regulador De Voltaje · REPL- B&S 394890;generadores;Generadores;reemplazos-briggs-stratton;Reemplazos Briggs & Stratton;Briggs & Stratton;;4720118.jpg;no
4805017;O-ring;"O-ring para Conector 2""";hidrolavadora-y-motobomba;Hidrolavadora y motobomba;aros;Aros;;;4805017.jpg;no
4805018;O-ring;"O-ring para Conector 3""";hidrolavadora-y-motobomba;Hidrolavadora y motobomba;aros;Aros;;;4805018.jpg;no
4805019;"O-ring de Carcasa 2""";"O-ring de Carcasa 2""";hidrolavadora-y-motobomba;Hidrolavadora y motobomba;aros;Aros;;;4805019.jpg;no
4805020;"O-ring de Carcasa 3""";"O-ring de Carcasa 3""";hidrolavadora-y-motobomba;Hidrolavadora y motobomba;aros;Aros;;;4805020.jpg;no
4805021;"O-ring Cubre Turbina 2""";"O-ring Cubre Turbina 2""";hidrolavadora-y-motobomba;Hidrolavadora y motobomba;aros;Aros;;;4805021.jpg;no
4805022;"O-ring Cubre Turbina 3""";"O-ring Cubre Turbina 3""";hidrolavadora-y-motobomba;Hidrolavadora y motobomba;aros;Aros;;;4805022.jpg;no
4810305;"Junta Válvula de Retención 2""";"Junta Válvula de Retención 2""";hidrolavadora-y-motobomba;Hidrolavadora y motobomba;juntas-de-motor;Juntas de motor;;;4810305.jpg;no
4810306;"Junta Válvula de Retención 3""";"Junta Válvula de Retención 3""";hidrolavadora-y-motobomba;Hidrolavadora y motobomba;juntas-de-motor;Juntas de motor;;;4810306.jpg;no
4810307;"Junta de Brida Elevación 2""";"Junta de Brida Elevación 2""";hidrolavadora-y-motobomba;Hidrolavadora y motobomba;juntas-de-motor;Juntas de motor;;;4810307.jpg;no
4810308;"Junta de Brida Elevación 3""";"Junta de Brida Elevación 3""";hidrolavadora-y-motobomba;Hidrolavadora y motobomba;juntas-de-motor;Juntas de motor;;;4810308.jpg;no
4810309;"Junta Valvula de Retención 2"" Tipo Honda";"Junta Valvula de Retención 2"" Tipo Honda";hidrolavadora-y-motobomba;Hidrolavadora y motobomba;juntas-de-motor;Juntas de motor;Honda;;4810309.jpg;no
4810310;"Junta Valvula de Retención 3"" Tipo Honda";"Junta Valvula de Retención 3"" Tipo Honda";hidrolavadora-y-motobomba;Hidrolavadora y motobomba;juntas-de-motor;Juntas de motor;Honda;;4810310.jpg;no
4820203;"Conector de Manguera Aluminio 2""";"Conector de Manguera Aluminio 2""";hidrolavadora-y-motobomba;Hidrolavadora y motobomba;partes;Partes;;;4820203.jpg;no
4820204;"Conector de Manguera Aluminio 3""";"Conector de Manguera Aluminio 3""";hidrolavadora-y-motobomba;Hidrolavadora y motobomba;partes;Partes;;;4820204.jpg;no
4820205;"Cierre de Conector Auminio 2""";"Cierre de Conector Auminio 2""";hidrolavadora-y-motobomba;Hidrolavadora y motobomba;partes;Partes;;;4820205.jpg;no
4820206;"Cierre de Conector Auminio 3""";"Cierre de Conector Auminio 3""";hidrolavadora-y-motobomba;Hidrolavadora y motobomba;partes;Partes;;;4820206.jpg;no
4820207;"Filtro de Succión 2""";"Filtro de Succión 2""";hidrolavadora-y-motobomba;Hidrolavadora y motobomba;partes;Partes;;;4820207.jpg;no
4820208;"Brida de Succión 2""";"Brida de Succión 2""";hidrolavadora-y-motobomba;Hidrolavadora y motobomba;partes;Partes;;;4820208.jpg;no
4820209;"Brida de Succión 3""";"Brida de Succión 3""";hidrolavadora-y-motobomba;Hidrolavadora y motobomba;partes;Partes;;;4820209.jpg;no
4820210;"Brida de Elevación 2""";"Brida de Elevación 2""";hidrolavadora-y-motobomba;Hidrolavadora y motobomba;partes;Partes;;;4820210.jpg;no
4820211;"Brida de Elevación 3""";"Brida de Elevación 3""";hidrolavadora-y-motobomba;Hidrolavadora y motobomba;partes;Partes;;;4820211.jpg;no
4820212;"Carcasa Motobomba 2""";"Carcasa Motobomba 2""";hidrolavadora-y-motobomba;Hidrolavadora y motobomba;partes;Partes;;;4820212.jpg;no
4820213;"Carcasa Motobomba 3""";"Carcasa Motobomba 3""";hidrolavadora-y-motobomba;Hidrolavadora y motobomba;partes;Partes;;;4820213.jpg;no
4820214;"Carcasa Porta Sello 2""";"Carcasa Porta Sello 2""";hidrolavadora-y-motobomba;Hidrolavadora y motobomba;partes;Partes;;;4820214.jpg;no
4820215;"Carcasa Porta Sello 3""";"Carcasa Porta Sello 3""";hidrolavadora-y-motobomba;Hidrolavadora y motobomba;partes;Partes;;;4820215.jpg;no
4820216;"Turbina Chaveta 2""";"Turbina Chaveta 2""";hidrolavadora-y-motobomba;Hidrolavadora y motobomba;partes;Partes;;;4820216.jpg;no
4820217;"Turbina Chaveta 3""";"Turbina Chaveta 3""";hidrolavadora-y-motobomba;Hidrolavadora y motobomba;partes;Partes;;;4820217.jpg;no
4820218;"Cubre Turbina Caracol 2""";"Cubre Turbina Caracol 2""";hidrolavadora-y-motobomba;Hidrolavadora y motobomba;partes;Partes;;;4820218.jpg;no
4820219;"Cubre Turbina Caracol 3""";"Cubre Turbina Caracol 3""";hidrolavadora-y-motobomba;Hidrolavadora y motobomba;partes;Partes;;;4820219.jpg;no
4820220;"Brida de Succión 2"" Tipo Honda";"Brida de Succión 2"" Tipo Honda";hidrolavadora-y-motobomba;Hidrolavadora y motobomba;partes;Partes;Honda;;4820220.jpg;no
4820221;"Brida de Succión 3"" Tipo Honda";"Brida de Succión 3"" Tipo Honda";hidrolavadora-y-motobomba;Hidrolavadora y motobomba;partes;Partes;Honda;;4820221.jpg;no
4820222;"Brida de Elevación 3"" Tipo Honda";"Brida de Elevación 3"" Tipo Honda";hidrolavadora-y-motobomba;Hidrolavadora y motobomba;partes;Partes;Honda;;4820222.jpg;no
4820224;"Carcasa Motobomba 2"" Tipo Honda";"Carcasa Motobomba 2"" Tipo Honda";hidrolavadora-y-motobomba;Hidrolavadora y motobomba;partes;Partes;Honda;;4820224.jpg;no
4820225;"Carcasa Motobomba 3"" Tipo Honda";"Carcasa Motobomba 3"" Tipo Honda";hidrolavadora-y-motobomba;Hidrolavadora y motobomba;partes;Partes;Honda;;4820225.jpg;no
4820226;"Carcasa Porta Sello 2"" Tipo Honda";"Carcasa Porta Sello 2"" Tipo Honda";hidrolavadora-y-motobomba;Hidrolavadora y motobomba;partes;Partes;Honda;;4820226.jpg;no
4820227;"Carcasa Porta Sello 3"" Tipo Honda";"Carcasa Porta Sello 3"" Tipo Honda";hidrolavadora-y-motobomba;Hidrolavadora y motobomba;partes;Partes;Honda;;4820227.jpg;no
4820228;"Turbina Rosca Motobomba 2"" Tipo Honda";"Turbina Rosca Motobomba 2"" Tipo Honda";hidrolavadora-y-motobomba;Hidrolavadora y motobomba;partes;Partes;Honda;;4820228.jpg;no
4820229;"Turbina Rosca Motobomba 3"" Tipo Honda";"Turbina Rosca Motobomba 3"" Tipo Honda";hidrolavadora-y-motobomba;Hidrolavadora y motobomba;partes;Partes;Honda;;4820229.jpg;no
4820230;"Cubre Turbina 2"" Tipo Honda";"Cubre Turbina 2"" Tipo Honda";hidrolavadora-y-motobomba;Hidrolavadora y motobomba;partes;Partes;Honda;;4820230.jpg;no
4820901;Bomba de Hidrolavadora 6,5 HP;Bomba de Hidrolavadora 6,5 HP;hidrolavadora-y-motobomba;Hidrolavadora y motobomba;partes;Partes;;;4820901.jpg;no
4820902;Bomba de Hidrolavadora 13HP 220 Bar;Bomba de Hidrolavadora 13HP 220 Bar;hidrolavadora-y-motobomba;Hidrolavadora y motobomba;partes;Partes;;;4820902.jpg;no
4820903;Picos de Hidrolavadora 6,5 HP 210 Bar 4 Piezas;Picos de Hidrolavadora 6,5 HP 210 Bar 4 Piezas;hidrolavadora-y-motobomba;Hidrolavadora y motobomba;partes;Partes;;;4820903.jpg;no
4820904;Picos de Hidrolavadora 13 HP 220 Bar 4 Piezas;Picos de Hidrolavadora 13 HP 220 Bar 4 Piezas;hidrolavadora-y-motobomba;Hidrolavadora y motobomba;partes;Partes;;;4820904.jpg;no
4820905;Lanza Hidrolavadora Eléctrica 2200 Psi;Lanza Hidrolavadora Eléctrica 2200 Psi;hidrolavadora-y-motobomba;Hidrolavadora y motobomba;partes;Partes;;;4820905.jpg;no
4820906;Mangueras Hidrolavadora Eléctrica 5mts;Mangueras Hidrolavadora Eléctrica 5mts;hidrolavadora-y-motobomba;Hidrolavadora y motobomba;partes;Partes;;;4820906.jpg;no
4820907;Lanza Hidrolavadora Explosión 3600 Psi;Lanza Hidrolavadora Explosión 3600 Psi;hidrolavadora-y-motobomba;Hidrolavadora y motobomba;partes;Partes;;;4820907.jpg;no
4820908;Mangueras Hidrolavadora Explosión 6mm 10mts;Mangueras Hidrolavadora Explosión 6mm 10mts;hidrolavadora-y-motobomba;Hidrolavadora y motobomba;partes;Partes;;6mm;4820908.jpg;no
4814541;"Tapa de Descarga con O-ring 2"" 3""";"Tapa de Descarga con O-ring 2"" 3""";hidrolavadora-y-motobomba;Hidrolavadora y motobomba;tanque-de-combustible-tapa;Tanque de combustible / Tapa;;;4814541.jpg;no
4814542;"Sello Mecánico 2""- 3""";"Sello Mecánico 2""- 3""";hidrolavadora-y-motobomba;Hidrolavadora y motobomba;tanque-de-combustible-tapa;Tanque de combustible / Tapa;;;4814542.jpg;no
2110001;Junta Base Cilindro Chinas 26cc;Junta Base Cilindro Chinas 26cc;juntas-de-motor;Juntas de motor;juntas-de-motor;Juntas de motor;;;2110001.jpg;no
2110002;Junta Base Carburador Chinas 26cc;Junta Base Carburador Chinas 26cc;juntas-de-motor;Juntas de motor;juntas-de-motor;Juntas de motor;;;2110002.jpg;no
2110003;Junta Admision Chinas 26cc;Junta Admision Chinas 26cc;juntas-de-motor;Juntas de motor;juntas-de-motor;Juntas de motor;;;2110003.jpg;no
2110004;Junta Carter Chinas 26cc;Junta Carter Chinas 26cc;juntas-de-motor;Juntas de motor;juntas-de-motor;Juntas de motor;;;2110004.jpg;no
2110005;Junta Escape Chinas 26cc;Junta Escape Chinas 26cc;juntas-de-motor;Juntas de motor;juntas-de-motor;Juntas de motor;;;2110005.jpg;no
2110006;Junta Base Cilindro Chinas 33cc;Junta Base Cilindro Chinas 33cc;juntas-de-motor;Juntas de motor;juntas-de-motor;Juntas de motor;;;2110006.jpg;no
2110007;Junta Base Carburador Chinas 33cc;Junta Base Carburador Chinas 33cc;juntas-de-motor;Juntas de motor;juntas-de-motor;Juntas de motor;;;2110007.jpg;no
2110008;Junta Admision Chinas 33cc;Junta Admision Chinas 33cc;juntas-de-motor;Juntas de motor;juntas-de-motor;Juntas de motor;;;2110008.jpg;no
2110009;Junta Carter Chinas 33cc;Junta Carter Chinas 33cc;juntas-de-motor;Juntas de motor;juntas-de-motor;Juntas de motor;;;2110009.jpg;no
2110010;Junta Escape Chinas 33cc;Junta Escape Chinas 33cc;juntas-de-motor;Juntas de motor;juntas-de-motor;Juntas de motor;;;2110010.jpg;no
2110011;DESURIFUIUN Junta Base Cilindro Chinas 43/52cc;DESURIFUIUN Junta Base Cilindro Chinas 43/52cc;juntas-de-motor;Juntas de motor;juntas-de-motor;Juntas de motor;;;2110011.jpg;no
2110012;Junta Base Carburador Chinas 43/52cc;Junta Base Carburador Chinas 43/52cc;juntas-de-motor;Juntas de motor;juntas-de-motor;Juntas de motor;;;2110012.jpg;no
2110013;Junta Admision Chinas 43/52cc;Junta Admision Chinas 43/52cc;juntas-de-motor;Juntas de motor;juntas-de-motor;Juntas de motor;;;2110013.jpg;no
2110014;Junta Carter Chinas 43/52cc;Junta Carter Chinas 43/52cc;juntas-de-motor;Juntas de motor;juntas-de-motor;Juntas de motor;;;2110014.jpg;no
2110015;Junta Escape Chinas 43/52cc;Junta Escape Chinas 43/52cc;juntas-de-motor;Juntas de motor;juntas-de-motor;Juntas de motor;;;2110015.jpg;no
2110017;Juntas de motor — Echo;Echo SRM-4605 · Base Cilindro · 101010-4223-1;juntas-de-motor;Juntas de motor;juntas-de-motor;Juntas de motor;Echo;;2110017.jpg;no
2110018;STIHL;STIHL;juntas-de-motor;Juntas de motor;juntas-de-motor;Juntas de motor;Stihl;;2110018.jpg;no
2110019;Juntas de motor — Echo;Echo SRM-4605 · Base Carburador · 130016-0623-2;juntas-de-motor;Juntas de motor;juntas-de-motor;Juntas de motor;Echo;;2110019.jpg;no
2110020;2110031 —;2110031 —;juntas-de-motor;Juntas de motor;juntas-de-motor;Juntas de motor;Echo;;2110020.jpg;no
2110021;Juntas de motor — Echo;Stihl FS-450 · Base Cilindro · 4128 029 2300;juntas-de-motor;Juntas de motor;juntas-de-motor;Juntas de motor;Echo;;2110021.jpg;no
2110022;Juntas de motor — Echo;Stihl FS-450 / BG-86 · Base Carburador · 4128 129 0900;juntas-de-motor;Juntas de motor;juntas-de-motor;Juntas de motor;Echo;;2110022.jpg;no
2110023;Juntas de motor — Echo;Stihl FS-160/220/280 · Base Cilindro · 4119 029 2300;juntas-de-motor;Juntas de motor;juntas-de-motor;Juntas de motor;Echo;;2110023.jpg;no
2110024;Juntas de motor — Echo;Sthil FS-160/220/280 · Carter · 4119 029 0500;juntas-de-motor;Juntas de motor;juntas-de-motor;Juntas de motor;Echo;;2110024.jpg;no
2110029;Juntas de motor — Echo;Stihl FS-450 · Escape;juntas-de-motor;Juntas de motor;juntas-de-motor;Juntas de motor;Echo;;2110029.jpg;no
2110055;Kit De Juntas Motor 33CC;Kit De Juntas Motor 33CC;juntas-de-motor;Juntas de motor;juntas-de-motor;Juntas de motor;;33CC;2110055.jpg;no
2110056;Kit De Juntas Motor 43CC 52CC;Kit De Juntas Motor 43CC 52CC;juntas-de-motor;Juntas de motor;juntas-de-motor;Juntas de motor;;43CC | 52CC;2110056.jpg;no
2110059;Juntas de motor — Echo;Kit De Juntas · REPL ST FS 120/250;juntas-de-motor;Juntas de motor;juntas-de-motor;Juntas de motor;Echo;;2110059.jpg;no
2110062;Juntas de motor — Echo;Kit De Juntas · REPL ST FS85;juntas-de-motor;Juntas de motor;juntas-de-motor;Juntas de motor;Echo;;2110062.jpg;no
2110069;Kit de Juntas Motor 26cc;Kit de Juntas Motor 26cc;juntas-de-motor;Juntas de motor;juntas-de-motor;Juntas de motor;;26cc;2110069.jpg;no
2110074;Kit Junta De Motor;Kit Junta De Motor REPL HUS 236;juntas-de-motor;Juntas de motor;juntas-de-motor;Juntas de motor;Stihl;;2110074.jpg;no
2210001;Junta Base Cilindro Chinas 3800 38cc;Junta Base Cilindro Chinas 3800 38cc;juntas-de-motor;Juntas de motor;juntas-de-motor;Juntas de motor;;;2210001.jpg;no
2210002;Junta Carter Chinas 3800 38cc;Junta Carter Chinas 3800 38cc;juntas-de-motor;Juntas de motor;juntas-de-motor;Juntas de motor;;;2210002.jpg;no
2210003;Junta Admisión Chinas 3800 38cc;Junta Admisión Chinas 3800 38cc;juntas-de-motor;Juntas de motor;juntas-de-motor;Juntas de motor;;;2210003.jpg;no
2210004;Junta Base Carburador Chinas 3800 38cc;Junta Base Carburador Chinas 3800 38cc;juntas-de-motor;Juntas de motor;juntas-de-motor;Juntas de motor;;;2210004.jpg;no
2210005;Junta Escape Chinas 3800 38cc;Junta Escape Chinas 3800 38cc;juntas-de-motor;Juntas de motor;juntas-de-motor;Juntas de motor;;;2210005.jpg;no
2210006;Junta Base Cilindro Chinas 4500 5200 45cc 52cc;Junta Base Cilindro Chinas 4500 5200 45cc 52cc;juntas-de-motor;Juntas de motor;juntas-de-motor;Juntas de motor;;;2210006.jpg;no
2210007;Junta Carter Chinas 4500/5200 45cc 52cc;Junta Carter Chinas 4500/5200 45cc 52cc;juntas-de-motor;Juntas de motor;juntas-de-motor;Juntas de motor;;;2210007.jpg;no
2210008;Junta Base Admisión Chinas 4500 5200 45cc 52cc y;Junta Base Admisión Chinas 4500 5200 45cc 52cc y;juntas-de-motor;Juntas de motor;juntas-de-motor;Juntas de motor;;;2210008.jpg;no
2210009;Junta Base Carburador Chinas 4500 5200 45cc 52cc;Junta Base Carburador Chinas 4500 5200 45cc 52cc;juntas-de-motor;Juntas de motor;juntas-de-motor;Juntas de motor;;;2210009.jpg;no
2210010;Junta Escape Chinas 4500/5200 45cc 52cc;Junta Escape Chinas 4500/5200 45cc 52cc;juntas-de-motor;Juntas de motor;juntas-de-motor;Juntas de motor;;;;no
2210011;ST MS170/180/210/230/250;ST MS170/180/210/230/250;juntas-de-motor;Juntas de motor;juntas-de-motor;Juntas de motor;Stihl;;2210011.jpg;no
2210012;Junta De Admisión;Junta De Admisión REPL ST MS 170/250 HUSQVARNA;juntas-de-motor;Juntas de motor;juntas-de-motor;Juntas de motor;Husqvarna | Stihl;;2210012.jpg;no
2210015;Junta De Escape ST MS170/180/210/230/250;Junta De Escape ST MS170/180/210/230/250;juntas-de-motor;Juntas de motor;juntas-de-motor;Juntas de motor;Stihl;;2210015.jpg;no
2210030;Junta Motor;Junta Motor REPL ST MS361;juntas-de-motor;Juntas de motor;juntas-de-motor;Juntas de motor;Stihl;;2210030.jpg;no
2210031;Junta De Escape;Junta De Escape REPL ST MS 361/380;juntas-de-motor;Juntas de motor;juntas-de-motor;Juntas de motor;Stihl;;2210031.jpg;no
2210032;Junta Base De Cilindro;Junta Base De Cilindro REPL ST MS361 HUSQVARNA;juntas-de-motor;Juntas de motor;juntas-de-motor;Juntas de motor;Husqvarna | Stihl;;2210032.jpg;no
2210033;Junta De Motor;Junta De Motor REPL ST MS 180/230/250;juntas-de-motor;Juntas de motor;juntas-de-motor;Juntas de motor;Stihl;;2210033.jpg;no
2210050;Junta Carburador;Junta Carburador REPL ST MS 170/180;juntas-de-motor;Juntas de motor;juntas-de-motor;Juntas de motor;Stihl;;2210050.jpg;no
2210060;Kit Junta De Motor;Kit Junta De Motor REPL MS380 MS381;juntas-de-motor;Juntas de motor;juntas-de-motor;Juntas de motor;Stihl;;2210060.jpg;no
2210061;Kit Junta De Motor;Kit Junta De Motor REPL ST MS 382;juntas-de-motor;Juntas de motor;juntas-de-motor;Juntas de motor;Stihl;;2210061.jpg;no
2210062;Kit Junta De Motor;Kit Junta De Motor REPL ST MS 660;juntas-de-motor;Juntas de motor;juntas-de-motor;Juntas de motor;Stihl;;2210062.jpg;no
2210063;Kit Junta De Motor;Kit Junta De Motor REPL ST MS 460;juntas-de-motor;Juntas de motor;juntas-de-motor;Juntas de motor;Stihl;;2210063.jpg;no
2210066;Kit Junta De Motor;Kit Junta De Motor REPL HUS 61;juntas-de-motor;Juntas de motor;juntas-de-motor;Juntas de motor;Stihl;;2210066.jpg;no
2210067;Kit De Juntas Motor;Kit De Juntas Motor REPL 38cc;juntas-de-motor;Juntas de motor;juntas-de-motor;Juntas de motor;;38cc;2210067.jpg;no
2210068;Kit De Juntas Motor;Kit De Juntas Motor REPL 62CC;juntas-de-motor;Juntas de motor;juntas-de-motor;Juntas de motor;;62CC;2210068.jpg;no
2210069;Kit Junta De Motor;Kit Junta De Motor REPL ST MS 360;juntas-de-motor;Juntas de motor;juntas-de-motor;Juntas de motor;Stihl;;2210069.jpg;no
2210071;Kit Junta De Motor;Kit Junta De Motor REPL ST MS 261;juntas-de-motor;Juntas de motor;juntas-de-motor;Juntas de motor;Stihl;;2210071.jpg;no
2210072;Kit Junta De Motor;Kit Junta De Motor REPL ST MS 240/260;juntas-de-motor;Juntas de motor;juntas-de-motor;Juntas de motor;Stihl;;2210072.jpg;no
2210075;Kit Junta De Motor;Kit Junta De Motor REPL HUS 365/372;juntas-de-motor;Juntas de motor;juntas-de-motor;Juntas de motor;Stihl;;2210075.jpg;no
2210076;Kit Junta De Motor;Kit Junta De Motor REPL HUS 357/359;juntas-de-motor;Juntas de motor;juntas-de-motor;Juntas de motor;Stihl;;2210076.jpg;no
2210080;Kit De Juntas Motor 4500 5200 5800CC;Kit De Juntas Motor 4500 5200 5800CC;juntas-de-motor;Juntas de motor;juntas-de-motor;Juntas de motor;;5800CC;2210080.jpg;no
4310402;Kohler 24 041 52 Base Carburador Cub Cadet RZT/Enduro;Kohler 24 041 52 Base Carburador Cub Cadet RZT/Enduro;juntas-de-motor;Juntas de motor;kohler;Kohler;Kohler;;4310402.jpg;no
4310403;Juntas de motor — Kohler;Kohler 32 041 04-S · Base Filtro Aire · Cub Cadet RZT/Enduro;juntas-de-motor;Juntas de motor;kohler;Kohler;Kohler;;4310403.jpg;no
4310404;Kohler 24 041 14 Base Filtro Aire Cub Cadet RZT/Enduro 2 4;Kohler 24 041 14 Base Filtro Aire Cub Cadet RZT/Enduro 2 4;juntas-de-motor;Juntas de motor;kohler;Kohler;Kohler;;4310404.jpg;no
4310408;OHV 5/6 hp Carter Honda Chinos;OHV 5/6 hp Carter Honda Chinos;juntas-de-motor;Juntas de motor;kohler;Kohler;Kohler;;4310408.jpg;no
4310412;oNVIShp Base Filtro Aire Honda Chinos;oNVIShp Base Filtro Aire Honda Chinos;juntas-de-motor;Juntas de motor;kohler;Kohler;Kohler;;4310412.jpg;no
4310413;Junta Base Filtro Generadores 13hp;Junta Base Filtro Generadores 13hp;juntas-de-motor;Juntas de motor;kohler;Kohler;Kohler;;4310413.jpg;no
4310414;Junta Base Filtro Generadores 13hp;Junta Base Filtro Generadores 13hp;juntas-de-motor;Juntas de motor;kohler;Kohler;Kohler;;4310414.jpg;no
4310415;Junta Tapa Válvula B8S 3,5 hp;Junta Tapa Válvula B8S 3,5 hp;juntas-de-motor;Juntas de motor;kohler;Kohler;Kohler;;4310415.jpg;no
4310416;Junta Tapa Válvula B8S 5 hp;Junta Tapa Válvula B8S 5 hp;juntas-de-motor;Juntas de motor;kohler;Kohler;Kohler;;4310416.jpg;no
4310417;Junta Carter B8S 12 hp;Junta Carter B8S 12 hp;juntas-de-motor;Juntas de motor;kohler;Kohler;Kohler;;4310417.jpg;no
4310419;Junta Carter BES 3,5 hp;Junta Carter BES 3,5 hp;juntas-de-motor;Juntas de motor;kohler;Kohler;Kohler;;4310419.jpg;no
4310494;Kit De Juntas;Kit De Juntas REPL 24/841/01S;juntas-de-motor;Juntas de motor;kohler;Kohler;Kohler;;4310494.jpg;no
4310455;Juntas de motor;Junta de Carter · 13 hp Chinos;juntas-de-motor;Juntas de motor;reemplazos;Reemplazos;;;4310455.jpg;no
4310421;Juntas de motor — Tapas Cilindro;Junta Tapa de Cilindro · B&S 3.5hp · 270341;juntas-de-motor;Juntas de motor;tapas-de-cilindro;Tapas de cilindro;;;4310421.jpg;no
4310422;Juntas de motor — Tapas Cilindro;Junta Tapa de Cilindro · B&S 5hp · 727916;juntas-de-motor;Juntas de motor;tapas-de-cilindro;Tapas de cilindro;;;4310422.jpg;no
4310424;Juntas de motor — Tapas Cilindro;Junta Tapa de Cilindro · B&S 12,5 hp · 271866;juntas-de-motor;Juntas de motor;tapas-de-cilindro;Tapas de cilindro;;;4310424.jpg;no
4310425;Juntas de motor — Tapas Cilindro;Junta Tapa de Cilindro · B&S 20-24 hp · 693997;juntas-de-motor;Juntas de motor;tapas-de-cilindro;Tapas de cilindro;;;4310425.jpg;no
4310431;Juntas de motor — Tapas Cilindro;Junta Tapa de Cilindro · Kohler 22-25 hp · 2404137;juntas-de-motor;Juntas de motor;tapas-de-cilindro;Tapas de cilindro;;;4310431.jpg;no
4310442;Juntas de motor — Tapas Cilindro;Briggs & Stratton 692137 · Base de Carburador · Minitractores 17-19 hp;juntas-de-motor;Juntas de motor;tapas-de-cilindro;Tapas de cilindro;;;4310442.jpg;no
4310444;Junta Tapa de Cilindro GX390;Junta Tapa de Cilindro GX390;juntas-de-motor;Juntas de motor;tapas-de-cilindro;Tapas de cilindro;;;4310444.jpg;no
4310451;Juntas de motor — Tapas Cilindro;Junta Tapa de Cilindro · Zongshen 15 hp · 250004277;juntas-de-motor;Juntas de motor;tapas-de-cilindro;Tapas de cilindro;;;4310451.jpg;no
4310471;Juntas de motor — Tapas Cilindro;Junta Tapa de Cilindro · B&S 17-22 hp · 796584;juntas-de-motor;Juntas de motor;tapas-de-cilindro;Tapas de cilindro;;;4310471.jpg;no
4310476;Juntas de motor — Tapas Cilindro;Junta Tapa de Cilindro · B&S 450E · 799586;juntas-de-motor;Juntas de motor;tapas-de-cilindro;Tapas de cilindro;;;4310476.jpg;no
4310480;Juntas de motor — Tapas Cilindro;Junta Tapa de Cilindro · B&S 550 EX · 6 hp;juntas-de-motor;Juntas de motor;tapas-de-cilindro;Tapas de cilindro;;;4310480.jpg;no
4310483;DELI UILIN VII Junta Tapa de Cilindro BAS 13,5 14 hp 273280 GasT;DELI UILIN VII Junta Tapa de Cilindro BAS 13,5 14 hp 273280 GasT;juntas-de-motor;Juntas de motor;tapas-de-cilindro;Tapas de cilindro;;;4310483.jpg;no
4310485;Junta de tapa de cilindro,… Rotary 16465;Junta de tapa de cilindro,… Rotary 16465;juntas-de-motor;Juntas de motor;tapas-de-cilindro;Tapas de cilindro;;;;no
4310486;Briggs & Stratton 799587;Briggs & Stratton 799587;juntas-de-motor;Juntas de motor;tapas-de-cilindro;Tapas de cilindro;Briggs & Stratton;;;no
4310487;Briggs & Stratton 692218;Briggs & Stratton 692218;juntas-de-motor;Juntas de motor;tapas-de-cilindro;Tapas de cilindro;Briggs & Stratton;;;no
4310488;Kohler 20-041-13-S;Kohler 20-041-13-S;juntas-de-motor;Juntas de motor;tapas-de-cilindro;Tapas de cilindro;Kohler;;;no
4310493;Juntas de motor — Tapas Cilindro;Kit De Juntas · REPL B&S 697151;juntas-de-motor;Juntas de motor;tapas-de-cilindro;Tapas de cilindro;;;4310493.jpg;no
3204120;Cables;Cable Universal · 1,27 mts;maquinas-de-cortar-cesped;Máquinas de cortar césped;cables;Cables;;;3204120.jpg;no
3204121;Cables;Cable Universal · 1,47 mts;maquinas-de-cortar-cesped;Máquinas de cortar césped;cables;Cables;;;3204121.jpg;no
3204125;Cable de reemplazo 532176556;Cable de reemplazo 532176556;maquinas-de-cortar-cesped;Máquinas de cortar césped;cables;Cables;;;;no
3204132;Cables;Cable De Freno · HUSQ REPL-532431649;maquinas-de-cortar-cesped;Máquinas de cortar césped;cables;Cables;;;3204132.jpg;no
3204135;Cables;Cable Acelerador · HUSQ REPL-532440934;maquinas-de-cortar-cesped;Máquinas de cortar césped;cables;Cables;;;3204135.jpg;no
3204136;Cables;Cable de Freno · TORO REPL-104-8676;maquinas-de-cortar-cesped;Máquinas de cortar césped;cables;Cables;;;3204136.jpg;no
3204137;Cables;Cable de Freno · TORO REPL 104-8677;maquinas-de-cortar-cesped;Máquinas de cortar césped;cables;Cables;;;3204137.jpg;no
3204138;Cables;Cable Tracción · REPL-105-1844;maquinas-de-cortar-cesped;Máquinas de cortar césped;cables;Cables;;;3204138.jpg;no
3204141;Cables;Cable TORO · REPL 112-8818;maquinas-de-cortar-cesped;Máquinas de cortar césped;cables;Cables;;;3204141.jpg;no
3204142;Cables;Cable TORO · REPL 108-8156;maquinas-de-cortar-cesped;Máquinas de cortar césped;cables;Cables;;;3204142.jpg;no
3204143;Cables;Cable TORO · REPL 105-1845;maquinas-de-cortar-cesped;Máquinas de cortar césped;cables;Cables;;;3204143.jpg;no
3106052;Ruedas;Neumatico · 16*650-8;maquinas-de-cortar-cesped;Máquinas de cortar césped;camaras-y-neumaticos;Cámaras y neumáticos;;;3106052.jpg;no
3106053;Ruedas;Neumatico · 18*850-8;maquinas-de-cortar-cesped;Máquinas de cortar césped;camaras-y-neumaticos;Cámaras y neumáticos;;;3106053.jpg;no
3106054;Ruedas;Neumatico · 20*8-8;maquinas-de-cortar-cesped;Máquinas de cortar césped;camaras-y-neumaticos;Cámaras y neumáticos;;;3106054.jpg;no
3106055;Ruedas;Neumatico · 11*6*005;maquinas-de-cortar-cesped;Máquinas de cortar césped;camaras-y-neumaticos;Cámaras y neumáticos;;;3106055.jpg;no
3106056;Ruedas;Neumatico · 13*5*6;maquinas-de-cortar-cesped;Máquinas de cortar césped;camaras-y-neumaticos;Cámaras y neumáticos;;;3106056.jpg;no
3106057;Ruedas;Neumatico · 15*6*6;maquinas-de-cortar-cesped;Máquinas de cortar césped;camaras-y-neumaticos;Cámaras y neumáticos;;;3106057.jpg;no
3106058;Ruedas;Neumatico · 18*950*8;maquinas-de-cortar-cesped;Máquinas de cortar césped;camaras-y-neumaticos;Cámaras y neumáticos;;;3106058.jpg;no
3106059;Ruedas;Neumatico · 20*10*8;maquinas-de-cortar-cesped;Máquinas de cortar césped;camaras-y-neumaticos;Cámaras y neumáticos;;;3106059.jpg;no
3106065;Ruedas;Cámara · 15*600-6;maquinas-de-cortar-cesped;Máquinas de cortar césped;camaras-y-neumaticos;Cámaras y neumáticos;;;3106065.jpg;no
3106066;Ruedas;Cámara · 16*650-8;maquinas-de-cortar-cesped;Máquinas de cortar césped;camaras-y-neumaticos;Cámaras y neumáticos;;;3106066.jpg;no
3106067;Ruedas;Cámara · 18*850-8;maquinas-de-cortar-cesped;Máquinas de cortar césped;camaras-y-neumaticos;Cámaras y neumáticos;;;3106067.jpg;no
3106068;Ruedas;Cámara · 20*8-8;maquinas-de-cortar-cesped;Máquinas de cortar césped;camaras-y-neumaticos;Cámaras y neumáticos;;;3106068.jpg;no
3103501;Poleas — MTD / Cub Cadet / Toro;MTD 917-04376;maquinas-de-cortar-cesped;Máquinas de cortar césped;electroembragues;Electroembragues;MTD | Cub Cadet | Toro;;3103501.jpg;no
3103502;MTD / /;MTD / /;maquinas-de-cortar-cesped;Máquinas de cortar césped;electroembragues;Electroembragues;MTD;;3103502.jpg;no
3103503;MTD 717 04127;MTD 717 04127;maquinas-de-cortar-cesped;Máquinas de cortar césped;electroembragues;Electroembragues;MTD | Cub Cadet | Toro;;3103503.jpg;no
3103504;Poleas — MTD / Cub Cadet / Toro;MTD 917-04622;maquinas-de-cortar-cesped;Máquinas de cortar césped;electroembragues;Electroembragues;MTD | Cub Cadet | Toro;;3103504.jpg;no
3103505;MTD 917 05209 Cub Cadet RZT 50;MTD 917 05209 Cub Cadet RZT 50;maquinas-de-cortar-cesped;Máquinas de cortar césped;electroembragues;Electroembragues;MTD | Cub Cadet | Toro;;3103505.jpg;no
3103506;MTD 917 05121 Cub Cadet RZT 42;MTD 917 05121 Cub Cadet RZT 42;maquinas-de-cortar-cesped;Máquinas de cortar césped;electroembragues;Electroembragues;MTD | Cub Cadet | Toro;;3103506.jpg;no
3103510;Poleas — MTD / Cub Cadet / Toro;TORO 117-7468 · Timecutter;maquinas-de-cortar-cesped;Máquinas de cortar césped;electroembragues;Electroembragues;MTD | Cub Cadet | Toro;;3103510.jpg;no
3103511;TORO 110 6766 Titan Timecutter;TORO 110 6766 Titan Timecutter;maquinas-de-cortar-cesped;Máquinas de cortar césped;electroembragues;Electroembragues;MTD | Cub Cadet | Toro;;3103511.jpg;no
3103520;HQV 532414336 YTH24V54;HQV 532414336 YTH24V54;maquinas-de-cortar-cesped;Máquinas de cortar césped;electroembragues;Electroembragues;MTD | Cub Cadet | Toro;;3103520.jpg;no
3103521;HQV 532400008 Murray 48;HQV 532400008 Murray 48;maquinas-de-cortar-cesped;Máquinas de cortar césped;electroembragues;Electroembragues;MTD | Cub Cadet | Toro;;3103521.jpg;no
3103522;HQV 587241601;HQV 587241601;maquinas-de-cortar-cesped;Máquinas de cortar césped;electroembragues;Electroembragues;MTD | Cub Cadet | Toro;;3103522.jpg;no
3103523;HOV 532179335;HOV 532179335;maquinas-de-cortar-cesped;Máquinas de cortar césped;electroembragues;Electroembragues;MTD | Cub Cadet | Toro;;3103523.jpg;no
3103524;HQV 574607001 MZT 61;HQV 574607001 MZT 61;maquinas-de-cortar-cesped;Máquinas de cortar césped;electroembragues;Electroembragues;MTD | Cub Cadet | Toro;;3103524.jpg;no
3103525;HQV 532180505 YTH1842 5833897 01 LTH1842;HQV 532180505 YTH1842 5833897 01 LTH1842;maquinas-de-cortar-cesped;Máquinas de cortar césped;electroembragues;Electroembragues;MTD | Cub Cadet | Toro;;3103525.jpg;no
3103550;Poleas — John Deere;GY 10108 · LA130 / 140 / 150 / 155;maquinas-de-cortar-cesped;Máquinas de cortar césped;electroembragues;Electroembragues;John Deere;;3103550.jpg;no
3103551;INTERRUPTOR DE;INTERRUPTOR DE;maquinas-de-cortar-cesped;Máquinas de cortar césped;electroembragues;Electroembragues;John Deere;;3103551.jpg;no
3103552;Poleas — John Deere;AM 136787 · Z225;maquinas-de-cortar-cesped;Máquinas de cortar césped;electroembragues;Electroembragues;John Deere;;3103552.jpg;no
3103553;Poleas — John Deere;AM 136115 · Z245 / 225;maquinas-de-cortar-cesped;Máquinas de cortar césped;electroembragues;Electroembragues;John Deere;;3103553.jpg;no
3103570;603273K HUSTLER 48 /54;603273K HUSTLER 48 /54;maquinas-de-cortar-cesped;Máquinas de cortar césped;electroembragues;Electroembragues;MTD | Cub Cadet | Toro;;3103570.jpg;no
3103571;601325K HUSTLER;601325K HUSTLER;maquinas-de-cortar-cesped;Máquinas de cortar césped;electroembragues;Electroembragues;MTD | Cub Cadet | Toro;;3103571.jpg;no
3120966;Electroembragues — John Deere;Extremos De Dirección · REPL - 597069702;maquinas-de-cortar-cesped;Máquinas de cortar césped;electroembragues;Electroembragues;John Deere;;3120966.jpg;no
3120967;Electroembragues — John Deere;Rotula · REPL - 723-0448A;maquinas-de-cortar-cesped;Máquinas de cortar césped;electroembragues;Electroembragues;John Deere;;3120967.jpg;no
3120968;Electroembragues — John Deere;Rotula · REPL - 723-0156;maquinas-de-cortar-cesped;Máquinas de cortar césped;electroembragues;Electroembragues;John Deere;;3120968.jpg;no
3120969;Electroembragues — John Deere;Ruleman · REPL - 941-0484;maquinas-de-cortar-cesped;Máquinas de cortar césped;electroembragues;Electroembragues;John Deere;;3120969.jpg;no
3120970;Electroembragues — John Deere;Tuerca · REPL - 941-0656;maquinas-de-cortar-cesped;Máquinas de cortar césped;electroembragues;Electroembragues;John Deere;;3120970.jpg;no
3120971;Electroembragues — John Deere;Buje De Rueda · REPL - 532009040;maquinas-de-cortar-cesped;Máquinas de cortar césped;electroembragues;Electroembragues;John Deere;;3120971.jpg;no
3120972;Electroembragues — John Deere;Extremos De Dirección · REPL - 597069802;maquinas-de-cortar-cesped;Máquinas de cortar césped;electroembragues;Electroembragues;John Deere;;3120972.jpg;no
3120973;Electroembragues — John Deere;Extremos De Dirección · REPL - 597069902;maquinas-de-cortar-cesped;Máquinas de cortar césped;electroembragues;Electroembragues;John Deere;;3120973.jpg;no
3120974;Electroembragues — John Deere;Eje De Dirección · REPL - 738-0919A;maquinas-de-cortar-cesped;Máquinas de cortar césped;electroembragues;Electroembragues;John Deere;;3120974.jpg;no
3106050;Neumático 13-5-6 4 telas;Neumático 13-5-6 4 telas para…;maquinas-de-cortar-cesped;Máquinas de cortar césped;neumaticos;Neumáticos;;;;no
3106060;Neumático 11-4-5 4 telas Turf;Neumático 11-4-5 4 telas Turf;maquinas-de-cortar-cesped;Máquinas de cortar césped;neumaticos;Neumáticos;;;;no
3103011;Polea Transmisión 194326 Diám. 3.5 89 mm;Polea Transmisión 194326 Diám. 3.5 89 mm;maquinas-de-cortar-cesped;Máquinas de cortar césped;poleas;Poleas;AYP | Poulan | Husqvarna;;3103011.jpg;no
3103012;Polea Plataforma PC 197473 Diám. 6.2 157 mm;Polea Plataforma PC 197473 Diám. 6.2 157 mm;maquinas-de-cortar-cesped;Máquinas de cortar césped;poleas;Poleas;AYP | Poulan | Husqvarna;;3103012.jpg;no
3103013;Polea Tensora Plataforma PC 131494 173438 Diám. 3 7/8 98.45 mm;Polea Tensora Plataforma PC 131494 173438 Diám. 3 7/8 98.45 mm;maquinas-de-cortar-cesped;Máquinas de cortar césped;poleas;Poleas;AYP | Poulan | Husqvarna;;3103013.jpg;no
3103014;Polea Tensora Transmision Pc 179114 Diám. 3.57 89 mm;Polea Tensora Transmision Pc 179114 Diám. 3.57 89 mm;maquinas-de-cortar-cesped;Máquinas de cortar césped;poleas;Poleas;AYP | Poulan | Husqvarna;;3103014.jpg;no
3103015;Polea Tensora Transmision 91179 Diám. 88mm;Polea Tensora Transmision 91179 Diám. 88mm;maquinas-de-cortar-cesped;Máquinas de cortar césped;poleas;Poleas;AYP | Poulan | Husqvarna;;3103015.jpg;no
3103016;Polea Plataforma 153535 Diám. 5 3/16 131.76mm;Polea Plataforma 153535 Diám. 5 3/16 131.76mm;maquinas-de-cortar-cesped;Máquinas de cortar césped;poleas;Poleas;AYP | Poulan | Husqvarna;;3103016.jpg;no
3103017;Polea Transmisión Po 127783 Diám. 99mMM;Polea Transmisión Po 127783 Diám. 99mMM;maquinas-de-cortar-cesped;Máquinas de cortar césped;poleas;Poleas;AYP | Poulan | Husqvarna;;3103017.jpg;no
3103018;Polea Tensora Transmisión 194327 Diám. 3.5 88.90 mm;Polea Tensora Transmisión 194327 Diám. 3.5 88.90 mm;maquinas-de-cortar-cesped;Máquinas de cortar césped;poleas;Poleas;AYP | Poulan | Husqvarna;;3103018.jpg;no
3103019;Polea Tensora Plataforma 173437 Diám. 3.8 98.42 mm;Polea Tensora Plataforma 173437 Diám. 3.8 98.42 mm;maquinas-de-cortar-cesped;Máquinas de cortar césped;poleas;Poleas;AYP | Poulan | Husqvarna;;3103019.jpg;no
3103020;Polea Tensora 177968 Diám. 98,8 mm;Polea Tensora 177968 Diám. 98,8 mm;maquinas-de-cortar-cesped;Máquinas de cortar césped;poleas;Poleas;AYP | Poulan | Husqvarna;;3103020.jpg;no
3103021;Polea Plataforma 195945 Diám. 159 mm;Polea Plataforma 195945 Diám. 159 mm;maquinas-de-cortar-cesped;Máquinas de cortar césped;poleas;Poleas;AYP | Poulan | Husqvarna;;3103021.jpg;no
3103022;Polea Tensora 196106 Diám. 137 mm;Polea Tensora 196106 Diám. 137 mm;maquinas-de-cortar-cesped;Máquinas de cortar césped;poleas;Poleas;AYP | Poulan | Husqvarna;;3103022.jpg;no
3103023;Polea Tensora 196104 Diám. 135 mm;Polea Tensora 196104 Diám. 135 mm;maquinas-de-cortar-cesped;Máquinas de cortar césped;poleas;Poleas;AYP | Poulan | Husqvarna;;3103023.jpg;no
3103024;Polea Tensora Murray 690409 Diám. 3/47 86,3 mm;Polea Tensora Murray 690409 Diám. 3/47 86,3 mm;maquinas-de-cortar-cesped;Máquinas de cortar césped;poleas;Poleas;AYP | Poulan | Husqvarna;;3103024.jpg;no
3103025;Polea Transmision 136572 123 mm;Polea Transmision 136572 123 mm;maquinas-de-cortar-cesped;Máquinas de cortar césped;poleas;Poleas;AYP | Poulan | Husqvarna;;3103025.jpg;no
3103026;Polea Plataforma 153532 173435 129206 120 mm;Polea Plataforma 153532 173435 129206 120 mm;maquinas-de-cortar-cesped;Máquinas de cortar césped;poleas;Poleas;AYP | Poulan | Husqvarna;;3103026.jpg;no
3103027;Polea Doble AYP 175410 88 mm 137 mm;Polea Doble AYP 175410 88 mm 137 mm;maquinas-de-cortar-cesped;Máquinas de cortar césped;poleas;Poleas;AYP | Poulan | Husqvarna;;3103027.jpg;no
3103031;Poleas — Husqvarna;Polea REPL · 532173434;maquinas-de-cortar-cesped;Máquinas de cortar césped;poleas;Poleas;Husqvarna;;3103031.jpg;no
3103032;Polea tensora;Polea tensora REPL 532175820 114mm;maquinas-de-cortar-cesped;Máquinas de cortar césped;poleas;Poleas;Husqvarna;114mm;3103032.jpg;no
3103033;Polea tensora;Polea tensora REPL 532177968 98mm;maquinas-de-cortar-cesped;Máquinas de cortar césped;poleas;Poleas;Husqvarna;98mm;3103033.jpg;no
3103034;Polea tensora;Polea tensora REPL 539976688 124mm;maquinas-de-cortar-cesped;Máquinas de cortar césped;poleas;Poleas;Husqvarna;124mm;3103034.jpg;no
3103035;Polea tensora;Polea tensora REPL 539110311 85mm;maquinas-de-cortar-cesped;Máquinas de cortar césped;poleas;Poleas;Husqvarna;85mm;3103035.jpg;no
3103036;Polea (V);Polea (V) REPL 539113962 139mm TORO;maquinas-de-cortar-cesped;Máquinas de cortar césped;poleas;Poleas;Toro;139mm;3103036.jpg;no
3103111;Polea Plataforma 756 1187 Diám. 5 127 mm;Polea Plataforma 756 1187 Diám. 5 127 mm;maquinas-de-cortar-cesped;Máquinas de cortar césped;poleas;Poleas;MTD | Yard Machines | Cub Cadet;;3103111.jpg;no
3103112;Polea Tensora Plataforma 756 04129 Diám. 124 mm;Polea Tensora Plataforma 756 04129 Diám. 124 mm;maquinas-de-cortar-cesped;Máquinas de cortar césped;poleas;Poleas;MTD | Yard Machines | Cub Cadet;;3103112.jpg;no
3103113;Polea Plataforma 756 1227 Diám. 157 mm;Polea Plataforma 756 1227 Diám. 157 mm;maquinas-de-cortar-cesped;Máquinas de cortar césped;poleas;Poleas;MTD | Yard Machines | Cub Cadet;;3103113.jpg;no
3103114;Polea Tensora Plataforma 756 0627 Diám. 105 mm;Polea Tensora Plataforma 756 0627 Diám. 105 mm;maquinas-de-cortar-cesped;Máquinas de cortar césped;poleas;Poleas;MTD | Yard Machines | Cub Cadet;;3103114.jpg;no
3103115;Polea Plataforma 756 0980 Diám. 5.75 146 mm;Polea Plataforma 756 0980 Diám. 5.75 146 mm;maquinas-de-cortar-cesped;Máquinas de cortar césped;poleas;Poleas;MTD | Yard Machines | Cub Cadet;;3103115.jpg;no
3103116;Polea Transmision 756 1208 Diám. 47 101 mm;Polea Transmision 756 1208 Diám. 47 101 mm;maquinas-de-cortar-cesped;Máquinas de cortar césped;poleas;Poleas;MTD | Yard Machines | Cub Cadet;;3103116.jpg;no
3103117;Polea Doble Plataforma 756 0603 Diám. 5 127 mm;Polea Doble Plataforma 756 0603 Diám. 5 127 mm;maquinas-de-cortar-cesped;Máquinas de cortar césped;poleas;Poleas;MTD | Yard Machines | Cub Cadet;;3103117.jpg;no
3103118;Polea Doble 756 04196 86 mm 153 mm;Polea Doble 756 04196 86 mm 153 mm;maquinas-de-cortar-cesped;Máquinas de cortar césped;poleas;Poleas;MTD | Yard Machines | Cub Cadet;;3103118.jpg;no
3103119;Polea Plataforma 756 04216 Diám. 5.4 137,16 mn;Polea Plataforma 756 04216 Diám. 5.4 137,16 mn;maquinas-de-cortar-cesped;Máquinas de cortar césped;poleas;Poleas;MTD | Yard Machines | Cub Cadet;;3103119.jpg;no
3103120;Polea Tensora Pc 756 04224 Diám. 82 mm;Polea Tensora Pc 756 04224 Diám. 82 mm;maquinas-de-cortar-cesped;Máquinas de cortar césped;poleas;Poleas;MTD | Yard Machines | Cub Cadet;;3103120.jpg;no
3103121;Polea Tensora Plataforma 756 05034 Diám. 5 1/4;Polea Tensora Plataforma 756 05034 Diám. 5 1/4;maquinas-de-cortar-cesped;Máquinas de cortar césped;poleas;Poleas;MTD | Yard Machines | Cub Cadet;;3103121.jpg;no
3103122;Polea Plataforma 756 05036 Diám. 129 mm;Polea Plataforma 756 05036 Diám. 129 mm;maquinas-de-cortar-cesped;Máquinas de cortar césped;poleas;Poleas;MTD | Yard Machines | Cub Cadet;;3103122.jpg;no
3103123;"Polea “V” Plataforma Polea en ""V"" Polea Tensora 756-05038 756-04356 756-";"Polea “V” Plataforma Polea en ""V"" Polea Tensora 756-05038 756-04356 756-04511B 5,5"" Diam.";maquinas-de-cortar-cesped;Máquinas de cortar césped;poleas;Poleas;MTD | Yard Machines | Cub Cadet;;3103123.jpg;no
3103124;Polea Tensora Plataforma Po 756 1229 121 mm;Polea Tensora Plataforma Po 756 1229 121 mm;maquinas-de-cortar-cesped;Máquinas de cortar césped;poleas;Poleas;MTD | Yard Machines | Cub Cadet;;3103124.jpg;no
3103125;Polea Tensora Transmisión 756 04224 739 mm;Polea Tensora Transmisión 756 04224 739 mm;maquinas-de-cortar-cesped;Máquinas de cortar césped;poleas;Poleas;MTD | Yard Machines | Cub Cadet;;3103125.jpg;no
3103126;Polea Transmisión 756 04213 75 mm;Polea Transmisión 756 04213 75 mm;maquinas-de-cortar-cesped;Máquinas de cortar césped;poleas;Poleas;MTD | Yard Machines | Cub Cadet;;3103126.jpg;no
3103127;Polea Plataforma 756 05097 756 1188 139 mm;Polea Plataforma 756 05097 756 1188 139 mm;maquinas-de-cortar-cesped;Máquinas de cortar césped;poleas;Poleas;MTD | Yard Machines | Cub Cadet;;3103127.jpg;no
3103128;Polea Plataforma 756 05038 5,5 Diam;Polea Plataforma 756 05038 5,5 Diam;maquinas-de-cortar-cesped;Máquinas de cortar césped;poleas;Poleas;MTD | Yard Machines | Cub Cadet;;3103128.jpg;no
3103129;Poleas — Husqvarna;Variador Trans · Repl Mtd 956-04015;maquinas-de-cortar-cesped;Máquinas de cortar césped;poleas;Poleas;Husqvarna;;3103129.jpg;no
3103132;Polea Tensora 756 04511B;Polea Tensora 756 04511B;maquinas-de-cortar-cesped;Máquinas de cortar césped;poleas;Poleas;MTD | Yard Machines | Cub Cadet;;3103132.jpg;no
3103133;Polea en V' 756 04356;Polea en V' 756 04356;maquinas-de-cortar-cesped;Máquinas de cortar césped;poleas;Poleas;MTD | Yard Machines | Cub Cadet;;3103133.jpg;no
3103200;Polea tensora;Polea tensora REPL Toro 1062175…;maquinas-de-cortar-cesped;Máquinas de cortar césped;poleas;Poleas;Toro;;3103200.jpg;no
3103203;Poleas — Husqvarna;Polea Tensora · 116-3626 · 1-603843;maquinas-de-cortar-cesped;Máquinas de cortar césped;poleas;Poleas;Husqvarna;;3103203.jpg;no
3120975;Kit RS800;Kit RS800 REPL 587086703;maquinas-de-cortar-cesped;Máquinas de cortar césped;poleas;Poleas;AYP | Poulan | Husqvarna;;3120975.jpg;no
3120976;Kit RS800;Kit RS800 REPL 587086701;maquinas-de-cortar-cesped;Máquinas de cortar césped;poleas;Poleas;AYP | Poulan | Husqvarna;;3120976.jpg;no
3106036;Resorte 932-0384;Resorte 932-0384;maquinas-de-cortar-cesped;Máquinas de cortar césped;resortes-de-plataformas;Resortes de plataformas;;;3106036.jpg;no
3106037;Resorte 169022;Resorte 169022;maquinas-de-cortar-cesped;Máquinas de cortar césped;resortes-de-plataformas;Resortes de plataformas;;;3106037.jpg;no
3106038;Resorte 732-0459;Resorte 732-0459;maquinas-de-cortar-cesped;Máquinas de cortar césped;resortes-de-plataformas;Resortes de plataformas;;;3106038.jpg;no
3106011;MTD 734 04155 Diam. 5 127mm;MTD 734 04155 Diam. 5 127mm;maquinas-de-cortar-cesped;Máquinas de cortar césped;ruedas-de-plataforma-y-bulones;Ruedas de plataforma y bulones;;;3106011.jpg;no
3106012;MTD 938 3056 Largo 2.5 87mm;MTD 938 3056 Largo 2.5 87mm;maquinas-de-cortar-cesped;Máquinas de cortar césped;ruedas-de-plataforma-y-bulones;Ruedas de plataforma y bulones;;;3106012.jpg;no
3106013;MTD 734 0973 Diam. 5 127mm;MTD 734 0973 Diam. 5 127mm;maquinas-de-cortar-cesped;Máquinas de cortar césped;ruedas-de-plataforma-y-bulones;Ruedas de plataforma y bulones;;;3106013.jpg;no
3106014;MTD 938 0373 Largo 1 1/2 38.1mm;MTD 938 0373 Largo 1 1/2 38.1mm;maquinas-de-cortar-cesped;Máquinas de cortar césped;ruedas-de-plataforma-y-bulones;Ruedas de plataforma y bulones;;;3106014.jpg;no
3106015;AYP 174873 Diam 5 127mm;AYP 174873 Diam 5 127mm;maquinas-de-cortar-cesped;Máquinas de cortar césped;ruedas-de-plataforma-y-bulones;Ruedas de plataforma y bulones;;;3106015.jpg;no
3106016;Ruedas;"AYP 193406 · Largo 3 5/8"" (87mm)";maquinas-de-cortar-cesped;Máquinas de cortar césped;ruedas-de-plataforma-y-bulones;Ruedas de plataforma y bulones;;;3106016.jpg;no
3106017;1 603299 Toro 103 3168 Diam. 5 2.75;1 603299 Toro 103 3168 Diam. 5 2.75;maquinas-de-cortar-cesped;Máquinas de cortar césped;ruedas-de-plataforma-y-bulones;Ruedas de plataforma y bulones;;;3106017.jpg;no
3106018;RESORTES DE PLATAFORMAS;RESORTES DE PLATAFORMAS;maquinas-de-cortar-cesped;Máquinas de cortar césped;ruedas-de-plataforma-y-bulones;Ruedas de plataforma y bulones;;;3106018.jpg;no
3106019;Rueda De Plataforma 5321339 57;Rueda De Plataforma 5321339 57;maquinas-de-cortar-cesped;Máquinas de cortar césped;ruedas-de-plataforma-y-bulones;Ruedas de plataforma y bulones;;;3106019.jpg;no
3106020;Bulon Rueda Plataf. 5321339 57 87 mm;Bulon Rueda Plataf. 5321339 57 87 mm;maquinas-de-cortar-cesped;Máquinas de cortar césped;ruedas-de-plataforma-y-bulones;Ruedas de plataforma y bulones;;;3106020.jpg;no
3106021;MTD 732 04280 Plataforma Largo 165 mm;MTD 732 04280 Plataforma Largo 165 mm;maquinas-de-cortar-cesped;Máquinas de cortar césped;ruedas-de-plataforma-y-bulones;Ruedas de plataforma y bulones;;;3106021.jpg;no
3106022;MTD 732 04629 Plataforma Largo 127mm;MTD 732 04629 Plataforma Largo 127mm;maquinas-de-cortar-cesped;Máquinas de cortar césped;ruedas-de-plataforma-y-bulones;Ruedas de plataforma y bulones;;;3106022.jpg;no
3106023;MTD 932 0594 Plataforma Largo 197mm;MTD 932 0594 Plataforma Largo 197mm;maquinas-de-cortar-cesped;Máquinas de cortar césped;ruedas-de-plataforma-y-bulones;Ruedas de plataforma y bulones;;;3106023.jpg;no
3106024;MTD 932 0384 Plataforma Largo 155mm;MTD 932 0384 Plataforma Largo 155mm;maquinas-de-cortar-cesped;Máquinas de cortar césped;ruedas-de-plataforma-y-bulones;Ruedas de plataforma y bulones;;;3106024.jpg;no
3106025;MTD 732 04609 Plataforma Largo 107.95mm;MTD 732 04609 Plataforma Largo 107.95mm;maquinas-de-cortar-cesped;Máquinas de cortar césped;ruedas-de-plataforma-y-bulones;Ruedas de plataforma y bulones;;;3106025.jpg;no
3106026;MTD 732 04960 Plataforma Largo 193mm;MTD 732 04960 Plataforma Largo 193mm;maquinas-de-cortar-cesped;Máquinas de cortar césped;ruedas-de-plataforma-y-bulones;Ruedas de plataforma y bulones;;;3106026.jpg;no
3106027;MTD 732 04927 Plataforma Largo 216mm;MTD 732 04927 Plataforma Largo 216mm;maquinas-de-cortar-cesped;Máquinas de cortar césped;ruedas-de-plataforma-y-bulones;Ruedas de plataforma y bulones;;;3106027.jpg;no
3106029;HQV 196105 Plataforma Largo 190 mm;HQV 196105 Plataforma Largo 190 mm;maquinas-de-cortar-cesped;Máquinas de cortar césped;ruedas-de-plataforma-y-bulones;Ruedas de plataforma y bulones;;;3106029.jpg;no
3106034;Resorte De Plataforma 732 04287;Resorte De Plataforma 732 04287;maquinas-de-cortar-cesped;Máquinas de cortar césped;ruedas-de-plataforma-y-bulones;Ruedas de plataforma y bulones;;;;no
3106035;Resorte De Resorte Plataforma 732-0626 732-04287;Resorte De Resorte Plataforma 732-0626 732-04287;maquinas-de-cortar-cesped;Máquinas de cortar césped;ruedas-de-plataforma-y-bulones;Ruedas de plataforma y bulones;;;3106035.jpg;no
3206125;Ruedas — Para Máquinas Empuje;Rueda Cespera · Repl 7*1.75;maquinas-de-cortar-cesped;Máquinas de cortar césped;ruedas-para-maquinas-de-empuje;Ruedas para máquinas de empuje;;;3206125.jpg;no
3206126;Ruedas — Para Máquinas Empuje;Rueda Cespera · Repl 7*1.75 - 1/2;maquinas-de-cortar-cesped;Máquinas de cortar césped;ruedas-para-maquinas-de-empuje;Ruedas para máquinas de empuje;;;3206126.jpg;no
3206128;Ruedas — Para Máquinas Empuje;Rueda Cespera · Repl 7*1.75;maquinas-de-cortar-cesped;Máquinas de cortar césped;ruedas-para-maquinas-de-empuje;Ruedas para máquinas de empuje;;;3206128.jpg;no
3206129;Ruedas — Para Máquinas Empuje;Rueda Cespera · Repl 12*1.75;maquinas-de-cortar-cesped;Máquinas de cortar césped;ruedas-para-maquinas-de-empuje;Ruedas para máquinas de empuje;;;3206129.jpg;no
3206130;Ruedas — Para Máquinas Empuje;"Rueda · 8"" X 1.75";maquinas-de-cortar-cesped;Máquinas de cortar césped;ruedas-para-maquinas-de-empuje;Ruedas para máquinas de empuje;;;3206130.jpg;no
3206131;Rueda Toro 115-4695;Rueda Toro 115-4695;maquinas-de-cortar-cesped;Máquinas de cortar césped;ruedas-para-maquinas-de-empuje;Ruedas para máquinas de empuje;Toro;;;no
3102607;Torreta Completa;Torreta Completa Repl- 618-04129 Polea 125mm;maquinas-de-cortar-cesped;Máquinas de cortar césped;torretas-carcasas-ejes;Torretas / Carcasas / Ejes;MTD | Yard Machines | Cub Cadet;125mm;3102607.jpg;no
3102610;Torreta Completa 918-0138 38”/42”;Torreta Completa 918-0138 38”/42”;maquinas-de-cortar-cesped;Máquinas de cortar césped;torretas-carcasas-ejes;Torretas / Carcasas / Ejes;MTD | Yard Machines | Cub Cadet;;3102610.jpg;no
3102611;Carcasa Torreta 618-0138 38”/42”;Carcasa Torreta 618-0138 38”/42”;maquinas-de-cortar-cesped;Máquinas de cortar césped;torretas-carcasas-ejes;Torretas / Carcasas / Ejes;MTD | Yard Machines | Cub Cadet;;3102611.jpg;no
3102612;Torretas — MTD / Cub Cadet / Yard Machines;Eje Torreta 738-0933 · Para torreta 918-0138 · Largo 153 mm;maquinas-de-cortar-cesped;Máquinas de cortar césped;torretas-carcasas-ejes;Torretas / Carcasas / Ejes;MTD | Yard Machines | Cub Cadet;;3102612.jpg;no
3102613;Torreta Completa;Torreta Completa Repl-918-04825;maquinas-de-cortar-cesped;Máquinas de cortar césped;torretas-carcasas-ejes;Torretas / Carcasas / Ejes;MTD | Yard Machines | Cub Cadet;;3102613.jpg;no
3102614;Carcasa de Torreta;Carcasa de Torreta Repl 918-04825;maquinas-de-cortar-cesped;Máquinas de cortar césped;torretas-carcasas-ejes;Torretas / Carcasas / Ejes;MTD | Yard Machines | Cub Cadet;;3102614.jpg;no
3102615;Torretas — MTD / Cub Cadet / Yard Machines;Eje Torreta · Para Torreta 918-04825 · Largo 122 mm;maquinas-de-cortar-cesped;Máquinas de cortar césped;torretas-carcasas-ejes;Torretas / Carcasas / Ejes;MTD | Yard Machines | Cub Cadet;;3102615.jpg;no
3102616;Torretas — MTD / Cub Cadet / Yard Machines;Torreta 918-04126;maquinas-de-cortar-cesped;Máquinas de cortar césped;torretas-carcasas-ejes;Torretas / Carcasas / Ejes;MTD | Yard Machines | Cub Cadet;;3102616.jpg;no
3102617;Torretas — MTD / Cub Cadet / Yard Machines;Carcasa 918-04126;maquinas-de-cortar-cesped;Máquinas de cortar césped;torretas-carcasas-ejes;Torretas / Carcasas / Ejes;MTD | Yard Machines | Cub Cadet;;3102617.jpg;no
3102618;Torretas — MTD / Cub Cadet / Yard Machines;Eje 738-1010A · Para Torreta 918-04126 · Largo 165 mm;maquinas-de-cortar-cesped;Máquinas de cortar césped;torretas-carcasas-ejes;Torretas / Carcasas / Ejes;MTD | Yard Machines | Cub Cadet;;3102618.jpg;no
3102619;Torreta Completa 918-0574 42” Serie 600;Torreta Completa 918-0574 42” Serie 600;maquinas-de-cortar-cesped;Máquinas de cortar césped;torretas-carcasas-ejes;Torretas / Carcasas / Ejes;MTD | Yard Machines | Cub Cadet;;3102619.jpg;no
3102620;Carcasa de Torreta;Carcasa de Torreta Repl-918-0574;maquinas-de-cortar-cesped;Máquinas de cortar césped;torretas-carcasas-ejes;Torretas / Carcasas / Ejes;MTD | Yard Machines | Cub Cadet;;3102620.jpg;no
3102621;Torretas — MTD / Cub Cadet / Yard Machines;Eje Torreta · Para Torreta 918-0574 · Largo 125 mm;maquinas-de-cortar-cesped;Máquinas de cortar césped;torretas-carcasas-ejes;Torretas / Carcasas / Ejes;MTD | Yard Machines | Cub Cadet;;3102621.jpg;no
3102622;Torreta Completa 918-0240 46” Eje Macho;Torreta Completa 918-0240 46” Eje Macho;maquinas-de-cortar-cesped;Máquinas de cortar césped;torretas-carcasas-ejes;Torretas / Carcasas / Ejes;MTD | Yard Machines | Cub Cadet;;3102622.jpg;no
3102624;Torreta Completa 918-0241 46” Eje Macho;Torreta Completa 918-0241 46” Eje Macho;maquinas-de-cortar-cesped;Máquinas de cortar césped;torretas-carcasas-ejes;Torretas / Carcasas / Ejes;MTD | Yard Machines | Cub Cadet;;3102624.jpg;no
3102626;Torreta Completa 918-0116 46” Eje Hembra;Torreta Completa 918-0116 46” Eje Hembra;maquinas-de-cortar-cesped;Máquinas de cortar césped;torretas-carcasas-ejes;Torretas / Carcasas / Ejes;MTD | Yard Machines | Cub Cadet;;3102626.jpg;no
3102628;Torreta Completa 918-0117 46” Eje Hembra;Torreta Completa 918-0117 46” Eje Hembra;maquinas-de-cortar-cesped;Máquinas de cortar césped;torretas-carcasas-ejes;Torretas / Carcasas / Ejes;MTD | Yard Machines | Cub Cadet;;3102628.jpg;no
3102631;Torreta Completa;"Torreta Completa Repl 918-04822 Rzt 42""-50""";maquinas-de-cortar-cesped;Máquinas de cortar césped;torretas-carcasas-ejes;Torretas / Carcasas / Ejes;MTD | Yard Machines | Cub Cadet;;3102631.jpg;no
3102632;Torretas — MTD / Cub Cadet / Yard Machines;"Carcasa 619-04183 · RZT 50""";maquinas-de-cortar-cesped;Máquinas de cortar césped;torretas-carcasas-ejes;Torretas / Carcasas / Ejes;MTD | Yard Machines | Cub Cadet;;3102632.jpg;no
3102633;Torretas — MTD / Cub Cadet / Yard Machines;Eje 738-1186 · Para torreta 918-04822 · Largo 175 mm;maquinas-de-cortar-cesped;Máquinas de cortar césped;torretas-carcasas-ejes;Torretas / Carcasas / Ejes;MTD | Yard Machines | Cub Cadet;;3102633.jpg;no
3102635;ELE VII Torreta Completa 618 04865 LTX1045 Polea 164 mm a;ELE VII Torreta Completa 618 04865 LTX1045 Polea 164 mm a;maquinas-de-cortar-cesped;Máquinas de cortar césped;torretas-carcasas-ejes;Torretas / Carcasas / Ejes;MTD | Yard Machines | Cub Cadet;;3102635.jpg;no
3102636;Torreta Completa Re 918 04474B;Torreta Completa Re 918 04474B;maquinas-de-cortar-cesped;Máquinas de cortar césped;torretas-carcasas-ejes;Torretas / Carcasas / Ejes;MTD | Yard Machines | Cub Cadet;;3102636.jpg;no
3102640;Torreta completa 187292 AYP 38''/42'/48 /54;Torreta completa 187292 AYP 38''/42'/48 /54;maquinas-de-cortar-cesped;Máquinas de cortar césped;torretas-carcasas-ejes;Torretas / Carcasas / Ejes;AYP | Poulan | Husqvarna;;3102640.jpg;no
3102641;Carcasa Torreta 187281 AYP 38/42 7/48/54;Carcasa Torreta 187281 AYP 38/42 7/48/54;maquinas-de-cortar-cesped;Máquinas de cortar césped;torretas-carcasas-ejes;Torretas / Carcasas / Ejes;AYP | Poulan | Husqvarna;;3102641.jpg;no
3102642;Eje Torreta 187291 MP;Eje Torreta 187291 MP;maquinas-de-cortar-cesped;Máquinas de cortar césped;torretas-carcasas-ejes;Torretas / Carcasas / Ejes;AYP | Poulan | Husqvarna;;3102642.jpg;no
3102643;Torreta completa 174356 46/52;Torreta completa 174356 46/52;maquinas-de-cortar-cesped;Máquinas de cortar césped;torretas-carcasas-ejes;Torretas / Carcasas / Ejes;AYP | Poulan | Husqvarna;;3102643.jpg;no
3102644;Carcasa Torreta AYP 174358;Carcasa Torreta AYP 174358;maquinas-de-cortar-cesped;Máquinas de cortar césped;torretas-carcasas-ejes;Torretas / Carcasas / Ejes;AYP | Poulan | Husqvarna;;3102644.jpg;no
3102645;Eje Torreta Tor AYP 174360;Eje Torreta Tor AYP 174360;maquinas-de-cortar-cesped;Máquinas de cortar césped;torretas-carcasas-ejes;Torretas / Carcasas / Ejes;AYP | Poulan | Husqvarna;;3102645.jpg;no
3102646;Torretas — AYP / HQV / Poulan;"Torreta completa 130794 · AYP 36""/38""/42""";maquinas-de-cortar-cesped;Máquinas de cortar césped;torretas-carcasas-ejes;Torretas / Carcasas / Ejes;AYP | Poulan | Husqvarna;;3102646.jpg;no
3102647;Carcasa Torreta 128774 AYP 36/38/42;Carcasa Torreta 128774 AYP 36/38/42;maquinas-de-cortar-cesped;Máquinas de cortar césped;torretas-carcasas-ejes;Torretas / Carcasas / Ejes;AYP | Poulan | Husqvarna;;3102647.jpg;no
3102648;Eje Torreta 137646 1 AYP 36/38/42;Eje Torreta 137646 1 AYP 36/38/42;maquinas-de-cortar-cesped;Máquinas de cortar césped;torretas-carcasas-ejes;Torretas / Carcasas / Ejes;AYP | Poulan | Husqvarna;;3102648.jpg;no
3102649;Torreta Completa AYP 143651;Torreta Completa AYP 143651;maquinas-de-cortar-cesped;Máquinas de cortar césped;torretas-carcasas-ejes;Torretas / Carcasas / Ejes;AYP | Poulan | Husqvarna;;3102649.jpg;no
3102650;Carcasa Torreta AYP 137152;Carcasa Torreta AYP 137152;maquinas-de-cortar-cesped;Máquinas de cortar césped;torretas-carcasas-ejes;Torretas / Carcasas / Ejes;AYP | Poulan | Husqvarna;;3102650.jpg;no
3102651;Eje Torreta AYP 137553;Eje Torreta AYP 137553;maquinas-de-cortar-cesped;Máquinas de cortar césped;torretas-carcasas-ejes;Torretas / Carcasas / Ejes;AYP | Poulan | Husqvarna;;3102651.jpg;no
3102659;orreta completa 5391121 70;orreta completa 5391121 70;maquinas-de-cortar-cesped;Máquinas de cortar césped;torretas-carcasas-ejes;Torretas / Carcasas / Ejes;AYP | Poulan | Husqvarna;;3102659.jpg;no
3102670;Torreta completa;Torreta completa;maquinas-de-cortar-cesped;Máquinas de cortar césped;torretas-carcasas-ejes;Torretas / Carcasas / Ejes;MTD | Yard Machines | Cub Cadet;;3102670.jpg;no
3102671;Eje 91921 Largo 165mm;Eje 91921 Largo 165mm;maquinas-de-cortar-cesped;Máquinas de cortar césped;torretas-carcasas-ejes;Torretas / Carcasas / Ejes;MTD | Yard Machines | Cub Cadet;;3102671.jpg;no
3102672;Eje 91922 Largo 200mm y;Eje 91922 Largo 200mm y;maquinas-de-cortar-cesped;Máquinas de cortar césped;torretas-carcasas-ejes;Torretas / Carcasas / Ejes;MTD | Yard Machines | Cub Cadet;;3102672.jpg;no
3102673;Torreta completa 55962 To 38/40/42;Torreta completa 55962 To 38/40/42;maquinas-de-cortar-cesped;Máquinas de cortar césped;torretas-carcasas-ejes;Torretas / Carcasas / Ejes;MTD | Yard Machines | Cub Cadet;;3102673.jpg;no
3102674;Torretas — MTD / Cub Cadet / Yard Machines;Eje 94129 · Largo 180mm;maquinas-de-cortar-cesped;Máquinas de cortar césped;torretas-carcasas-ejes;Torretas / Carcasas / Ejes;MTD | Yard Machines | Cub Cadet;;3102674.jpg;no
3102676;Torretas — MTD / Cub Cadet / Yard Machines;"Torreta completa 1001200 · 36""/40""/42""/46""";maquinas-de-cortar-cesped;Máquinas de cortar césped;torretas-carcasas-ejes;Torretas / Carcasas / Ejes;MTD | Yard Machines | Cub Cadet;;3102676.jpg;no
3102680;Torreta completa Serie 100 42/48 6Y21098;Torreta completa Serie 100 42/48 6Y21098;maquinas-de-cortar-cesped;Máquinas de cortar césped;torretas-carcasas-ejes;Torretas / Carcasas / Ejes;MTD | Yard Machines | Cub Cadet;;3102680.jpg;no
3102683;Torreta completa Te 42 6Y21099;Torreta completa Te 42 6Y21099;maquinas-de-cortar-cesped;Máquinas de cortar césped;torretas-carcasas-ejes;Torretas / Carcasas / Ejes;MTD | Yard Machines | Cub Cadet;;3102683.jpg;no
3102686;Torreta completa X300 To 42 AM136733;Torreta completa X300 To 42 AM136733;maquinas-de-cortar-cesped;Máquinas de cortar césped;torretas-carcasas-ejes;Torretas / Carcasas / Ejes;MTD | Yard Machines | Cub Cadet;;3102686.jpg;no
3102690;Torreta Comp. AM121342;Torreta Comp. AM121342;maquinas-de-cortar-cesped;Máquinas de cortar césped;torretas-carcasas-ejes;Torretas / Carcasas / Ejes;MTD | Yard Machines | Cub Cadet;;3102690.jpg;no
3102693;Torreta Completa GY20050;Torreta Completa GY20050;maquinas-de-cortar-cesped;Máquinas de cortar césped;torretas-carcasas-ejes;Torretas / Carcasas / Ejes;MTD | Yard Machines | Cub Cadet;;3102693.jpg;no
3102701;Torreta Completa Toro 117 7439 5S4200 SS5000;Torreta Completa Toro 117 7439 5S4200 SS5000;maquinas-de-cortar-cesped;Máquinas de cortar césped;torretas-carcasas-ejes;Torretas / Carcasas / Ejes;MTD | Yard Machines | Cub Cadet;;3102701.jpg;no
3102704;Torreta Completa 88 4510 2560 ZX5000;Torreta Completa 88 4510 2560 ZX5000;maquinas-de-cortar-cesped;Máquinas de cortar césped;torretas-carcasas-ejes;Torretas / Carcasas / Ejes;MTD | Yard Machines | Cub Cadet;;3102704.jpg;no
3120964;Kit De Tuerca Y Bulones;Kit De Tuerca Y Bulones Para Torreta AYP 0 HUSQ;maquinas-de-cortar-cesped;Máquinas de cortar césped;torretas-carcasas-ejes;Torretas / Carcasas / Ejes;AYP | Poulan | Husqvarna;;3120964.jpg;no
3120965;Kit De Tuerca Y Tuerca Torreta Bulones;Kit De Tuerca Y Tuerca Torreta Bulones Para Torreta REPL 918-04865 AYP O HUSQ;maquinas-de-cortar-cesped;Máquinas de cortar césped;torretas-carcasas-ejes;Torretas / Carcasas / Ejes;AYP | Husqvarna;;3120965.jpg;no
3206211;Torreta Completa Reparacion de Ojales Plat. 918-04474B Mtd;Torreta Completa Reparacion de Ojales Plat. 918-04474B Mtd;maquinas-de-cortar-cesped;Máquinas de cortar césped;torretas-carcasas-ejes;Torretas / Carcasas / Ejes;MTD;;3206211.jpg;no
3206212;Reparacion de Ojales Plat. JD;Reparacion de Ojales Plat. JD;maquinas-de-cortar-cesped;Máquinas de cortar césped;torretas-carcasas-ejes;Torretas / Carcasas / Ejes;MTD | Yard Machines | Cub Cadet;;3206212.jpg;no
4325340;Cables;Solenoide Minitractores · OEM 506558601 · 1 Borne;minitractores;Minitractores;cables;Cables;;;4325340.jpg;no
4325341;DE ACEITE 4T;DE ACEITE 4T;minitractores;Minitractores;cables;Cables;;;4325341.jpg;no
4325350;Tambor De Arranque HUSQ;Tambor De Arranque HUSQ REPL 532175566;minitractores;Minitractores;cables;Cables;Husqvarna;;4325350.jpg;no
4325351;Tambor De Arranque MTD;Tambor De Arranque MTD REPL 925-04659;minitractores;Minitractores;cables;Cables;MTD;;4325351.jpg;no
4325352;Tambor De Arranque Tambor De Arranque Tambor De Arranque UNIV 5 T;Tambor De Arranque Tambor De Arranque Tambor De Arranque UNIV 5 T REPL UNIV 6 T REPL UNIV 7 T REPL SOLENOIDES DE ARRANQUE;minitractores;Minitractores;cables;Cables;;;4325352.jpg;no
4325353;Tambor De Arranque UNIV 6 T;Tambor De Arranque UNIV 6 T REPL;minitractores;Minitractores;cables;Cables;;;4325353.jpg;no
4325354;Tambor De Arranque UNIV 7 T;Tambor De Arranque UNIV 7 T REPL;minitractores;Minitractores;cables;Cables;;;4325354.jpg;no
4325358;Tambor De Arranque -925-06102B;Tambor De Arranque -925-06102B;minitractores;Minitractores;cables;Cables;;;4325358.jpg;no
4325359;Tambor De Arranque HUSQ;Tambor De Arranque HUSQ REPL-532193350;minitractores;Minitractores;cables;Cables;Husqvarna;;4325359.jpg;no
4325360;Llave De Tambor De Arranque;Llave De Tambor De Arranque REPL N- 625-05002;minitractores;Minitractores;cables;Cables;;;4325360.jpg;no
3104001;Cables;Acción de cuchillas · AYP 169676 · 175067 / 193235;minitractores;Minitractores;cables-de-accionamiento;Cables de accionamiento;;;3104001.jpg;no
3104002;Cables;Acción de cuchillas · HQV 584243501 AYP 197257 · 435111 / 408714;minitractores;Minitractores;cables-de-accionamiento;Cables de accionamiento;;;3104002.jpg;no
3104005;Cable Plataforma Acción de cuchillas Acción de cuchillas;Cable Plataforma Acción de cuchillas Acción de cuchillas REPL 532435110 MTD 946-04173 MTD 946-04092;minitractores;Minitractores;cables-de-accionamiento;Cables de accionamiento;MTD;;3104005.jpg;no
3104111;Acción de cuchillas MTD 946-04173;Acción de cuchillas MTD 946-04173;minitractores;Minitractores;cables-de-accionamiento;Cables de accionamiento;;;3104111.jpg;no
3104112;Acción de cuchillas MTD 946-04092;Acción de cuchillas MTD 946-04092;minitractores;Minitractores;cables-de-accionamiento;Cables de accionamiento;;;3104112.jpg;no
3104113;Acción de cuchillas MTD 946-05124A;Acción de cuchillas MTD 946-05124A;minitractores;Minitractores;cables-de-accionamiento;Cables de accionamiento;;;3104113.jpg;no
3104114;Cables;Acción de cuchillas · MTD 946-04618;minitractores;Minitractores;cables-de-accionamiento;Cables de accionamiento;;;3104114.jpg;no
3104115;Cable plataforma MTD;Cable plataforma MTD;minitractores;Minitractores;cables-de-accionamiento;Cables de accionamiento;;;3104115.jpg;no
3104117;Cable Acelerador;Cable Acelerador REPL - 946-05098;minitractores;Minitractores;cables-de-accionamiento;Cables de accionamiento;;;3104117.jpg;no
3104201;Acción de cuchillas Cable Acelerador Acción de cuchillas MTD 946-05124A;Acción de cuchillas Cable Acelerador Acción de cuchillas MTD 946-05124A REPL 946-05098 John Deere GY21106 MAQUINAS DE;minitractores;Minitractores;cables-de-accionamiento;Cables de accionamiento;MTD | John Deere;;3104201.jpg;no
3204111;Cables;Stop Cortacesped · MTD 746-0553;minitractores;Minitractores;cables-de-accionamiento;Cables de accionamiento;;;3204111.jpg;no
3204112;Cables;Stop Cortacesped · HQV 532851809;minitractores;Minitractores;cables-de-accionamiento;Cables de accionamiento;;;3204112.jpg;no
3204113;Cables;Stop Cortacesped · HQV 532130861;minitractores;Minitractores;cables-de-accionamiento;Cables de accionamiento;;;3204113.jpg;no
3204117;Cables;Stop Cortacesped · Oleo Mac;minitractores;Minitractores;cables-de-accionamiento;Cables de accionamiento;;;3204117.jpg;no
3204128;Cable De Freno HUSQ;Cable De Freno HUSQ REPL-532183281;minitractores;Minitractores;cables-de-accionamiento;Cables de accionamiento;;;3204128.jpg;no
3204129;Cable De Freno HUSQ;Cable De Freno HUSQ REPL-532183567;minitractores;Minitractores;cables-de-accionamiento;Cables de accionamiento;;;3204129.jpg;no
3204130;Cable De Freno HUSQ;Cable De Freno HUSQ REPL-532194653;minitractores;Minitractores;cables-de-accionamiento;Cables de accionamiento;;;3204130.jpg;no
3204131;Cable De Freno Cable De Freno Cable De Freno Cable De Freno HUSQ;Cable De Freno Cable De Freno Cable De Freno Cable De Freno HUSQ REPL-532183281 HUSQ REPL-532183567 HUSQ REPL-532194653 HUSQ REPL 532415350;minitractores;Minitractores;cables-de-accionamiento;Cables de accionamiento;Husqvarna;;3204131.jpg;no
3204139;Cable De Transmisión MTD;Cable De Transmisión MTD REPL 946-04728;minitractores;Minitractores;cables-de-accionamiento;Cables de accionamiento;MTD;;3204139.jpg;no
3204140;Cable MTD;Cable MTD REPL 946-0935;minitractores;Minitractores;cables-de-accionamiento;Cables de accionamiento;MTD;;3204140.jpg;no
2888255;"754-04142 Plataforma 1° Serie 700H-779H 46"" De Corte 91,40"" X1/2”";"Plataforma 1° Serie 700H-779H 46"" De Corte 91,40"" X1/2”";minitractores;Minitractores;correas-de-kevlar;Correas de kevlar;MTD | Yard Machines | Yard-Man | Troy Bilt | White;"91,40"" X1/2"" | 91,40"" X1/2";correas-kevlar-generica.jpg;no
5888064;Correa Transmisión MTD 20X1760;Transmisión MTD 20X1760;minitractores;Minitractores;correas-de-kevlar;Correas de kevlar;MTD;20X1760;correas-kevlar-generica.jpg;no
5888065;"Correa 754-0200 Plataforma Cub Cadet - MTD 48""X1/2""";"Plataforma Cub Cadet - MTD 48""X1/2""";minitractores;Minitractores;correas-de-kevlar;Correas de kevlar;MTD | Cub Cadet;"48""X1/2""";correas-kevlar-generica.jpg;no
5888069;Correa 754-0505 Plataforma Cub Cadet LX 54” 139” X 5/8”;Cub Cadet LX 54” 139” X 5/8”;minitractores;Minitractores;correas-de-kevlar;Correas de kevlar;Cub Cadet;"Cub Cadet LX 54"" 139"" X 5/8"" | 139” X 5/8”";correas-kevlar-generica.jpg;no
5888070;"Correa 5888070 Plataforma 48"" De Corte Z Beast 135"" X 5/8""";"Plataforma 48"" De Corte Z Beast 135"" X 5/8""";minitractores;Minitractores;correas-de-kevlar;Correas de kevlar;AYP | Poulan | Weed Eater | Craftsman;"135"" X 5/8""";correas-kevlar-generica.jpg;no
5888071;Correa 754-0754 Plataforma Yard Man - Rider 52” X 5/8”;Yard Man - Rider 52” X 5/8”;minitractores;Minitractores;correas-de-kevlar;Correas de kevlar;MTD | Yard Machines | Yard-Man | Troy Bilt | White;"Yard Man - Rider 52"" X 5/8"" | 52” X 5/8”";correas-kevlar-generica.jpg;no
5888072;Correa 754-05027 Transmisión Cub Cadet LX 54” 91,2” X 1/2”;Cub Cadet LX 54” 91,2” X 1/2”;minitractores;Minitractores;correas-de-kevlar;Correas de kevlar;Cub Cadet;"Cub Cadet LX 54"" 91,2"" X 1/2"" | 91,2” X 1/2”";correas-kevlar-generica.jpg;no
5888073;Correa 754-05021 Plataforma Cub Cadet LT 42” 100” X 1/2”;Cub Cadet LT 42” 100” X 1/2”;minitractores;Minitractores;correas-de-kevlar;Correas de kevlar;Cub Cadet;"Cub Cadet LT 42"" 100"" X 1/2"" | 100” X 1/2”";correas-kevlar-generica.jpg;no
5888075;Correa 754-3039 Plataforma Cub Cadet 44” De Corte 103” X 1/2”;Cub Cadet 44” De Corte 103” X 1/2”;minitractores;Minitractores;correas-de-kevlar;Correas de kevlar;Cub Cadet;"Cub Cadet 44"" De Corte 103"" X 1/2"" | 103” X 1/2”";correas-kevlar-generica.jpg;no
5888076;Correa 754-0341 Plataforma Cub Cadet 48” De Corte 105” X 1/2”;Cub Cadet 48” De Corte 105” X 1/2”;minitractores;Minitractores;correas-de-kevlar;Correas de kevlar;Cub Cadet;"Cub Cadet 48"" De Corte 105"" X 1/2"" | 105” X 1/2”";correas-kevlar-generica.jpg;no
5888077;Correa 754-3078 Plataforma Cub Cadet 46” y 48” Serie 2500 161” X 5/8”;Cub Cadet 46” y 48” Serie 2500 161” X 5/8”;minitractores;Minitractores;correas-de-kevlar;Correas de kevlar;Cub Cadet;"Cub Cadet 46"" y 48"" Serie 2500 161"" X 5/8"" | 161” X 5/8”";correas-kevlar-generica.jpg;no
5888078;"Correa 754-0264 Plataforma Rider 30"" 13504A 52""X1/2""";"Plataforma Rider 30"" 13504A 52""X1/2""";minitractores;Minitractores;correas-de-kevlar;Correas de kevlar;MTD | Yard Machines | Yard-Man | Troy Bilt | White;"52""X1/2""";correas-kevlar-generica.jpg;no
5888079;Correa Serie 600/772 35” X 5/8” 6;Serie 600/772 35” X 5/8” 6;minitractores;Minitractores;correas-de-kevlar;Correas de kevlar;MTD | Yard Machines | Yard-Man | Troy Bilt | White;"Serie 600/772 35"" X 5/8"" 6 | 35” X 5/8”";correas-kevlar-generica.jpg;no
5888080;"Correa 754-0642 Plataforma 54"" Autodrive Serie 808K 137,5"" X 5/5""";"Plataforma 54"" Autodrive Serie 808K 137,5"" X 5/5""";minitractores;Minitractores;correas-de-kevlar;Correas de kevlar;MTD | Yard Machines | Yard-Man | Troy Bilt | White;"137,5"" X 5/5""";correas-kevlar-generica.jpg;no
5888082;Correa 754-3051 Transmisión CubCadet 97,4” X 5/8”;CubCadet 97,4” X 5/8”;minitractores;Minitractores;correas-de-kevlar;Correas de kevlar;MTD | Yard Machines | Yard-Man | Troy Bilt | White;"CubCadet 97,4"" X 5/8"" | 97,4” X 5/8”";correas-kevlar-generica.jpg;no
5888083;Correa 754-3055A Plataforma Cub Cadet 42” Serie 2000 112,5” X 5/8”;Cub Cadet 42” Serie 2000 112,5” X 5/8”;minitractores;Minitractores;correas-de-kevlar;Correas de kevlar;Cub Cadet;"Cub Cadet 42"" Serie 2000 112,5"" X 5/8"" | 112,5” X 5/8”";correas-kevlar-generica.jpg;no
5888085;Correa 954-04252 Transmisión MTD Gold 42” De Corte Hidrostático 84,25” X 1/2”;84,25” X 1/2”;minitractores;Minitractores;correas-de-kevlar;Correas de kevlar;MTD | Yard Machines | Yard-Man | Troy Bilt | White;"84,25"" X 1/2"" | 84,25” X 1/2”";correas-kevlar-generica.jpg;no
5888086;"Correa 754-0428 Transmisión Motocultivador 42""X1/2""";"Transmisión Motocultivador 42""X1/2""";minitractores;Minitractores;correas-de-kevlar;Correas de kevlar;MTD | Yard Machines | Yard-Man | Troy Bilt | White;"42""X1/2""";correas-kevlar-generica.jpg;no
5888087;"Correa 754-04090 Tracción Troy Bilt Motocultivador 25,3"" X1/2""";"Tracción Troy Bilt Motocultivador 25,3"" X1/2""";minitractores;Minitractores;correas-de-kevlar;Correas de kevlar;Troy Bilt;"25,3"" X1/2""";correas-kevlar-generica.jpg;no
5888088;"Correa 754-04091 Tracción Cub Cadet Rotovator 29"" X 3/8""";"Tracción Cub Cadet Rotovator 29"" X 3/8""";minitractores;Minitractores;correas-de-kevlar;Correas de kevlar;Cub Cadet;"29"" X 3/8""";correas-kevlar-generica.jpg;no
5888089;Correa 754-05078 Plataforma Cub Cadet RZT 50” Serie 3 141,3” X 5/8”;Cub Cadet RZT 50” Serie 3 141,3” X 5/8”;minitractores;Minitractores;correas-de-kevlar;Correas de kevlar;Cub Cadet;"Cub Cadet RZT 50"" Serie 3 141,3"" X 5/8"" | 141,3” X 5/8”";correas-kevlar-generica.jpg;no
5888090;Correa 754-0145 Plataforma Plataforma Primaria 69,50” X 5/8”;Plataforma Plataforma Primaria 69,50” X 5/8”;minitractores;Minitractores;correas-de-kevlar;Correas de kevlar;MTD | Yard Machines | Yard-Man | Troy Bilt | White;69,50” X 5/8”;correas-kevlar-generica.jpg;no
5888093;"Correa 754-0226 Transmisión Riders Serie 497 82""X1/2""";"Transmisión Riders Serie 497 82""X1/2""";minitractores;Minitractores;correas-de-kevlar;Correas de kevlar;MTD | Yard Machines | Yard-Man | Troy Bilt | White;"82""X1/2""";correas-kevlar-generica.jpg;no
5888094;Correa 754-04285 Vel. Variable 32” y 42” De Corte 34,91” X 5/8”;32” y 42” De Corte 34,91” X 5/8”;minitractores;Minitractores;correas-de-kevlar;Correas de kevlar;MTD | Yard Machines | Yard-Man | Troy Bilt | White;"32"" y 42"" De Corte 34,91"" X 5/8"" | 34,91” X 5/8”";correas-kevlar-generica.jpg;no
5888095;"Correa 754-0228 Plataforma 1° 46"" Auto Drive Serie 808H 62""X5/8""";"Plataforma 1° 46"" Auto Drive Serie 808H 62""X5/8""";minitractores;Minitractores;correas-de-kevlar;Correas de kevlar;MTD | Yard Machines | Yard-Man | Troy Bilt | White;"62""X5/8""";correas-kevlar-generica.jpg;no
5888096;"Correa 754-0229 Plataforma 199 30"" De Corte 52""X1/2""";"Plataforma 199 30"" De Corte 52""X1/2""";minitractores;Minitractores;correas-de-kevlar;Correas de kevlar;MTD | Yard Machines | Yard-Man | Troy Bilt | White;"52""X1/2""";correas-kevlar-generica.jpg;no
5888097;"Correa 754-0236 Transmisión Troy Bilt 42"" De Corte 85,2"" X1/2""";"Transmisión Troy Bilt 42"" De Corte 85,2"" X1/2""";minitractores;Minitractores;correas-de-kevlar;Correas de kevlar;Troy Bilt;"85,2"" X1/2""";correas-kevlar-generica.jpg;no
5888098;Correa 754-04260 Transmisión MTD 34” X 3/8”;MTD 34” X 3/8”;minitractores;Minitractores;correas-de-kevlar;Correas de kevlar;MTD;"MTD 34"" X 3/8"" | 34” X 3/8”";correas-kevlar-generica.jpg;no
5888099;"Correa 754-0240 Transmisión 1° Rider 30"" 13504A 38” X 5/8”";"Transmisión 1° Rider 30"" 13504A 38” X 5/8”";minitractores;Minitractores;correas-de-kevlar;Correas de kevlar;MTD | Yard Machines | Yard-Man | Troy Bilt | White;"38"" X 5/8"" | 38” X 5/8”";correas-kevlar-generica.jpg;no
5888100;"Correa 754-0241 Transmisión 2° 38"" y 42"" De Corte 760-779 35"" X 5/8”";"Transmisión 2° 38"" y 42"" De Corte 760-779 35"" X 5/8”";minitractores;Minitractores;correas-de-kevlar;Correas de kevlar;MTD | Yard Machines | Yard-Man | Troy Bilt | White;"35"" X 5/8"" | 35"" X 5/8";correas-kevlar-generica.jpg;no
5888101;"Correa 754-0431 Transmisión MTD 35"" X 3/8""";"Transmisión MTD 35"" X 3/8""";minitractores;Minitractores;correas-de-kevlar;Correas de kevlar;MTD;"35"" X 3/8""";correas-kevlar-generica.jpg;no
5888102;Correa 754-0253 Plataforma MTD 43'' X 1/2'';Plataforma MTD 43'' X 1/2'';minitractores;Minitractores;correas-de-kevlar;Correas de kevlar;MTD;43'' X 1/2'';correas-kevlar-generica.jpg;no
5888103;"Correa 754-0249 Transmisión White 30"" X 5/8""";"Transmisión White 30"" X 5/8""";minitractores;Minitractores;correas-de-kevlar;Correas de kevlar;White;"30"" X 5/8""";correas-kevlar-generica.jpg;no
5888104;"Correa 754-0256 Tracción Autopropulsada 29"" X 3/8""";"Tracción Autopropulsada 29"" X 3/8""";minitractores;Minitractores;correas-de-kevlar;Correas de kevlar;MTD | Yard Machines | Yard-Man | Troy Bilt | White;"29"" X 3/8""";correas-kevlar-generica.jpg;no
5888105;"Correa 754-0270 Plataforma 38"" De Corte 84,25"" X1/2”";"Plataforma 38"" De Corte 84,25"" X1/2”";minitractores;Minitractores;correas-de-kevlar;Correas de kevlar;MTD | Yard Machines | Yard-Man | Troy Bilt | White;"84,25"" X1/2"" | 84,25"" X1/2";correas-kevlar-generica.jpg;no
5888106;"Correa 754-0271 Tracción Autopropulsada 39"" x 3/8""";"Autopropulsada 39"" x 3/8""";minitractores;Minitractores;correas-de-kevlar;Correas de kevlar;MTD | Yard Machines | Yard-Man | Troy Bilt | White;"39"" x 3/8""";correas-kevlar-generica.jpg;no
5888107;Correa 754-0267 Transmisión MTD WHITE 580 59'' X 1/2'';Transmisión MTD WHITE 580 59'' X 1/2'';minitractores;Minitractores;correas-de-kevlar;Correas de kevlar;MTD | White;59'' X 1/2'';correas-kevlar-generica.jpg;no
5888110;"Correa Transmisión 1° Model LT-12 Serie 673F-676F 53""X 5/8""";"Transmisión 1° Model LT-12 Serie 673F-676F 53""X 5/8""";minitractores;Minitractores;correas-de-kevlar;Correas de kevlar;MTD | Yard Machines | Yard-Man | Troy Bilt | White;"53""X 5/8""";correas-kevlar-generica.jpg;no
5888111;"Correa 754-0281 Transmisión 2° 450E 36"" De Corte 44,20"" X 5/8""";"Transmisión 2° 450E 36"" De Corte 44,20"" X 5/8""";minitractores;Minitractores;correas-de-kevlar;Correas de kevlar;MTD | Yard Machines | Yard-Man | Troy Bilt | White;"44,20"" X 5/8""";correas-kevlar-generica.jpg;no
5888114;"Correa 754-0284 Transmisión Modelos 300 y 450 41 ""X 5/8""";"Transmisión Modelos 300 y 450 41 ""X 5/8""";minitractores;Minitractores;correas-de-kevlar;Correas de kevlar;MTD | Yard Machines | Yard-Man | Troy Bilt | White;"41 ""X 5/8""";correas-kevlar-generica.jpg;no
5888118;"Correa 754-0291 Transmisión Modelo 1986 40"" 88,25"" x 1/2""";"Transmisión Modelo 1986 40"" 88,25"" x 1/2""";minitractores;Minitractores;correas-de-kevlar;Correas de kevlar;MTD | Yard Machines | Yard-Man | Troy Bilt | White;"88,25"" x 1/2""";correas-kevlar-generica.jpg;no
5888120;"Correa Plataforma 44"" De Corte 74""X1/2” 4";"Plataforma 44"" De Corte 74""X1/2” 4";minitractores;Minitractores;correas-de-kevlar;Correas de kevlar;MTD | Yard Machines | Yard-Man | Troy Bilt | White;"74""X1/2"" 4 | 74""X1/2";correas-kevlar-generica.jpg;no
5888124;"Correa 754-0328 Transmisión MTD 49"" X 5/8""";"Transmisión MTD 49"" X 5/8""";minitractores;Minitractores;correas-de-kevlar;Correas de kevlar;MTD;"49"" X 5/8""";correas-kevlar-generica.jpg;no
5888125;"Correa 754-0329A Plataforma 12,5 HP 38"" De Corte 650F-694F 69"" X 5/8""";"Plataforma 12,5 HP 38"" De Corte 650F-694F 69"" X 5/8""";minitractores;Minitractores;correas-de-kevlar;Correas de kevlar;MTD | Yard Machines | Yard-Man | Troy Bilt | White;"69"" X 5/8""";correas-kevlar-generica.jpg;no
5888130;"Correa 754-0338 Transmisión 604H 46"" De Corte 77"" X1/2”";"Transmisión 604H 46"" De Corte 77"" X1/2”";minitractores;Minitractores;correas-de-kevlar;Correas de kevlar;MTD | Yard Machines | Yard-Man | Troy Bilt | White;"77"" X1/2"" | 77"" X1/2";correas-kevlar-generica.jpg;no
5888132;"Correa 754-0343 Tracción Cespera Autopropulsada 31"" X 3/8""";"Tracción Cespera Autopropulsada 31"" X 3/8""";minitractores;Minitractores;correas-de-kevlar;Correas de kevlar;MTD | Yard Machines | Yard-Man | Troy Bilt | White;"31"" X 3/8""";correas-kevlar-generica.jpg;no
5888133;"Correa 754-0341 Plataforma Troy Bilt 30"" De Corte 89"" X 5/8""";"Plataforma Troy Bilt 30"" De Corte 89"" X 5/8""";minitractores;Minitractores;correas-de-kevlar;Correas de kevlar;Troy Bilt;"89"" X 5/8""";correas-kevlar-generica.jpg;no
5888134;"Correa 754-0346 Tracción Serie 400 30"" X 3/8""";"Tracción Serie 400 30"" X 3/8""";minitractores;Minitractores;correas-de-kevlar;Correas de kevlar;MTD | Yard Machines | Yard-Man | Troy Bilt | White;"30"" X 3/8""";correas-kevlar-generica.jpg;no
5888135;"Correa 754-0349 Plataforma 2° 840H 808H y 600H 46"" 79,09"" X1/2”";"Plataforma 2° 840H 808H y 600H 46"" 79,09"" X1/2”";minitractores;Minitractores;correas-de-kevlar;Correas de kevlar;MTD | Yard Machines | Yard-Man | Troy Bilt | White;"79,09"" X1/2"" | 79,09"" X1/2";correas-kevlar-generica.jpg;no
5888136;"Correa 754-0350 Plataforma 1° 809H-840H 46"" De Corte 64"" X 5/8""";"Plataforma 1° 809H-840H 46"" De Corte 64"" X 5/8""";minitractores;Minitractores;correas-de-kevlar;Correas de kevlar;MTD | Yard Machines | Yard-Man | Troy Bilt | White;"64"" X 5/8""";correas-kevlar-generica.jpg;no
5888137;"Correa 754-0351 Transmisión MTD 61""X1/2""";"Transmisión MTD 61""X1/2""";minitractores;Minitractores;correas-de-kevlar;Correas de kevlar;MTD;"61""X1/2""";correas-kevlar-generica.jpg;no
5888138;"Correa 754-0358 Transmisión Serie 800 1988/96 51"" X 7/8""";"Transmisión Serie 800 1988/96 51"" X 7/8""";minitractores;Minitractores;correas-de-kevlar;Correas de kevlar;MTD | Yard Machines | Yard-Man | Troy Bilt | White;"51"" X 7/8""";correas-kevlar-generica.jpg;no
5888140;"Correa 754-0362 Transmisión Serie 800 1990/96 47,7/8"" X 7/8""";"Transmisión Serie 800 1990/96 47,7/8"" X 7/8""";minitractores;Minitractores;correas-de-kevlar;Correas de kevlar;MTD | Yard Machines | Yard-Man | Troy Bilt | White;"47,7/8"" X 7/8"" | 8"" X 7/8""";correas-kevlar-generica.jpg;no
5888143;"Correa 754-0362 Transmisión Serie 800 1990/96 47,7/8"" X 7/8""";"Transmisión Serie 800 1990/96 47,7/8"" X 7/8""";minitractores;Minitractores;correas-de-kevlar;Correas de kevlar;MTD | Yard Machines | Yard-Man | Troy Bilt | White;"47,7/8"" X 7/8"" | 8"" X 7/8""";correas-kevlar-generica.jpg;no
5888145;"Correa 754-0364 Plataforma 450E 36"" De Corte 68"" X 5/8""";"Plataforma 450E 36"" De Corte 68"" X 5/8""";minitractores;Minitractores;correas-de-kevlar;Correas de kevlar;MTD | Yard Machines | Yard-Man | Troy Bilt | White;"68"" X 5/8""";correas-kevlar-generica.jpg;no
5888148;"Correa 754-0367 Tracción Cespera Autopropulsada 34,50"" X 3/8""";"Tracción Cespera Autopropulsada 34,50"" X 3/8""";minitractores;Minitractores;correas-de-kevlar;Correas de kevlar;MTD | Yard Machines | Yard-Man | Troy Bilt | White;"34,50"" X 3/8""";correas-kevlar-generica.jpg;no
5888150;"Correa 754-0370 Transmisión 2° Model LT-12 Serie 673F-676F 47,50"" X 5/8""";"Transmisión 2° Model LT-12 Serie 673F-676F 47,50"" X 5/8""";minitractores;Minitractores;correas-de-kevlar;Correas de kevlar;MTD | Yard Machines | Yard-Man | Troy Bilt | White;"47,50"" X 5/8""";correas-kevlar-generica.jpg;no
5888151;"Correa 754-0371A Plataforma 42"" De Corte Serie 690G 74"" X 5/8""";"Plataforma 42"" De Corte Serie 690G 74"" X 5/8""";minitractores;Minitractores;correas-de-kevlar;Correas de kevlar;MTD | Yard Machines | Yard-Man | Troy Bilt | White;"74"" X 5/8""";correas-kevlar-generica.jpg;no
5888158;Correa 754-0427 Plataforma 675 38” De Corte 70” X 5/8”;Plataforma 675 38” De Corte 70” X 5/8”;minitractores;Minitractores;correas-de-kevlar;Correas de kevlar;MTD | Yard Machines | Yard-Man | Troy Bilt | White;"70"" X 5/8"" | 70” X 5/8”";correas-kevlar-generica.jpg;no
5888160;"Correa 754-0433 Plataforma 38"" De Corte Serie 690F 69,70"" X 5/8""";"Plataforma 38"" De Corte Serie 690F 69,70"" X 5/8""";minitractores;Minitractores;correas-de-kevlar;Correas de kevlar;MTD | Yard Machines | Yard-Man | Troy Bilt | White;"69,70"" X 5/8""";correas-kevlar-generica.jpg;no
5888161;"Correa 754-0434 Transmisión Motocultivador 58,16"" X1/2""";"Transmisión Motocultivador 58,16"" X1/2""";minitractores;Minitractores;correas-de-kevlar;Correas de kevlar;MTD | Yard Machines | Yard-Man | Troy Bilt | White;"58,16"" X1/2""";correas-kevlar-generica.jpg;no
5888163;"Correa 754-0438 Transmisión Motocultivador 51 ""X1/2""";"Transmisión Motocultivador 51 ""X1/2""";minitractores;Minitractores;correas-de-kevlar;Correas de kevlar;MTD | Yard Machines | Yard-Man | Troy Bilt | White;"51 ""X1/2""";correas-kevlar-generica.jpg;no
5888165;"Correa 754-0440 Plataforma 2° 46"" De Corte Serie 690H-699H 99""X1/2”";"Plataforma 2° 46"" De Corte Serie 690H-699H 99""X1/2”";minitractores;Minitractores;correas-de-kevlar;Correas de kevlar;MTD | Yard Machines | Yard-Man | Troy Bilt | White;"99""X1/2"" | 99""X1/2";correas-kevlar-generica.jpg;no
5888166;"Correa 754-0441 Transmisión 42"" Hidrostático 673G-695G 76""X1/2”";"Transmisión 42"" Hidrostático 673G-695G 76""X1/2”";minitractores;Minitractores;correas-de-kevlar;Correas de kevlar;MTD | Yard Machines | Yard-Man | Troy Bilt | White;"76""X1/2"" | 76""X1/2";correas-kevlar-generica.jpg;no
5888170;"Correa 754-0446 Transmisión 2° 845H 46"" De Corte 45,78"" X 5/8""";"Transmisión 2° 845H 46"" De Corte 45,78"" X 5/8""";minitractores;Minitractores;correas-de-kevlar;Correas de kevlar;MTD | Yard Machines | Yard-Man | Troy Bilt | White;"45,78"" X 5/8""";correas-kevlar-generica.jpg;no
5888172;"Correa 754-0453 Transmisión Yardman Rider 36"" x 5/8""";"Transmisión Yardman Rider 36"" x 5/8""";minitractores;Minitractores;correas-de-kevlar;Correas de kevlar;Yard-Man;"36"" x 5/8""";correas-kevlar-generica.jpg;no
5888175;"Correa 754-0461 Transmisión 800 Hidrostático 78,25"" X1/2”";"Transmisión 800 Hidrostático 78,25"" X1/2”";minitractores;Minitractores;correas-de-kevlar;Correas de kevlar;MTD | Yard Machines | Yard-Man | Troy Bilt | White;"78,25"" X1/2"" | 78,25"" X1/2";correas-kevlar-generica.jpg;no
5888180;"Correa 754-0467 Transmisión 1° 42"" 46"" 50"" De Corte Auto-Drive 91,50"" X 5/8""";"Transmisión 1° 42"" 46"" 50"" De Corte Auto-Drive 91,50"" X 5/8""";minitractores;Minitractores;correas-de-kevlar;Correas de kevlar;MTD | Yard Machines | Yard-Man | Troy Bilt | White;"91,50"" X 5/8""";correas-kevlar-generica.jpg;no
5888181;"Correa 754-0468 Transmisión 2° 42"" 46"" 50"" De Corte Auto-Drive 41,50"" X 5/8""";"Transmisión 2° 42"" 46"" 50"" De Corte Auto-Drive 41,50"" X 5/8""";minitractores;Minitractores;correas-de-kevlar;Correas de kevlar;MTD | Yard Machines | Yard-Man | Troy Bilt | White;"41,50"" X 5/8""";correas-kevlar-generica.jpg;no
5888182;"Correa 754-0472 Plataforma Autodrive 42"" U604 83,75"" x 5/8""";"Plataforma Autodrive 42"" U604 83,75"" x 5/8""";minitractores;Minitractores;correas-de-kevlar;Correas de kevlar;MTD | Yard Machines | Yard-Man | Troy Bilt | White;"83,75"" x 5/8""";correas-kevlar-generica.jpg;no
5888185;"Correa 754-0474 Plataforma 42"" De Corte 808K Auto-Drive 101"" X 5/8""";"Plataforma 42"" De Corte 808K Auto-Drive 101"" X 5/8""";minitractores;Minitractores;correas-de-kevlar;Correas de kevlar;MTD | Yard Machines | Yard-Man | Troy Bilt | White;"101"" X 5/8""";correas-kevlar-generica.jpg;no
5888187;"Correa 754-0476 Plataforma 46"" De Corte 804H PTO Electric 100,5"" X 5/8""";"Plataforma 46"" De Corte 804H PTO Electric 100,5"" X 5/8""";minitractores;Minitractores;correas-de-kevlar;Correas de kevlar;MTD | Yard Machines | Yard-Man | Troy Bilt | White;"100,5"" X 5/8""";correas-kevlar-generica.jpg;no
5888189;"Correa 754-0485 Plataforma 42"" De Corte 97"" X 5/8""";"Plataforma 42"" De Corte 97"" X 5/8""";minitractores;Minitractores;correas-de-kevlar;Correas de kevlar;MTD | Yard Machines | Yard-Man | Troy Bilt | White;"97"" X 5/8""";correas-kevlar-generica.jpg;no
5888190;"Correa 754-0486 Plataforma 1° T604H 22 HP 46"" De Corte 67,25"" X 5/8""";"Plataforma 1° T604H 22 HP 46"" De Corte 67,25"" X 5/8""";minitractores;Minitractores;correas-de-kevlar;Correas de kevlar;MTD | Yard Machines | Yard-Man | Troy Bilt | White;"67,25"" X 5/8""";correas-kevlar-generica.jpg;no
5888191;"Correa 754-0487 Plataforma 46"" De Corte 804H PTO Manual 66,2"" X 5/8""";"Plataforma 46"" De Corte 804H PTO Manual 66,2"" X 5/8""";minitractores;Minitractores;correas-de-kevlar;Correas de kevlar;MTD | Yard Machines | Yard-Man | Troy Bilt | White;"66,2"" X 5/8""";correas-kevlar-generica.jpg;no
5888195;"Correa 754-0497 Plataforma 1° T604G 17.5HP42"" De Corte 60""X1/2”";"Plataforma 1° T604G 17.5HP42"" De Corte 60""X1/2”";minitractores;Minitractores;correas-de-kevlar;Correas de kevlar;MTD | Yard Machines | Yard-Man | Troy Bilt | White;"60""X1/2"" | 60""X1/2";correas-kevlar-generica.jpg;no
5888196;"Correa 754-0498 Plataforma 2° 42"" De Corte T604G 66,9"" X1/2”";"Plataforma 2° 42"" De Corte T604G 66,9"" X1/2”";minitractores;Minitractores;correas-de-kevlar;Correas de kevlar;MTD | Yard Machines | Yard-Man | Troy Bilt | White;"66,9"" X1/2"" | 66,9"" X1/2";correas-kevlar-generica.jpg;no
5888198;"Correa 754-0637 Tracción Yard Machine 31 ""X 3/8""";"Tracción Yard Machine 31 ""X 3/8""";minitractores;Minitractores;correas-de-kevlar;Correas de kevlar;MTD | Yard Machines | Yard-Man | Troy Bilt | White;"31 ""X 3/8""";correas-kevlar-generica.jpg;no
5888205;"Correa 754-04001A Transmisión 1° 38"" v 42"" De Corte760-779 69,25"" X 5/8""";"Transmisión 1° 38"" v 42"" De Corte760-779 69,25"" X 5/8""";minitractores;Minitractores;correas-de-kevlar;Correas de kevlar;MTD | Yard Machines | Yard-Man | Troy Bilt | White;"69,25"" X 5/8""";correas-kevlar-generica.jpg;no
5888206;"Correa 754-04002 Transmisión 2° LT115 LT175 Yard Man 683F 31,75""X 5/8""";"Transmisión 2° LT115 LT175 Yard Man 683F 31,75""X 5/8""";minitractores;Minitractores;correas-de-kevlar;Correas de kevlar;MTD | Yard Machines | Yard-Man | Troy Bilt | White;"31,75""X 5/8""";correas-kevlar-generica.jpg;no
5888210;"Correa 754-04033A Plataforma 604H y RZT 42 Linea Nueva 118"" X1/2""";"Plataforma 604H y RZT 42 Linea Nueva 118"" X1/2""";minitractores;Minitractores;correas-de-kevlar;Correas de kevlar;MTD | Yard Machines | Yard-Man | Troy Bilt | White;"118"" X1/2""";correas-kevlar-generica.jpg;no
5888215;"Correa 754-04043 Transmisión RZT 42 y RZT 50 57,7"" X1/2”";"Transmisión RZT 42 y RZT 50 57,7"" X1/2”";minitractores;Minitractores;correas-de-kevlar;Correas de kevlar;MTD | Yard Machines | Yard-Man | Troy Bilt | White;"57,7"" X1/2"" | 57,7"" X1/2";correas-kevlar-generica.jpg;no
5888216;"Correa 754-04044 Plataforma RZT 50 134"" X1/2”";"Plataforma RZT 50 134"" X1/2”";minitractores;Minitractores;correas-de-kevlar;Correas de kevlar;MTD | Yard Machines | Yard-Man | Troy Bilt | White;"134"" X1/2"" | 134"" X1/2";correas-kevlar-generica.jpg;no
5888217;"Correa 754-04045 Plataforma 42"" Troy Bilt Auto-Drive 109,10"" X1/2”";"Plataforma 42"" Troy Bilt Auto-Drive 109,10"" X1/2”";minitractores;Minitractores;correas-de-kevlar;Correas de kevlar;Troy Bilt;"109,10"" X1/2"" | 109,10"" X1/2";correas-kevlar-generica.jpg;no
5888225;"Correa 754-04050 Transmisión Yard Man 34""X1/2""";"Transmisión Yard Man 34""X1/2""";minitractores;Minitractores;correas-de-kevlar;Correas de kevlar;MTD | Yard Machines | Yard-Man | Troy Bilt | White;"34""X1/2""";correas-kevlar-generica.jpg;no
5888230;"Correa 754-04060B Plataforma 42"" De Corte 760G-779G 96,50"" X1/2”";"Plataforma 42"" De Corte 760G-779G 96,50"" X1/2”";minitractores;Minitractores;correas-de-kevlar;Correas de kevlar;MTD | Yard Machines | Yard-Man | Troy Bilt | White;"96,50"" X1/2"" | 96,50"" X1/2";correas-kevlar-generica.jpg;no
5888231;Correa 754-04061 Transmisión Motocultivador 26”X1/2”;Transmisión Motocultivador 26”X1/2”;minitractores;Minitractores;correas-de-kevlar;Correas de kevlar;MTD | Yard Machines | Yard-Man | Troy Bilt | White;"26""X1/2"" | 26”X1/2”";correas-kevlar-generica.jpg;no
5888232;"Correa 754-04062 Plataforma 38"" De Corte 760F-779F 77,70X1/2”";"Plataforma 38"" De Corte 760F-779F 77,70X1/2”";minitractores;Minitractores;correas-de-kevlar;Correas de kevlar;MTD | Yard Machines | Yard-Man | Troy Bilt | White;"77,70X1/2""";correas-kevlar-generica.jpg;no
5888235;"Correa 754-04118 Plataforma Cub Cadet 46"" De Corte 122"" X1/2""";"Plataforma Cub Cadet 46"" De Corte 122"" X1/2""";minitractores;Minitractores;correas-de-kevlar;Correas de kevlar;Cub Cadet;"122"" X1/2""";correas-kevlar-generica.jpg;no
5888239;"Correa 754-04066 Tracción Autopropulsada 32,25"" x 3/8""";"Tracción Autopropulsada 32,25"" x 3/8""";minitractores;Minitractores;correas-de-kevlar;Correas de kevlar;MTD | Yard Machines | Yard-Man | Troy Bilt | White;"32,25"" x 3/8""";correas-kevlar-generica.jpg;no
5888240;Correa 754-04064 Plataforma 1° 46” De Corte 604H-606H 68,20” X 5/8”;Plataforma 1° 46” De Corte 604H-606H 68,20” X 5/8”;minitractores;Minitractores;correas-de-kevlar;Correas de kevlar;MTD | Yard Machines | Yard-Man | Troy Bilt | White;"68,20"" X 5/8"" | 68,20” X 5/8”";correas-kevlar-generica.jpg;no
5888241;"Correa 754-04074A Transmisión 790-799 Hidrostático 78,3"" x 1/2""";"Transmisión 790-799 Hidrostático 78,3"" x 1/2""";minitractores;Minitractores;correas-de-kevlar;Correas de kevlar;MTD | Yard Machines | Yard-Man | Troy Bilt | White;"78,3"" x 1/2""";correas-kevlar-generica.jpg;no
5888242;Correa 754-04077 Plataforma 50” De Corte White 134” X 5/8”;Plataforma 50” De Corte White 134” X 5/8”;minitractores;Minitractores;correas-de-kevlar;Correas de kevlar;White;"134"" X 5/8"" | 134” X 5/8”";correas-kevlar-generica.jpg;no
5888243;Correa 754-04207 Plataforma Cub Cadet LTX 79,5” X 1/2”;Cub Cadet LTX 79,5” X 1/2”;minitractores;Minitractores;correas-de-kevlar;Correas de kevlar;Cub Cadet;"Cub Cadet LTX 79,5"" X 1/2"" | 79,5” X 1/2”";correas-kevlar-generica.jpg;no
5888244;"Correa 754-04107 Plataforma 50"" Troy Bilt Serie 800 135” X 5/8”";"Plataforma 50"" Troy Bilt Serie 800 135” X 5/8”";minitractores;Minitractores;correas-de-kevlar;Correas de kevlar;Troy Bilt;"135"" X 5/8"" | 135” X 5/8”";correas-kevlar-generica.jpg;no
5888245;Correa 754-04122 Plataforma 1° Serie 600H 46” De Corte 90,25” X1/2”;Plataforma 1° Serie 600H 46” De Corte 90,25” X1/2”;minitractores;Minitractores;correas-de-kevlar;Correas de kevlar;MTD | Yard Machines | Yard-Man | Troy Bilt | White;"90,25"" X1/2"" | 90,25” X1/2”";correas-kevlar-generica.jpg;no
5888246;"Correa 754-04123 Tracción Motocultivador 24,10"" X1/2""";"Tracción Motocultivador 24,10"" X1/2""";minitractores;Minitractores;correas-de-kevlar;Correas de kevlar;MTD | Yard Machines | Yard-Man | Troy Bilt | White;"24,10"" X1/2""";correas-kevlar-generica.jpg;no
5888247;Correa 754-04208 Transmisión 2° 2765F Autodrive 41,25” X 5/8”;2765F Autodrive 41,25” X 5/8”;minitractores;Minitractores;correas-de-kevlar;Correas de kevlar;MTD | Yard Machines | Yard-Man | Troy Bilt | White;"2765F Autodrive 41,25"" X 5/8"" | 41,25” X 5/8”";correas-kevlar-generica.jpg;no
5888249;Correa 754-04212 Transmisión C.C Rider 56B36D4K75 50” X 1/2”;C.C Rider 56B36D4K75 50” X 1/2”;minitractores;Minitractores;correas-de-kevlar;Correas de kevlar;MTD | Yard Machines | Yard-Man | Troy Bilt | White;"C.C Rider 56B36D4K75 50"" X 1/2"" | 50” X 1/2”";correas-kevlar-generica.jpg;no
5888250;Correa 754-04137A Plataforma RZT 42” De Corte 114,47” X1/2”;Plataforma RZT 42” De Corte 114,47” X1/2”;minitractores;Minitractores;correas-de-kevlar;Correas de kevlar;MTD | Yard Machines | Yard-Man | Troy Bilt | White;"114,47"" X1/2"" | 114,47” X1/2”";correas-kevlar-generica.jpg;no
5888254;"Correa 754-04145 Transmisión Cub Cadet Cc760 64""X1/2""";"Transmisión Cub Cadet Cc760 64""X1/2""";minitractores;Minitractores;correas-de-kevlar;Correas de kevlar;Cub Cadet;"64""X1/2""";correas-kevlar-generica.jpg;no
5888256;Correa 754-05001 Plataforma Rider 30” De Corte 44” X 1/2”;Rider 30” De Corte 44” X 1/2”;minitractores;Minitractores;correas-de-kevlar;Correas de kevlar;MTD | Yard Machines | Yard-Man | Troy Bilt | White;"Rider 30"" De Corte 44"" X 1/2"" | 44” X 1/2”";correas-kevlar-generica.jpg;no
5888257;Correa 754-04153 Plataforma LT1045 46” De Corte 122” X 1/2”;Plataforma LT1045 46” De Corte 122” X 1/2”;minitractores;Minitractores;correas-de-kevlar;Correas de kevlar;MTD | Yard Machines | Yard-Man | Troy Bilt | White;122” X 1/2”;correas-kevlar-generica.jpg;no
5888258;Correa 754-05008 Plataforma RZT 50” De Corte Nuevo 141,4” X 1/2”;RZT 50” De Corte Nuevo 141,4” X 1/2”;minitractores;Minitractores;correas-de-kevlar;Correas de kevlar;MTD | Yard Machines | Yard-Man | Troy Bilt | White;"RZT 50"" De Corte Nuevo 141,4"" X 1/2"" | 141,4” X 1/2”";correas-kevlar-generica.jpg;no
5888259;Correa 754-04249 Transmisión 1° 2765F Control Manual 70,50” X 5/8”;2765F Control Manual 70,50” X 5/8”;minitractores;Minitractores;correas-de-kevlar;Correas de kevlar;MTD | Yard Machines | Yard-Man | Troy Bilt | White;"2765F Control Manual 70,50"" X 5/8"" | 70,50” X 5/8”";correas-kevlar-generica.jpg;no
5888260;Correa 754-04165 Transmisión LT1045 46” De Corte 78” X 1/2”;LT1045 46” De Corte 78” X 1/2”;minitractores;Minitractores;correas-de-kevlar;Correas de kevlar;MTD | Yard Machines | Yard-Man | Troy Bilt | White;"LT1045 46"" De Corte 78"" X 1/2"" | 78” X 1/2”";correas-kevlar-generica.jpg;no
5888261;Correa 754-04219 Plataforma 46” De Corte 2 Cuchillas T77KT 103,24” X 1/2”;46” De Corte 2 Cuchillas T77KT 103,24” X 1/2”;minitractores;Minitractores;correas-de-kevlar;Correas de kevlar;MTD | Yard Machines | Yard-Man | Troy Bilt | White;"46"" De Corte 2 Cuchillas T77KT 103,24"" X 1/2"" | 103,24” X 1/2”";correas-kevlar-generica.jpg;no
5888262;Correa 754-04317 Transmisión RZT 42” y 50” Serie 3 67,5” X 1/2”;RZT 42” y 50” Serie 3 67,5” X 1/2”;minitractores;Minitractores;correas-de-kevlar;Correas de kevlar;MTD | Yard Machines | Yard-Man | Troy Bilt | White;"RZT 42"" y 50"" Serie 3 67,5"" X 1/2"" | 67,5” X 1/2”";correas-kevlar-generica.jpg;no
5888263;Correa 754-04318 Plataforma Rider 30” De Corte 226JD 45” X 5/8”;Rider 30” De Corte 226JD 45” X 5/8”;minitractores;Minitractores;correas-de-kevlar;Correas de kevlar;MTD | Yard Machines | Yard-Man | Troy Bilt | White;"Rider 30"" De Corte 226JD 45"" X 5/8"" | 45” X 5/8”";correas-kevlar-generica.jpg;no
5888264;Correa 754-04331 Transmisión 1° Rider 30” De Corte 226JD 35,25” X 5/8”;Rider 30” De Corte 226JD 35,25” X 5/8”;minitractores;Minitractores;correas-de-kevlar;Correas de kevlar;MTD | Yard Machines | Yard-Man | Troy Bilt | White;"Rider 30"" De Corte 226JD 35,25"" X 5/8"" | 35,25” X 5/8”";correas-kevlar-generica.jpg;no
5888265;"Correa 106085X Plataforma 12,5 HP 38"" De Corte H12538 79""X1/2”";"Plataforma 12,5 HP 38"" De Corte H12538 79""X1/2”";minitractores;Minitractores;correas-de-kevlar;Correas de kevlar;AYP | Poulan | Weed Eater | Craftsman;"79""X1/2”";correas-kevlar-generica.jpg;no
5888267;Correa 754-04325 Plataforma Cub Cadet RZT 46” 125” X 1/2”;Cub Cadet RZT 46” 125” X 1/2”;minitractores;Minitractores;correas-de-kevlar;Correas de kevlar;Cub Cadet;"Cub Cadet RZT 46"" 125"" X 1/2"" | 125” X 1/2”";correas-kevlar-generica.jpg;no
5888268;"Correa 754-0439 Plataforma 1° Serie 690H-699H 46"" De Corte 60"" X 5/8""";"Plataforma 1° Serie 690H-699H 46"" De Corte 60"" X 5/8""";minitractores;Minitractores;correas-de-kevlar;Correas de kevlar;MTD | Yard Machines | Yard-Man | Troy Bilt | White;"60"" X 5/8""";correas-kevlar-generica.jpg;no
5888269;Correa 754-04329 Plataforma Cub Cadet RZT 54” 148” X 5/8”;Cub Cadet RZT 54” 148” X 5/8”;minitractores;Minitractores;correas-de-kevlar;Correas de kevlar;Cub Cadet;"Cub Cadet RZT 54"" 148"" X 5/8"" | 148” X 5/8”";correas-kevlar-generica.jpg;no
5888270;"Correa 125907X Transmisión PB195H42LT y PB195H46YT 90""X1/2”";"PB195H42LT y PB195H46YT 90""X1/2”";minitractores;Minitractores;correas-de-kevlar;Correas de kevlar;AYP | Poulan | Weed Eater | Craftsman;"PB195H42LT y PB195H46YT 90""X1/2"" | 90""X1/2";correas-kevlar-generica.jpg;no
5888275;"Correa 126520 Transmisión 36"" Y 38"" De Corte 88,50"" X1/2”";"36"" Y 38"" De Corte 88,50"" X1/2”";minitractores;Minitractores;correas-de-kevlar;Correas de kevlar;AYP | Poulan | Weed Eater | Craftsman;"36"" Y 38"" De Corte 88,50"" X1/2"" | 88,50"" X1/2";correas-kevlar-generica.jpg;no
5888276;"Correa Plataforma Ariens Ikon XD52 145,25"" X 1/2""";"Plataforma Ariens Ikon XD52 145,25"" X 1/2""";minitractores;Minitractores;correas-de-kevlar;Correas de kevlar;Ariens;"145,25"" X 1/2""";correas-kevlar-generica.jpg;no
5888277;"Correa Transmisión Ariens Ikon XD52 57"" X 5/8""";"Transmisión Ariens Ikon XD52 57"" X 5/8""";minitractores;Minitractores;correas-de-kevlar;Correas de kevlar;Ariens;"57"" X 5/8""";correas-kevlar-generica.jpg;no
5888280;"Correa 130801 Plataforma 16Hp 42"" De Corte 95""X 1/2”";"16Hp 42"" De Corte 95""X 1/2”";minitractores;Minitractores;correas-de-kevlar;Correas de kevlar;AYP | Poulan | Weed Eater | Craftsman;"16Hp 42"" De Corte 95""X 1/2"" | 95""X 1/2";correas-kevlar-generica.jpg;no
5888285;"Correa 130969 Transmisión 48L22AH0X8A y PB22H46YT 92,50"" X1/2”";"48L22AH0X8A y PB22H46YT 92,50"" X1/2”";minitractores;Minitractores;correas-de-kevlar;Correas de kevlar;AYP | Poulan | Weed Eater | Craftsman;"48L22AH0X8A y PB22H46YT 92,50"" X1/2"" | 92,50"" X1/2";correas-kevlar-generica.jpg;no
5888288;Correa 131006 Transmisión 18 HP 42” De Corte 98” X1/2”;18 HP 42” De Corte 98” X1/2”;minitractores;Minitractores;correas-de-kevlar;Correas de kevlar;AYP | Poulan | Weed Eater | Craftsman;"18 HP 42"" De Corte 98"" X1/2"" | 98” X1/2”";correas-kevlar-generica.jpg;no
5888290;"Correa 131264 Plataforma 10HP11 HP 36"" De Corte 78,50"" X1/2”";"10HP11 HP 36"" De Corte 78,50"" X1/2”";minitractores;Minitractores;correas-de-kevlar;Correas de kevlar;AYP | Poulan | Weed Eater | Craftsman;"10HP11 HP 36"" De Corte 78,50"" X1/2"" | 78,50"" X1/2";correas-kevlar-generica.jpg;no
5888295;"Correa 131290X Plataforma 12,5 HP 38"" HA125R38B 88""X1/2”";"12,5 HP 38"" HA125R38B 88""X1/2”";minitractores;Minitractores;correas-de-kevlar;Correas de kevlar;AYP | Poulan | Weed Eater | Craftsman;"12,5 HP 38"" HA125R38B 88""X1/2"" | 88""X1/2";correas-kevlar-generica.jpg;no
5888296;"Correa 132801 Transmisión Motocultivador 52""X1/2”";"Motocultivador 52""X1/2”";minitractores;Minitractores;correas-de-kevlar;Correas de kevlar;AYP | Poulan | Weed Eater | Craftsman;"Motocultivador 52""X1/2"" | 52""X1/2";correas-kevlar-generica.jpg;no
5888300;"Correa 137153 Transmisión 20HP46"" De Corte 83,50"" X1/2”";"20HP46"" De Corte 83,50"" X1/2”";minitractores;Minitractores;correas-de-kevlar;Correas de kevlar;AYP | Poulan | Weed Eater | Craftsman;"20HP46"" De Corte 83,50"" X1/2"" | 83,50"" X1/2";correas-kevlar-generica.jpg;no
5888305;"Correa 138255 Transmisión 42L15G60X8A y P015538LT 95""X1/2”";"42L15G60X8A y P015538LT 95""X1/2”";minitractores;Minitractores;correas-de-kevlar;Correas de kevlar;AYP | Poulan | Weed Eater | Craftsman;"42L15G60X8A y P015538LT 95""X1/2"" | 95""X1/2";correas-kevlar-generica.jpg;no
5888310;"Correa 139573 Plataforma 22Hp 46"" De Corte 83,70"" X1/2”";"22Hp 46"" De Corte 83,70"" X1/2”";minitractores;Minitractores;correas-de-kevlar;Correas de kevlar;AYP | Poulan | Weed Eater | Craftsman;"22Hp 46"" De Corte 83,70"" X1/2"" | 83,70"" X1/2";correas-kevlar-generica.jpg;no
5888311;Correa 140067 Transmisión 8 HP 36” De Corte 82,75” X1/2”;8 HP 36” De Corte 82,75” X1/2”;minitractores;Minitractores;correas-de-kevlar;Correas de kevlar;AYP | Poulan | Weed Eater | Craftsman;"8 HP 36"" De Corte 82,75"" X1/2"" | 82,75” X1/2”";correas-kevlar-generica.jpg;no
5888315;"Correa 140218 Transmisión PB22H54YT LTH1538 84,50"" X1/2”";"PB22H54YT LTH1538 84,50"" X1/2”";minitractores;Minitractores;correas-de-kevlar;Correas de kevlar;AYP | Poulan | Weed Eater | Craftsman;"PB22H54YT LTH1538 84,50"" X1/2"" | 84,50"" X1/2";correas-kevlar-generica.jpg;no
5888320;"Correa 140294 Transmisión 18HP46"" De Corte 82,25"" X1/2”";"18HP46"" De Corte 82,25"" X1/2”";minitractores;Minitractores;correas-de-kevlar;Correas de kevlar;AYP | Poulan | Weed Eater | Craftsman;"18HP46"" De Corte 82,25"" X1/2"" | 82,25"" X1/2";correas-kevlar-generica.jpg;no
5888323;"Correa 140910 Transmisión Craftman Weed Eater 77,78"" X1/2""";"Craftman Weed Eater 77,78"" X1/2""";minitractores;Minitractores;correas-de-kevlar;Correas de kevlar;Weed Eater;"Craftman Weed Eater 77,78"" X1/2"" | 77,78"" X1/2""";correas-kevlar-generica.jpg;no
5888325;"Correa 144200 Plataforma 12Hp 14Hp 16.5HP 42"" De Corte 88,75"" X1/2""";"12Hp 14Hp 16.5HP 42"" De Corte 88,75"" X1/2""";minitractores;Minitractores;correas-de-kevlar;Correas de kevlar;AYP | Poulan | Weed Eater | Craftsman;"12Hp 14Hp 16.5HP 42"" De Corte 88,75"" X1/2"" | 88,75"" X1/2""";correas-kevlar-generica.jpg;no
5888330;"Correa 144959 Plataforma 38"" y 42"" De Corte P017542LT 95 ,50"" X1/2”";"38"" y 42"" De Corte P017542LT 95 ,50"" X1/2”";minitractores;Minitractores;correas-de-kevlar;Correas de kevlar;AYP | Poulan | Weed Eater | Craftsman;"38"" y 42"" De Corte P017542LT 95 ,50"" X1/2"" | 50"" X1/2";correas-kevlar-generica.jpg;no
5888331;"Correa 146527 Tracción 22"" De Corte 32,5"" X 3/8""";"22"" De Corte 32,5"" X 3/8""";minitractores;Minitractores;correas-de-kevlar;Correas de kevlar;AYP | Poulan | Weed Eater | Craftsman;"22"" De Corte 32,5"" X 3/8"" | 32,5"" X 3/8""";correas-kevlar-generica.jpg;no
5888332;"Correa 148763 Plataforma 18HP46"" De Corte 85,25"" X 5/8""";"18HP46"" De Corte 85,25"" X 5/8""";minitractores;Minitractores;correas-de-kevlar;Correas de kevlar;AYP | Poulan | Weed Eater | Craftsman;"18HP46"" De Corte 85,25"" X 5/8"" | 85,25"" X 5/8""";correas-kevlar-generica.jpg;no
5888333;"Correa 156971 Transmisión 42"" De Corte 82,5"" X1/2""";"Transmisión 42"" De Corte 82,5"" X1/2""";minitractores;Minitractores;correas-de-kevlar;Correas de kevlar;AYP | Poulan | Weed Eater | Craftsman;"82,5"" X1/2""";correas-kevlar-generica.jpg;no
5888334;Correa 158818 Transmisión 46” De Corte 84,40” X1/2”;46” De Corte 84,40” X1/2”;minitractores;Minitractores;correas-de-kevlar;Correas de kevlar;AYP | Poulan | Weed Eater | Craftsman;"46"" De Corte 84,40"" X1/2"" | 84,40” X1/2”";correas-kevlar-generica.jpg;no
5888335;"Correa 160855 Transmisión 12HP 38"" De Corte 95""X1/2”";"12HP 38"" De Corte 95""X1/2”";minitractores;Minitractores;correas-de-kevlar;Correas de kevlar;AYP | Poulan | Weed Eater | Craftsman;"12HP 38"" De Corte 95""X1/2"" | 95""X1/2";correas-kevlar-generica.jpg;no
5888336;"Correa 160816 Tracción CESPERA 35"" X 3/8""";"Tracción CESPERA 35"" X 3/8""";minitractores;Minitractores;correas-de-kevlar;Correas de kevlar;AYP | Poulan | Weed Eater | Craftsman;"35"" X 3/8""";correas-kevlar-generica.jpg;no
5888340;"Correa 161741 Transmisión 10HP11HP 36"" De Corte 79""X1/2”";"10HP11HP 36"" De Corte 79""X1/2”";minitractores;Minitractores;correas-de-kevlar;Correas de kevlar;AYP | Poulan | Weed Eater | Craftsman;"10HP11HP 36"" De Corte 79""X1/2"" | 79""X1/2";correas-kevlar-generica.jpg;no
5888343;"Correa 161850 Plataforma Wed Eater 14,5hp - 42"" 85’X1/2’";"Wed Eater 14,5hp - 42"" 85’X1/2’";minitractores;Minitractores;correas-de-kevlar;Correas de kevlar;AYP | Poulan | Weed Eater | Craftsman;"Wed Eater 14,5hp - 42"" 85’X1/2’";correas-kevlar-generica.jpg;no
5888345;"Correa 165555 Transmisión 48"" De Corte 108,50"" X1/2”";"48"" De Corte 108,50"" X1/2”";minitractores;Minitractores;correas-de-kevlar;Correas de kevlar;AYP | Poulan | Weed Eater | Craftsman;"48"" De Corte 108,50"" X1/2"" | 108,50"" X1/2";correas-kevlar-generica.jpg;no
5888347;"Correa 165632 Transmisión Hidrostatico 199 9 112"" X1/2""";"Hidrostatico 199 9 112"" X1/2""";minitractores;Minitractores;correas-de-kevlar;Correas de kevlar;AYP | Poulan | Weed Eater | Craftsman;"Hidrostatico 199 9 112"" X1/2"" | 112"" X1/2""";correas-kevlar-generica.jpg;no
5888349;"Correa 169178 Plataforma AYP 42” De Corte 114"" X 1/2""";"AYP 42” De Corte 114"" X 1/2""";minitractores;Minitractores;correas-de-kevlar;Correas de kevlar;AYP;"AYP 42"" De Corte 114"" X 1/2"" | 114"" X 1/2""";correas-kevlar-generica.jpg;no
5888350;"Correa 166060 Tracción CESPERA 38"" X 3/8"" 8";"Tracción CESPERA 38"" X 3/8"" 8";minitractores;Minitractores;correas-de-kevlar;Correas de kevlar;AYP | Poulan | Weed Eater | Craftsman;"38"" X 3/8"" 8 | 38"" X 3/8""";correas-kevlar-generica.jpg;no
5888360;"Correa 174368 Plataforma 48” De Corte 89.50"" X 5/8""";"48” De Corte 89.50"" X 5/8""";minitractores;Minitractores;correas-de-kevlar;Correas de kevlar;AYP | Poulan | Weed Eater | Craftsman;"48"" De Corte 89.50"" X 5/8"" | 89.50"" X 5/8""";correas-kevlar-generica.jpg;no
5888362;"Correa 174883 Plataforma Poulan 42"" 97"" X 5/8""";"Poulan 42"" 97"" X 5/8""";minitractores;Minitractores;correas-de-kevlar;Correas de kevlar;Poulan;"Poulan 42"" 97"" X 5/8"" | 97"" X 5/8""";correas-kevlar-generica.jpg;no
5888363;"Correa 175436 Tracción 21"" De Corte 32” X 3/8”";"21"" De Corte 32” X 3/8”";minitractores;Minitractores;correas-de-kevlar;Correas de kevlar;AYP | Poulan | Weed Eater | Craftsman;"21"" De Corte 32"" X 3/8"" | 32” X 3/8”";correas-kevlar-generica.jpg;no
5888365;"Correa 178138 Plataforma 42"" De Corte 87,75"" X1/2""";"42"" De Corte 87,75"" X1/2""";minitractores;Minitractores;correas-de-kevlar;Correas de kevlar;AYP | Poulan | Weed Eater | Craftsman;"42"" De Corte 87,75"" X1/2"" | 87,75"" X1/2""";correas-kevlar-generica.jpg;no
5888370;"Correa 180214 Plataforma 12,5Hp 38"" De Corte 87""X1/2”";"12,5Hp 38"" De Corte 87""X1/2”";minitractores;Minitractores;correas-de-kevlar;Correas de kevlar;AYP | Poulan | Weed Eater | Craftsman;"12,5Hp 38"" De Corte 87""X1/2"" | 87""X1/2";correas-kevlar-generica.jpg;no
5888373;"Correa Autopropulsada 29"" X 3/8""";"Autopropulsada 29"" X 3/8""";minitractores;Minitractores;correas-de-kevlar;Correas de kevlar;AYP | Poulan | Weed Eater | Craftsman;"Autopropulsada 29"" X 3/8"" | 29"" X 3/8""";correas-kevlar-generica.jpg;no
5888375;Correa 180808 Transmisión 22 HP 48” De Corte 89,25” X 5/8”;22 HP 48” De Corte 89,25” X 5/8”;minitractores;Minitractores;correas-de-kevlar;Correas de kevlar;AYP | Poulan | Weed Eater | Craftsman;"22 HP 48"" De Corte 89,25"" X 5/8"" | 89,25” X 5/8”";correas-kevlar-generica.jpg;no
5888376;"Correa 187283 Plataforma 54"" De Corte Hidra 140,98"" X 5/8""";"54"" De Corte Hidra 140,98"" X 5/8""";minitractores;Minitractores;correas-de-kevlar;Correas de kevlar;AYP | Poulan | Weed Eater | Craftsman;"54"" De Corte Hidra 140,98"" X 5/8"" | 140,98"" X 5/8""";correas-kevlar-generica.jpg;no
5888377;Correa 191273 Plataforma 54” De Corte 141,50” X 5/8”;54” De Corte 141,50” X 5/8”;minitractores;Minitractores;correas-de-kevlar;Correas de kevlar;AYP | Poulan | Weed Eater | Craftsman;"54"" De Corte 141,50"" X 5/8"" | 141,50” X 5/8”";correas-kevlar-generica.jpg;no
5888378;"Correa 182212 Tracción Cespera Autopropulsada 35"" X 3/8""";"Cespera Autopropulsada 35"" X 3/8""";minitractores;Minitractores;correas-de-kevlar;Correas de kevlar;AYP | Poulan | Weed Eater | Craftsman;"Cespera Autopropulsada 35"" X 3/8"" | 35"" X 3/8""";correas-kevlar-generica.jpg;no
5888379;"Correa Transmisión Bronco Crt 25 X 1/2""";"Transmisión Bronco Crt 25 X 1/2""";minitractores;Minitractores;correas-de-kevlar;Correas de kevlar;AYP | Poulan | Weed Eater | Craftsman;"25 X 1/2""";correas-kevlar-generica.jpg;no
5888380;"Correa 193214 Plataforma 38L12G50X8A y P015538LT 90""X 1/2”";"38L12G50X8A y P015538LT 90""X 1/2”";minitractores;Minitractores;correas-de-kevlar;Correas de kevlar;AYP | Poulan | Weed Eater | Craftsman;"38L12G50X8A y P015538LT 90""X 1/2"" | 90""X 1/2";correas-kevlar-generica.jpg;no
5888382;"Correa 183688 Tracción CESPERA 34"" X 3/8""";"Tracción CESPERA 34"" X 3/8""";minitractores;Minitractores;correas-de-kevlar;Correas de kevlar;AYP | Poulan | Weed Eater | Craftsman;"34"" X 3/8""";correas-kevlar-generica.jpg;no
5888385;"Correa 194346 Transmisión 42L18G60X8A 42"" De Corte 97,40"" X1/2”";"42L18G60X8A 42"" De Corte 97,40"" X1/2”";minitractores;Minitractores;correas-de-kevlar;Correas de kevlar;AYP | Poulan | Weed Eater | Craftsman;"42L18G60X8A 42"" De Corte 97,40"" X1/2"" | 97,40"" X1/2";correas-kevlar-generica.jpg;no
5888390;"Correa 196103 Plataforma 54G26G60X8A y PB22H54YT 148"" X 5/8""";"54G26G60X8A y PB22H54YT 148"" X 5/8""";minitractores;Minitractores;correas-de-kevlar;Correas de kevlar;AYP | Poulan | Weed Eater | Craftsman;"54G26G60X8A y PB22H54YT 148"" X 5/8"" | 148"" X 5/8""";correas-kevlar-generica.jpg;no
5888392;"Correa 196853 Tracción 22"" De Corte 32"" X 3/8""";"Tracción 22"" De Corte 32"" X 3/8""";minitractores;Minitractores;correas-de-kevlar;Correas de kevlar;AYP | Poulan | Weed Eater | Craftsman;"32"" X 3/8""";correas-kevlar-generica.jpg;no
5888395;"Correa 197242 Plataforma 48L22AH0X8A y 48G24G60X8A 138,75"" X 5/8""";"48L22AH0X8A y 48G24G60X8A 138,75"" X 5/8""";minitractores;Minitractores;correas-de-kevlar;Correas de kevlar;AYP | Poulan | Weed Eater | Craftsman;"48L22AH0X8A y 48G24G60X8A 138,75"" X 5/8"" | 138,75"" X 5/8""";correas-kevlar-generica.jpg;no
5888400;"Correa 197253 Plataforma PB195H42LT 42 100,97"" X1/2”";"Plataforma PB195H42LT 42 100,97"" X1/2”";minitractores;Minitractores;correas-de-kevlar;Correas de kevlar;AYP | Poulan | Weed Eater | Craftsman;"100,97"" X1/2”";correas-kevlar-generica.jpg;no
5888402;"Correa 21547026 Transmisión Ariens 42"" 95""X1/2""";"Transmisión Ariens 42"" 95""X1/2""";minitractores;Minitractores;correas-de-kevlar;Correas de kevlar;Ariens;"95""X1/2""";correas-kevlar-generica.jpg;no
5888403;"Correa 21547027 Plataforma Ariens 42"" 95,5"" X 1/2""";"Plataforma Ariens 42"" 95,5"" X 1/2""";minitractores;Minitractores;correas-de-kevlar;Correas de kevlar;Ariens;"95,5"" X 1/2""";correas-kevlar-generica.jpg;no
5888404;Correa 199612 Transmisión 48G24G60X8A y 54G26G60X8A 97,60” X1/2”;Transmisión 48G24G60X8A y 54G26G60X8A 97,60” X1/2”;minitractores;Minitractores;correas-de-kevlar;Correas de kevlar;AYP | Poulan | Weed Eater | Craftsman;"97,60"" X1/2"" | 97,60” X1/2”";correas-kevlar-generica.jpg;no
5888405;"Correa 303241 Transmisión LT4140G 90""X1/2”";"Transmisión LT4140G 90""X1/2”";minitractores;Minitractores;correas-de-kevlar;Correas de kevlar;AYP | Poulan | Weed Eater | Craftsman;"90""X1/2"" | 90""X1/2";correas-kevlar-generica.jpg;no
5888406;"Correa 300142 Tracción Autopropulsada 40""X1/2""";"Tracción Autopropulsada 40""X1/2""";minitractores;Minitractores;correas-de-kevlar;Correas de kevlar;AYP | Poulan | Weed Eater | Craftsman;"40""X1/2""";correas-kevlar-generica.jpg;no
5888408;Correa GT37401 Transmisión Variador Poulan 22 X 17;Variador Poulan 22 X 17;minitractores;Minitractores;correas-de-kevlar;Correas de kevlar;Poulan;Variador Poulan 22 X 17;correas-kevlar-generica.jpg;no
5888409;"Correa 429532 Plataforma Poulan 110"" X 1/2""";"Plataforma Poulan 110"" X 1/2""";minitractores;Minitractores;correas-de-kevlar;Correas de kevlar;Poulan;"110"" X 1/2""";correas-kevlar-generica.jpg;no
5888410;"Correa 401603 Transmisión 42"" De Corte 95,68"" X1/2”";"Transmisión 42"" De Corte 95,68"" X1/2”";minitractores;Minitractores;correas-de-kevlar;Correas de kevlar;AYP | Poulan | Weed Eater | Craftsman;"95,68"" X1/2"" | 95,68"" X1/2";correas-kevlar-generica.jpg;no
5888411;"Correa 408381 Plataforma Craftsman 42"" 96,4"" X 1/2""";"Craftsman 42"" 96,4"" X 1/2""";minitractores;Minitractores;correas-de-kevlar;Correas de kevlar;Craftsman;"Craftsman 42"" 96,4"" X 1/2"" | 96,4"" X 1/2""";correas-kevlar-generica.jpg;no
5888412;Correa 405143 Plataforma PB19546LT y PB195H46YT 105,76” X1/2”;Plataforma PB19546LT y PB195H46YT 105,76” X1/2”;minitractores;Minitractores;correas-de-kevlar;Correas de kevlar;AYP | Poulan | Weed Eater | Craftsman;"105,76"" X1/2"" | 105,76” X1/2”";correas-kevlar-generica.jpg;no
5888413;"Correa 419271 Plataforma LT126 89,25X1/2""";"Plataforma LT126 89,25X1/2""";minitractores;Minitractores;correas-de-kevlar;Correas de kevlar;AYP | Poulan | Weed Eater | Craftsman;"89,25X1/2""";correas-kevlar-generica.jpg;no
5888414;"Correa 429636 Plataforma 42L18G60X8A 42"" De Corte 102"" X1/2""";"Plataforma 42L18G60X8A 42"" De Corte 102"" X1/2""";minitractores;Minitractores;correas-de-kevlar;Correas de kevlar;AYP | Poulan | Weed Eater | Craftsman;"102"" X1/2""";correas-kevlar-generica.jpg;no
5888415;"Correa 428578 Plataforma 26"" De Corte (One We261) 68,25” X1/2”";"Plataforma 26"" De Corte (One We261) 68,25” X1/2”";minitractores;Minitractores;correas-de-kevlar;Correas de kevlar;AYP | Poulan | Weed Eater | Craftsman;"68,25"" X1/2"" | 68,25” X1/2”";correas-kevlar-generica.jpg;no
5888416;"Correa 441597 Plataforma Pb30 30"" De Corte 72""X1/2""";"Plataforma Pb30 30"" De Corte 72""X1/2""";minitractores;Minitractores;correas-de-kevlar;Correas de kevlar;AYP | Poulan | Weed Eater | Craftsman;"72""X1/2""";correas-kevlar-generica.jpg;no
5888417;"Correa 57214 Plataforma Dinamark-Noma 38"" De Corte 84,75"" X1/2""";"Plataforma Dinamark-Noma 38"" De Corte 84,75"" X1/2""";minitractores;Minitractores;correas-de-kevlar;Correas de kevlar;Murray | Noma;"84,75"" X1/2""";correas-kevlar-generica.jpg;no
5888418;"Correa 83691 Tracción Jet 555 34"" X 3/8""";"Tracción Jet 555 34"" X 3/8""";minitractores;Minitractores;correas-de-kevlar;Correas de kevlar;Murray | Noma;"34"" X 3/8""";correas-kevlar-generica.jpg;no
5888419;"Correa 37X11 Plataforma 36"" 38"" 40” De Corte AYP 95.30"" X1/2""";"Plataforma 36"" 38"" 40” De Corte AYP 95.30"" X1/2""";minitractores;Minitractores;correas-de-kevlar;Correas de kevlar;Murray | Noma;"95.30"" X1/2""";correas-kevlar-generica.jpg;no
5888420;"Correa 37X12 Plataforma 42"" De Corte 55"" X1/2”";"Plataforma 42"" De Corte 55"" X1/2”";minitractores;Minitractores;correas-de-kevlar;Correas de kevlar;Murray | Noma;"55"" X1/2"" | 55"" X1/2";correas-kevlar-generica.jpg;no
5888421;"Correa 37X57 Plataforma 30577X8A 30"" De Corte 53,75"" X1/2""";"Plataforma 30577X8A 30"" De Corte 53,75"" X1/2""";minitractores;Minitractores;correas-de-kevlar;Correas de kevlar;Murray | Noma;"53,75"" X1/2""";correas-kevlar-generica.jpg;no
5888422;Correa 37X38 Transmisión 30” De Corte 40,30” X1/2”;Transmisión 30” De Corte 40,30” X1/2”;minitractores;Minitractores;correas-de-kevlar;Correas de kevlar;Murray | Noma;"40,30"" X1/2"" | 40,30” X1/2”";correas-kevlar-generica.jpg;no
5888423;Correa 37X43 Plataforma 36” De Corte 83”X1/2”;Plataforma 36” De Corte 83”X1/2”;minitractores;Minitractores;correas-de-kevlar;Correas de kevlar;Murray | Noma;"83""X1/2"" | 83”X1/2”";correas-kevlar-generica.jpg;no
5888424;Correa 37X45 Plataforma 42” De Corte 90,50” X1/2”;Plataforma 42” De Corte 90,50” X1/2”;minitractores;Minitractores;correas-de-kevlar;Correas de kevlar;Murray | Noma;"90,50"" X1/2"" | 90,50” X1/2”";correas-kevlar-generica.jpg;no
5888425;"Correa 37X61 Transmisión 38618X92A v 40702X92A 95""X1/2”";"Transmisión 38618X92A v 40702X92A 95""X1/2”";minitractores;Minitractores;correas-de-kevlar;Correas de kevlar;Murray | Noma;"95""X1/2"" | 95""X1/2";correas-kevlar-generica.jpg;no
5888426;"Correa 37X62 Plataforma 40702X92A 40"" De Corte 86""X1/2”";"Plataforma 40702X92A 40"" De Corte 86""X1/2”";minitractores;Minitractores;correas-de-kevlar;Correas de kevlar;Murray | Noma;"86""X1/2"" | 86""X1/2";correas-kevlar-generica.jpg;no
5888427;"Correa 37X63 Plataforma 38618X92A 38"" De Corte 83""X1/2”";"Plataforma 38618X92A 38"" De Corte 83""X1/2”";minitractores;Minitractores;correas-de-kevlar;Correas de kevlar;Murray | Noma;"83""X1/2"" | 83""X1/2";correas-kevlar-generica.jpg;no
5888428;"Correa 37X65 Transmisión 30577X8A 30"" De Corte 30""X1/2""";"Transmisión 30577X8A 30"" De Corte 30""X1/2""";minitractores;Minitractores;correas-de-kevlar;Correas de kevlar;Murray | Noma;"30""X1/2""";correas-kevlar-generica.jpg;no
5888430;"Correa 37*64 Tracción MURRAY 37 X 1/2""";"Tracción MURRAY 37 X 1/2""";minitractores;Minitractores;correas-de-kevlar;Correas de kevlar;Murray;"37 X 1/2""";correas-kevlar-generica.jpg;no
5888437;Correa 37X66 Plataforma 18 Hp 46” De Corte 47,10” X1/2”;Plataforma 18 Hp 46” De Corte 47,10” X1/2”;minitractores;Minitractores;correas-de-kevlar;Correas de kevlar;Murray | Noma;"47,10"" X1/2"" | 47,10” X1/2”";correas-kevlar-generica.jpg;no
5888440;"Correa 37X68 Transmisión 52"" De Corte 52100X92A 101,70"" X1/2”";"Transmisión 52"" De Corte 52100X92A 101,70"" X1/2”";minitractores;Minitractores;correas-de-kevlar;Correas de kevlar;Murray | Noma;"101,70"" X1/2"" | 101,70"" X1/2";correas-kevlar-generica.jpg;no
5888444;"Correa 37X69 Plataforma 18Hp 46"" De Corte Serie 46300 80,30"" X1/2""";"Plataforma 18Hp 46"" De Corte Serie 46300 80,30"" X1/2""";minitractores;Minitractores;correas-de-kevlar;Correas de kevlar;Murray | Noma;"80,30"" X1/2""";correas-kevlar-generica.jpg;no
5888445;"Correa 37X70 Plataforma 46"" De Corte 76,50"" X1/2”";"Plataforma 46"" De Corte 76,50"" X1/2”";minitractores;Minitractores;correas-de-kevlar;Correas de kevlar;Murray | Noma;"76,50"" X1/2"" | 76,50"" X1/2";correas-kevlar-generica.jpg;no
5888449;"Correa 37X74 Plataforma 13/30"" 1992 57"" X1/2""";"Plataforma 13/30"" 1992 57"" X1/2""";minitractores;Minitractores;correas-de-kevlar;Correas de kevlar;Murray | Noma;"57"" X1/2""";correas-kevlar-generica.jpg;no
5888450;"Correa 37X75 Plataforma 42"" De Corte 42910X92A 91.25"" X1/2”";"Plataforma 42"" De Corte 42910X92A 91.25"" X1/2”";minitractores;Minitractores;correas-de-kevlar;Correas de kevlar;Murray | Noma;"91.25"" X1/2"" | 91.25"" X1/2";correas-kevlar-generica.jpg;no
5888455;"Correa 37X80 Transmisión 42"" De Corte 42910X92A 86,12"" X1/2”";"Transmisión 42"" De Corte 42910X92A 86,12"" X1/2”";minitractores;Minitractores;correas-de-kevlar;Correas de kevlar;Murray | Noma;"86,12"" X1/2"" | 86,12"" X1/2";correas-kevlar-generica.jpg;no
5888456;"Correa 37X81 Transmisión 14.5HP42"" De Corte 89""X1/2”";"Transmisión 14.5HP42"" De Corte 89""X1/2”";minitractores;Minitractores;correas-de-kevlar;Correas de kevlar;Murray | Noma;"89""X1/2"" | 89""X1/2";correas-kevlar-generica.jpg;no
5888457;Correa 37X82 Plataforma 46” y 52” GT 89,40” X1/2”;Plataforma 46” y 52” GT 89,40” X1/2”;minitractores;Minitractores;correas-de-kevlar;Correas de kevlar;Murray | Noma;"89,40"" X1/2"" | 89,40” X1/2”";correas-kevlar-generica.jpg;no
5888465;"Correa 37X86 Plataforma Sentinel 38"" 385002x108B 84""X1/2”";"Plataforma Sentinel 38"" 385002x108B 84""X1/2”";minitractores;Minitractores;correas-de-kevlar;Correas de kevlar;Murray | Noma;"84""X1/2"" | 84""X1/2";correas-kevlar-generica.jpg;no
5888466;"Correa 37X87 Transmisión 42516X92By 385002x108B 97,50"" X1/2”";"Transmisión 42516X92By 385002x108B 97,50"" X1/2”";minitractores;Minitractores;correas-de-kevlar;Correas de kevlar;Murray | Noma;"97,50"" X1/2”";correas-kevlar-generica.jpg;no
5888467;"Correa 37X88 Plataforma Hidrostático 425600X48A 42"" 88,25"" X1/2”";"Plataforma Hidrostático 425600X48A 42"" 88,25"" X1/2”";minitractores;Minitractores;correas-de-kevlar;Correas de kevlar;Murray | Noma;"88,25"" X1/2"" | 88,25"" X1/2";correas-kevlar-generica.jpg;no
5888468;"Correa 37X89 Plataforma LT 46"" De Corte 87"" X1/2”";"Plataforma LT 46"" De Corte 87"" X1/2”";minitractores;Minitractores;correas-de-kevlar;Correas de kevlar;Murray | Noma;"87"" X1/2"" | 87"" X1/2";correas-kevlar-generica.jpg;no
5888471;"Correa 37X92 Plataforma 48"" De Corte 48560X92A 52,75"" X1/2""";"Plataforma 48"" De Corte 48560X92A 52,75"" X1/2""";minitractores;Minitractores;correas-de-kevlar;Correas de kevlar;Murray | Noma;"52,75"" X1/2""";correas-kevlar-generica.jpg;no
5888485;"Correa 37X96 Plataforma Rider 46"" De Corte 88,25"" X1/2”";"Plataforma Rider 46"" De Corte 88,25"" X1/2”";minitractores;Minitractores;correas-de-kevlar;Correas de kevlar;Murray | Noma;"88,25"" X1/2"" | 88,25"" X1/2";correas-kevlar-generica.jpg;no
5888490;"Correa 37X106 Transmisión Hidrostático 38"" 40"" 42"" 46"" 89""X1/2”";"Transmisión Hidrostático 38"" 40"" 42"" 46"" 89""X1/2”";minitractores;Minitractores;correas-de-kevlar;Correas de kevlar;Murray | Noma;"89""X1/2"" | 89""X1/2";correas-kevlar-generica.jpg;no
5888494;"Correa 37X110 Transmisión (10/30) 30"" De Corte 44""X1/2""";"Transmisión (10/30) 30"" De Corte 44""X1/2""";minitractores;Minitractores;correas-de-kevlar;Correas de kevlar;Murray | Noma;"44""X1/2""";correas-kevlar-generica.jpg;no
5888495;"Correa 37X111 Plataforma (10/30) 30"" De Corte 45"" X 9/16""";"Plataforma (10/30) 30"" De Corte 45"" X 9/16""";minitractores;Minitractores;correas-de-kevlar;Correas de kevlar;Murray | Noma;"45"" X 9/16""";correas-kevlar-generica.jpg;no
5888496;"Correa 37X112 Plataforma 42"" y 46"" De Corte 66,25"" X 5/8""";"Plataforma 42"" y 46"" De Corte 66,25"" X 5/8""";minitractores;Minitractores;correas-de-kevlar;Correas de kevlar;Murray | Noma;"66,25"" X 5/8""";correas-kevlar-generica.jpg;no
5888497;"Correa 37X113 Transmisión 38"" y 42"" De Corte 44,3"" X 5/8""";"Transmisión 38"" y 42"" De Corte 44,3"" X 5/8""";minitractores;Minitractores;correas-de-kevlar;Correas de kevlar;Murray | Noma;"44,3"" X 5/8""";correas-kevlar-generica.jpg;no
5888499;"Correa 1703466SM Plataforma GTH 48"" de Corte 126""x1/2""";"Plataforma GTH 48"" de Corte 126""x1/2""";minitractores;Minitractores;correas-de-kevlar;Correas de kevlar;Murray | Noma;"126""x1/2""";correas-kevlar-generica.jpg;no
5888500;"Correa 37X144 Transmisión Hidrostático 425600X48A 42"" 88""X1/2”";"Transmisión Hidrostático 425600X48A 42"" 88""X1/2”";minitractores;Minitractores;correas-de-kevlar;Correas de kevlar;Murray | Noma;"88""X1/2"" | 88""X1/2";correas-kevlar-generica.jpg;no
5888501;Correa Transmisión GTH 2554 83”X1/2”;Transmisión GTH 2554 83”X1/2”;minitractores;Minitractores;correas-de-kevlar;Correas de kevlar;Husqvarna;"83""X1/2"" | 83”X1/2”";correas-kevlar-generica.jpg;no
5888502;"Correa 1732224SM Transmisión EZM 2042 42"" De Corte 54,4"" X1/2""";"Transmisión EZM 2042 42"" De Corte 54,4"" X1/2""";minitractores;Minitractores;correas-de-kevlar;Correas de kevlar;Murray | Noma;"54,4"" X1/2""";correas-kevlar-generica.jpg;no
5888503;"Correa 1734048SM Plataforma EZM 2042 42"" De Corte 103"" X1/2""";"Plataforma EZM 2042 42"" De Corte 103"" X1/2""";minitractores;Minitractores;correas-de-kevlar;Correas de kevlar;Murray | Noma;"103"" X1/2""";correas-kevlar-generica.jpg;no
5888504;"Correa 7100102SM Transmisión RZT 26520 52"" De Corte 58""X1/2""";"Transmisión RZT 26520 52"" De Corte 58""X1/2""";minitractores;Minitractores;correas-de-kevlar;Correas de kevlar;Murray | Noma;"58""X1/2""";correas-kevlar-generica.jpg;no
5888505;"Correa Transmisión LT 100 LT 120 LT 125 88,75"" X1/2”";"Transmisión LT 100 LT 120 LT 125 88,75"" X1/2”";minitractores;Minitractores;correas-de-kevlar;Correas de kevlar;Husqvarna;"88,75"" X1/2"" | 88,75"" X1/2";correas-kevlar-generica.jpg;no
5888506;"Correa 7103789YP Plataforma RZT 26520 52"" De Corte 158"" X1/2""";"Plataforma RZT 26520 52"" De Corte 158"" X1/2""";minitractores;Minitractores;correas-de-kevlar;Correas de kevlar;Murray | Noma;"158"" X1/2""";correas-kevlar-generica.jpg;no
5888507;"Correa 48044 Plataforma LT4140G 1994 82,5"" X 5/8""";"Plataforma LT4140G 1994 82,5"" X 5/8""";minitractores;Minitractores;correas-de-kevlar;Correas de kevlar;Murray | Noma;"82,5"" X 5/8""";correas-kevlar-generica.jpg;no
5888508;"Correa 54758 Transmisión 12Hp 38"" De Corte 82""X1/2""";"Transmisión 12Hp 38"" De Corte 82""X1/2""";minitractores;Minitractores;correas-de-kevlar;Correas de kevlar;Murray | Noma;"82""X1/2""";correas-kevlar-generica.jpg;no
5888509;"Correa 300680 Plataforma Noma 38"" De Corte 77,5"" X 5/8""";"Plataforma Noma 38"" De Corte 77,5"" X 5/8""";minitractores;Minitractores;correas-de-kevlar;Correas de kevlar;Noma;"77,5"" X 5/8""";correas-kevlar-generica.jpg;no
5888510;"Correa Transmisión LT 130 95,25"" X1/2”";"Transmisión LT 130 95,25"" X1/2”";minitractores;Minitractores;correas-de-kevlar;Correas de kevlar;Husqvarna;"95,25"" X1/2"" | 95,25"" X1/2";correas-kevlar-generica.jpg;no
5888511;"Correa Transmisión Husqvarna 38"" 90,25"" X 1/2""";"Transmisión Husqvarna 38"" 90,25"" X 1/2""";minitractores;Minitractores;correas-de-kevlar;Correas de kevlar;Husqvarna;"90,25"" X 1/2""";correas-kevlar-generica.jpg;no
5888512;"Correa Plataforma LT 11212Hp 36"" De Corte 79,75"" X1/2""";"Plataforma LT 11212Hp 36"" De Corte 79,75"" X1/2""";minitractores;Minitractores;correas-de-kevlar;Correas de kevlar;Husqvarna;"79,75"" X1/2""";correas-kevlar-generica.jpg;no
5888513;"Correa Transmisión LT 112 (H1236) 88,25"" X1/2""";"Transmisión LT 112 (H1236) 88,25"" X1/2""";minitractores;Minitractores;correas-de-kevlar;Correas de kevlar;Husqvarna;"88,25"" X1/2""";correas-kevlar-generica.jpg;no
5888515;"Correa Transmisión LTH 1842YTH 2042 YTH 2754 92""X1/2""";"Transmisión LTH 1842YTH 2042 YTH 2754 92""X1/2""";minitractores;Minitractores;correas-de-kevlar;Correas de kevlar;Husqvarna;"92""X1/2""";correas-kevlar-generica.jpg;no
5888516;"Correa Plataforma LT 100 LT 120 LT 125 78,50"" X1/2”";"Plataforma LT 100 LT 120 LT 125 78,50"" X1/2”";minitractores;Minitractores;correas-de-kevlar;Correas de kevlar;Husqvarna;"78,50"" X1/2"" | 78,50"" X1/2";correas-kevlar-generica.jpg;no
5888518;Correa Transmisión Motocultivador 52” X1/2”;Transmisión Motocultivador 52” X1/2”;minitractores;Minitractores;correas-de-kevlar;Correas de kevlar;Husqvarna;"52"" X1/2"" | 52” X1/2”";correas-kevlar-generica.jpg;no
5888520;"Correa Transmisión YTH 1542 LT 131 95,25"" X1/2”";"Transmisión YTH 1542 LT 131 95,25"" X1/2”";minitractores;Minitractores;correas-de-kevlar;Correas de kevlar;Husqvarna;"95,25"" X1/2"" | 95,25"" X1/2";correas-kevlar-generica.jpg;no
5888521;"Correa Transmisión 42"" de Corte 20HP 84""x1/2""";"Transmisión 42"" de Corte 20HP 84""x1/2""";minitractores;Minitractores;correas-de-kevlar;Correas de kevlar;Husqvarna;"84""x1/2""";correas-kevlar-generica.jpg;no
5888522;"Correa Transmisión YTH 1542 YTH 1842 82""X1/2”";"Transmisión YTH 1542 YTH 1842 82""X1/2”";minitractores;Minitractores;correas-de-kevlar;Correas de kevlar;Husqvarna;"82""X1/2"" | 82""X1/2";correas-kevlar-generica.jpg;no
5888524;Correa Plataforma LT 130 42” De Corte 89”X1/2”;Plataforma LT 130 42” De Corte 89”X1/2”;minitractores;Minitractores;correas-de-kevlar;Correas de kevlar;Husqvarna;"89""X1/2"" | 89”X1/2”";correas-kevlar-generica.jpg;no
5888525;"Correa Plataforma LTH1842 YTH 20' 295,50"" X1/2”";"Plataforma LTH1842 YTH 20' 295,50"" X1/2”";minitractores;Minitractores;correas-de-kevlar;Correas de kevlar;Husqvarna;"295,50"" X1/2"" | 295,50"" X1/2";correas-kevlar-generica.jpg;no
5888526;"Correa 5321656-32 Transmisión Hidrostatico 1999 112"" X 1/2""";"5321656-32 Transmisión Hidrostatico 1999 112"" X 1/2""";minitractores;Minitractores;correas-de-kevlar;Correas de kevlar;;"5321656-32 Transmisión Hidrostatico 1999 112"" X 1/2"" | 112"" X 1/2""";correas-kevlar-generica.jpg;no
5888529;"Correa Plataforma YTH 1542 YTH 1842 97,40” X 5/8""";"Plataforma YTH 1542 YTH 1842 97,40” X 5/8""";minitractores;Minitractores;correas-de-kevlar;Correas de kevlar;Husqvarna;"97,40"" X 5/8"" | 97,40” X 5/8";correas-kevlar-generica.jpg;no
5888530;"Correa Plataforma LT 125 84,50"" X1/2”";"Plataforma LT 125 84,50"" X1/2”";minitractores;Minitractores;correas-de-kevlar;Correas de kevlar;Husqvarna;"84,50"" X1/2"" | 84,50"" X1/2";correas-kevlar-generica.jpg;no
5888531;"Correa 5803646-10 Tracción HU725AWDEX 4X4 64"" X 3/8""";"5803646-10 Tracción HU725AWDEX 4X4 64"" X 3/8""";minitractores;Minitractores;correas-de-kevlar;Correas de kevlar;;"5803646-10 Tracción HU725AWDEX 4X4 64"" X 3/8"" | 64"" X 3/8""";correas-kevlar-generica.jpg;no
5888532;"Correa Transmisión 11 Hp 36"" De Corte 85,3"" X1/2""";"Transmisión 11 Hp 36"" De Corte 85,3"" X1/2""";minitractores;Minitractores;correas-de-kevlar;Correas de kevlar;Husqvarna;"85,3"" X1/2""";correas-kevlar-generica.jpg;no
5888533;"Correa Plataforma GTH 2554 142,5"" X 5/8""";"Plataforma GTH 2554 142,5"" X 5/8""";minitractores;Minitractores;correas-de-kevlar;Correas de kevlar;Husqvarna;"142,5"" X 5/8""";correas-kevlar-generica.jpg;no
5888535;"Correa Plataforma LT 131 90,20"" X12”";"Plataforma LT 131 90,20"" X12”";minitractores;Minitractores;correas-de-kevlar;Correas de kevlar;Husqvarna;"90,20"" X12""";correas-kevlar-generica.jpg;no
5888536;"Correa Transmisión YT1942T LT19538 LT 97,30"" X1/2”";"Transmisión YT1942T LT19538 LT 97,30"" X1/2”";minitractores;Minitractores;correas-de-kevlar;Correas de kevlar;Husqvarna;"97,30"" X1/2"" | 97,30"" X1/2";correas-kevlar-generica.jpg;no
5888537;"Correa 5844531-01 Plataforma YTH2146/YTH2546 105"" X1/2""";"Plataforma YTH2146/YTH2546 105"" X1/2""";minitractores;Minitractores;correas-de-kevlar;Correas de kevlar;Husqvarna;"105"" X1/2""";correas-kevlar-generica.jpg;no
5888538;"Correa 5825580-01 Plataforma Z248F 147 X 5/8""";"5825580-01 Plataforma Z248F 147 X 5/8""";minitractores;Minitractores;correas-de-kevlar;Correas de kevlar;;"5825580-01 Plataforma Z248F 147 X 5/8""";correas-kevlar-generica.jpg;no
5888539;"Correa 5929518-01 Plataforma MZ254F 151,50"" X 1/2""";"5929518-01 Plataforma MZ254F 151,50"" X 1/2""";minitractores;Minitractores;correas-de-kevlar;Correas de kevlar;;"5929518-01 Plataforma MZ254F 151,50"" X 1/2"" | 151,50"" X 1/2""";correas-kevlar-generica.jpg;no
5888540;"Correa Plataforma YTH 2754 147,75"" X 5/8”";"Plataforma YTH 2754 147,75"" X 5/8”";minitractores;Minitractores;correas-de-kevlar;Correas de kevlar;Husqvarna;"147,75"" X 5/8"" | 147,75"" X 5/8";correas-kevlar-generica.jpg;no
5888541;"Correa 5321972-42 Plataforma Husq 48"" 138"" X 5/8""";"5321972-42 Plataforma Husq 48"" 138"" X 5/8""";minitractores;Minitractores;correas-de-kevlar;Correas de kevlar;Husqvarna;"5321972-42 Plataforma Husq 48"" 138"" X 5/8"" | 138"" X 5/8""";correas-kevlar-generica.jpg;no
5888542;"Correa Plataforma YT1942T 101"" X1/2”";"Plataforma YT1942T 101"" X1/2”";minitractores;Minitractores;correas-de-kevlar;Correas de kevlar;Husqvarna;"101"" X1/2"" | 101"" X1/2";correas-kevlar-generica.jpg;no
5888544;Correa Transmisión Autopropulsada 38” X 3/8”;Transmisión Autopropulsada 38” X 3/8”;minitractores;Minitractores;correas-de-kevlar;Correas de kevlar;Husqvarna;"38"" X 3/8"" | 38” X 3/8”";correas-kevlar-generica.jpg;no
5888545;"Correa Transmisión LT 2113 38"" De Corte 95,68"" X1/2”";"Transmisión LT 2113 38"" De Corte 95,68"" X1/2”";minitractores;Minitractores;correas-de-kevlar;Correas de kevlar;Husqvarna;"95,68"" X1/2"" | 95,68"" X1/2";correas-kevlar-generica.jpg;no
5888546;"Correa Plataforma YTH 2146 YTH 2546 105,76"" X1/2""";"Plataforma YTH 2146 YTH 2546 105,76"" X1/2""";minitractores;Minitractores;correas-de-kevlar;Correas de kevlar;Husqvarna;"105,76"" X1/2""";correas-kevlar-generica.jpg;no
5888547;"Correa Plataforma LT 1597 Lt19538 96,25"" X 1/2""";"Plataforma LT 1597 Lt19538 96,25"" X 1/2""";minitractores;Minitractores;correas-de-kevlar;Correas de kevlar;Husqvarna;"96,25"" X 1/2""";correas-kevlar-generica.jpg;no
5888548;"Correa Transmisión LT 1597 (2007) 97,76"" X1/2""";"Transmisión LT 1597 (2007) 97,76"" X1/2""";minitractores;Minitractores;correas-de-kevlar;Correas de kevlar;Husqvarna;"97,76"" X1/2""";correas-kevlar-generica.jpg;no
5888549;Correa Plataforma LT126 YTH19530 88,86” X1/2”;Plataforma LT126 YTH19530 88,86” X1/2”;minitractores;Minitractores;correas-de-kevlar;Correas de kevlar;Husqvarna;"88,86"" X1/2"" | 88,86” X1/2”";correas-kevlar-generica.jpg;no
5888550;"Correa Plataforma YTH 2042 101,5"" X1/2”";"Plataforma YTH 2042 101,5"" X1/2”";minitractores;Minitractores;correas-de-kevlar;Correas de kevlar;Husqvarna;"101,5"" X1/2"" | 101,5"" X1/2";correas-kevlar-generica.jpg;no
5888551;"Correa Transmisión Autopropulsada 32""x 3/8""";"Transmisión Autopropulsada 32""x 3/8""";minitractores;Minitractores;correas-de-kevlar;Correas de kevlar;Husqvarna;"32""x 3/8""";correas-kevlar-generica.jpg;no
5888552;"Correa 510201401 Transmisión E4821 64,75"" X1/2""";"Transmisión E4821 64,75"" X1/2""";minitractores;Minitractores;correas-de-kevlar;Correas de kevlar;Husqvarna;"64,75"" X1/2""";correas-kevlar-generica.jpg;no
5888553;"Correa Transmisión Z246/461ZX/Z254 56""X1/2""";"Transmisión Z246/461ZX/Z254 56""X1/2""";minitractores;Minitractores;correas-de-kevlar;Correas de kevlar;Husqvarna;"56""X1/2""";correas-kevlar-generica.jpg;no
5888554;"Correa Plataforma IZ4821 48"" De Corte 152"" X 5/8""";"Plataforma IZ4821 48"" De Corte 152"" X 5/8""";minitractores;Minitractores;correas-de-kevlar;Correas de kevlar;Husqvarna;"152"" X 5/8""";correas-kevlar-generica.jpg;no
5888555;"Correa Plataforma Z 254 /541ZX 154,25"" X 5/8""";"Plataforma Z 254 /541ZX 154,25"" X 5/8""";minitractores;Minitractores;correas-de-kevlar;Correas de kevlar;Husqvarna;"154,25"" X 5/8""";correas-kevlar-generica.jpg;no
5888556;Correa Plataforma Rider 850-12 62” X 3/8”;Plataforma Rider 850-12 62” X 3/8”;minitractores;Minitractores;correas-de-kevlar;Correas de kevlar;Husqvarna;"62"" X 3/8"" | 62” X 3/8”";correas-kevlar-generica.jpg;no
5888557;"Correa 522 811301 Plataforma M-ZT52 148,5"" X 5/8""";"Plataforma M-ZT52 148,5"" X 5/8""";minitractores;Minitractores;correas-de-kevlar;Correas de kevlar;Husqvarna;"148,5"" X 5/8""";correas-kevlar-generica.jpg;no
5888558;"Correa Plataforma Z 246/ 461ZX 123,25"" X 5/8""";"Plataforma Z 246/ 461ZX 123,25"" X 5/8""";minitractores;Minitractores;correas-de-kevlar;Correas de kevlar;Husqvarna;"123,25"" X 5/8""";correas-kevlar-generica.jpg;no
5888559;"Correa Transmisión Rider 1200 40""x1/2""";"Transmisión Rider 1200 40""x1/2""";minitractores;Minitractores;correas-de-kevlar;Correas de kevlar;Husqvarna;"40""x1/2""";correas-kevlar-generica.jpg;no
5888560;"Correa Transmisión LT125 (H12536D) 1998 88,75"" X1/2""";"Transmisión LT125 (H12536D) 1998 88,75"" X1/2""";minitractores;Minitractores;correas-de-kevlar;Correas de kevlar;Husqvarna;"88,75"" X1/2""";correas-kevlar-generica.jpg;no
5888561;"Correa Plataforma LT125 (H12536D) 1998 78""X1/2""";"Plataforma LT125 (H12536D) 1998 78""X1/2""";minitractores;Minitractores;correas-de-kevlar;Correas de kevlar;Husqvarna;"78""X1/2""";correas-kevlar-generica.jpg;no
5888562;"Correa Transmisión 150D Autopropulsada 31 3/4"" X 3/8""";"Transmisión 150D Autopropulsada 31 3/4"" X 3/8""";minitractores;Minitractores;correas-de-kevlar;Correas de kevlar;Husqvarna;"31 3/4"" X 3/8"" | 4"" X 3/8""";correas-kevlar-generica.jpg;no
5888563;"Correa 5391043-35 Plataforma 52"" De Corte 163"" X 5/8""";"5391043-35 Plataforma 52"" De Corte 163"" X 5/8""";minitractores;Minitractores;correas-de-kevlar;Correas de kevlar;;"5391043-35 Plataforma 52"" De Corte 163"" X 5/8"" | 163"" X 5/8""";correas-kevlar-generica.jpg;no
5888564;"Correa Plataforma Rider 214 TC 71""X1/2""";"Plataforma Rider 214 TC 71""X1/2""";minitractores;Minitractores;correas-de-kevlar;Correas de kevlar;Husqvarna;"71""X1/2""";correas-kevlar-generica.jpg;no
5888565;"Correa Transmisión Rider 214 TC / R316T 30"" X 1/2""";"Transmisión Rider 214 TC / R316T 30"" X 1/2""";minitractores;Minitractores;correas-de-kevlar;Correas de kevlar;Husqvarna;"30"" X 1/2""";correas-kevlar-generica.jpg;no
5888566;"Correa Transmisión Rider 214 TC / R316T 57""X1/2""";"Transmisión Rider 214 TC / R316T 57""X1/2""";minitractores;Minitractores;correas-de-kevlar;Correas de kevlar;Husqvarna;"57""X1/2""";correas-kevlar-generica.jpg;no
5888567;"Correa Transmisión Rider 214 TC 78,15"" X 1/2""";"Transmisión Rider 214 TC 78,15"" X 1/2""";minitractores;Minitractores;correas-de-kevlar;Correas de kevlar;Husqvarna;"78,15"" X 1/2""";correas-kevlar-generica.jpg;no
5888568;"Correa 5876867-01 Plataforma YTH24V54 / YTH22K54 148"" X 5/8""";"5876867-01 Plataforma YTH24V54 / YTH22K54 148"" X 5/8""";minitractores;Minitractores;correas-de-kevlar;Correas de kevlar;;"5876867-01 Plataforma YTH24V54 / YTH22K54 148"" X 5/8"" | 148"" X 5/8""";correas-kevlar-generica.jpg;no
5888569;"Correa 5822363-01 Plataforma TS254G - Z254F 136,50"" X 1/2""";"5822363-01 Plataforma TS254G - Z254F 136,50"" X 1/2""";minitractores;Minitractores;correas-de-kevlar;Correas de kevlar;;"5822363-01 Plataforma TS254G - Z254F 136,50"" X 1/2"" | 136,50"" X 1/2""";correas-kevlar-generica.jpg;no
5888570;"Correa 574 870901 Transmisión M-ZT 52 / MZ48 / MZ54 75,375"" X1/2""";"Transmisión Poulan Pro P54ZXT 5,375"" X 1/2""";minitractores;Minitractores;correas-de-kevlar;Correas de kevlar;Poulan;"5,375"" X 1/2""";correas-kevlar-generica.jpg;no
5888571;"Correa 5796785-01 Plataforma MZ48 145"" X 5/8""";"5796785-01 Plataforma MZ48 145"" X 5/8""";minitractores;Minitractores;correas-de-kevlar;Correas de kevlar;;"5796785-01 Plataforma MZ48 145"" X 5/8"" | 145"" X 5/8""";correas-kevlar-generica.jpg;no
5888572;"Correa 575 658403 Plataforma P-ZT60 176"" X 5/8""";"Plataforma P-ZT60 176"" X 5/8""";minitractores;Minitractores;correas-de-kevlar;Correas de kevlar;Husqvarna;"176"" X 5/8""";correas-kevlar-generica.jpg;no
5888573;"Correa 5937734-01 Plataforma TS148 - 48L22AH0X8A- 48G24G60X8 138,75"" X 5/8""";"5937734-01 Plataforma TS148 - 48L22AH0X8A- 48G24G60X8 138,75"" X 5/8""";minitractores;Minitractores;correas-de-kevlar;Correas de kevlar;;"5937734-01 Plataforma TS148 - 48L22AH0X8A- 48G24G60X8 138,75"" X 5/8"" | 138,75"" X 5/8""";correas-kevlar-generica.jpg;no
5888574;"Correa 576 667201 Transmisión P-ZT60 86,7"" X1/2""";"Transmisión P-ZT60 86,7"" X1/2""";minitractores;Minitractores;correas-de-kevlar;Correas de kevlar;Husqvarna;"86,7"" X1/2""";correas-kevlar-generica.jpg;no
5888575;"Correa Plataforma Poulan Pro P54ZXT 152"" X 5/8""";"Plataforma Poulan Pro P54ZXT 152"" X 5/8""";minitractores;Minitractores;correas-de-kevlar;Correas de kevlar;Poulan;"152"" X 5/8""";correas-kevlar-generica.jpg;no
5888576;"Correa 5824804-01 Transmisión PZ60 76,87"" X 5/8""";"5824804-01 Transmisión PZ60 76,87"" X 5/8""";minitractores;Minitractores;correas-de-kevlar;Correas de kevlar;;"5824804-01 Transmisión PZ60 76,87"" X 5/8"" | 76,87"" X 5/8""";correas-kevlar-generica.jpg;no
5888577;"Correa 5882648-01 Plataforma PZ60 175,9"" X 5/8""";"5882648-01 Plataforma PZ60 175,9"" X 5/8""";minitractores;Minitractores;correas-de-kevlar;Correas de kevlar;;"5882648-01 Plataforma PZ60 175,9"" X 5/8"" | 175,9"" X 5/8""";correas-kevlar-generica.jpg;no
5888578;"Correa 5928552-01 Transmisión TS138 - TS142- TS148 -TS254-TS248TDX 92"" X 1/2""";"5928552-01 Transmisión TS138 - TS142- TS148 -TS254-TS248TDX 92"" X 1/2""";minitractores;Minitractores;correas-de-kevlar;Correas de kevlar;;"5928552-01 Transmisión TS138 - TS142- TS148 -TS254-TS248TDX 92"" X 1/2"" | 92"" X 1/2""";correas-kevlar-generica.jpg;no
5888580;Correa Gx20006 Transmisión D130 LA120 La135 88,50” X1/2”;Transmisión D130 LA120 La135 88,50” X1/2”;minitractores;Minitractores;correas-de-kevlar;Correas de kevlar;Toro;88,50” X1/2”;correas-kevlar-generica.jpg;no
5888581;"Correa 5992757-01 Plataforma TS248TDX 134,5"" X 5/8""";"5992757-01 Plataforma TS248TDX 134,5"" X 5/8""";minitractores;Minitractores;correas-de-kevlar;Correas de kevlar;;"5992757-01 Plataforma TS248TDX 134,5"" X 5/8"" | 134,5"" X 5/8""";correas-kevlar-generica.jpg;no
5888582;"Correa 5822365-01 Plataforma MZ54 2015 146 X 5/8""";"5822365-01 Plataforma MZ54 2015 146 X 5/8""";minitractores;Minitractores;correas-de-kevlar;Correas de kevlar;;"5822365-01 Plataforma MZ54 2015 146 X 5/8""";correas-kevlar-generica.jpg;no
5888583;"Correa Gx22036 Transmisión D100 L100 La100 90,50"" X1/2""";"Transmisión D100 L100 La100 90,50"" X1/2""";minitractores;Minitractores;correas-de-kevlar;Correas de kevlar;Toro;"90,50"" X1/2""";correas-kevlar-generica.jpg;no
5888584;"Correa Gx24154 Transmisión D150 Autodrive 98,25"" X1/2""";"Transmisión D150 Autodrive 98,25"" X1/2""";minitractores;Minitractores;correas-de-kevlar;Correas de kevlar;Toro;"98,25"" X1/2""";correas-kevlar-generica.jpg;no
5888585;"Correa Gx20072 Plataforma D130 103,75"" X1/2"" 12";"Plataforma D130 103,75"" X1/2"" 12";minitractores;Minitractores;correas-de-kevlar;Correas de kevlar;Toro;"103,75"" X1/2"" 12";correas-kevlar-generica.jpg;no
5888586;"Correa Gx21395 Plataforma J.D. D170 LA150 LA175 161"" x 5/8""";"Plataforma J.D. D170 LA150 LA175 161"" x 5/8""";minitractores;Minitractores;correas-de-kevlar;Correas de kevlar;Toro;"161"" x 5/8""";correas-kevlar-generica.jpg;no
5888587;"Correa Gx21833 Plataforma D140 48"" De Corte 141,14"" X1/2""";"Plataforma D140 48"" De Corte 141,14"" X1/2""";minitractores;Minitractores;correas-de-kevlar;Correas de kevlar;Toro;"141,14"" X1/2""";correas-kevlar-generica.jpg;no
5888588;"Correa M82462 Transmisión LX176/LX178/LX186 65,75"" X1/2""";"Transmisión LX176/LX178/LX186 65,75"" X1/2""";minitractores;Minitractores;correas-de-kevlar;Correas de kevlar;Toro;"65,75"" X1/2""";correas-kevlar-generica.jpg;no
5888590;Correa M110978 Plataforma LX176/LX178/LX186 101,75” X1/2”;Plataforma LX176/LX178/LX186 101,75” X1/2”;minitractores;Minitractores;correas-de-kevlar;Correas de kevlar;Toro;101,75” X1/2”;correas-kevlar-generica.jpg;no
5888595;"Correa M123281 Plataforma LT 46"" 144X1/2""";"Plataforma LT 46"" 144X1/2""";minitractores;Minitractores;correas-de-kevlar;Correas de kevlar;Toro;"144X1/2""";correas-kevlar-generica.jpg;no
5888600;Correa M125218 Plataforma STX38 96”X1/2”;Plataforma STX38 96”X1/2”;minitractores;Minitractores;correas-de-kevlar;Correas de kevlar;Toro;96”X1/2”;correas-kevlar-generica.jpg;no
5888605;Correa M126009 Transmisión LT 133/LT155 86”X1/2”;Transmisión LT 133/LT155 86”X1/2”;minitractores;Minitractores;correas-de-kevlar;Correas de kevlar;Toro;86”X1/2”;correas-kevlar-generica.jpg;no
5888608;"Correa M126012 Plataforma Primaria 42"" De Corte 94""X1/2""";"Plataforma Primaria 42"" De Corte 94""X1/2""";minitractores;Minitractores;correas-de-kevlar;Correas de kevlar;Toro;"94""X1/2""";correas-kevlar-generica.jpg;no
5888610;"Correa M126536 Plataforma LT 133/LT 155 LT150 114,50"" X1/2""";"Plataforma LT 133/LT 155 LT150 114,50"" X1/2""";minitractores;Minitractores;correas-de-kevlar;Correas de kevlar;Toro;"114,50"" X1/2""";correas-kevlar-generica.jpg;no
5888613;"Correa M141627 Plataforma D455 121"" X 5/8""";"Plataforma D455 121"" X 5/8""";minitractores;Minitractores;correas-de-kevlar;Correas de kevlar;Toro;"121"" X 5/8""";correas-kevlar-generica.jpg;no
5888615;Correa M144044 Plataforma LT150 LA 190 Riders 91,75” X1/2”;Plataforma LT150 LA 190 Riders 91,75” X1/2”;minitractores;Minitractores;correas-de-kevlar;Correas de kevlar;Toro;91,75” X1/2”;correas-kevlar-generica.jpg;no
5888617;"Correa M151277 Transmisión X300 42"" y 48"" De Corte 92,5"" X1/2”";"Transmisión X300 42"" y 48"" De Corte 92,5"" X1/2”";minitractores;Minitractores;correas-de-kevlar;Correas de kevlar;Toro;"92,5"" X1/2”";correas-kevlar-generica.jpg;no
5888620;Correa M152284 Transmisión X300 91,25” X1/2”;Transmisión X300 91,25” X1/2”;minitractores;Minitractores;correas-de-kevlar;Correas de kevlar;Toro;91,25” X1/2”;correas-kevlar-generica.jpg;no
5888623;"Correa M154498 Plataforma 2° X300 48"" De Corte 111"" X 5/8""";"Plataforma 2° X300 48"" De Corte 111"" X 5/8""";minitractores;Minitractores;correas-de-kevlar;Correas de kevlar;Toro;"111"" X 5/8""";correas-kevlar-generica.jpg;no
5888625;"Correa M154621 Plataforma X30042"" De Corte 146” X1/2""";"Plataforma X30042"" De Corte 146” X1/2""";minitractores;Minitractores;correas-de-kevlar;Correas de kevlar;Toro;"146” X1/2""";correas-kevlar-generica.jpg;no
5888626;"Correa M154157 Transmisión Z445 42"" X 1/2""";"Transmisión Z445 42"" X 1/2""";minitractores;Minitractores;correas-de-kevlar;Correas de kevlar;Toro;"42"" X 1/2""";correas-kevlar-generica.jpg;no
5888627;"Correa M158131 Plataforma Z445 152,25X1/2""";"Plataforma Z445 152,25X1/2""";minitractores;Minitractores;correas-de-kevlar;Correas de kevlar;Toro;"152,25X1/2""";correas-kevlar-generica.jpg;no
5888630;Correa M177988 Transmisión LX176/LX178 60” X1/2”;Transmisión LX176/LX178 60” X1/2”;minitractores;Minitractores;correas-de-kevlar;Correas de kevlar;Toro;60” X1/2”;correas-kevlar-generica.jpg;no
5888655;"Correa 54-1380 Transmisión 42"" De Corte 74""x1/2""";"Transmisión 42"" De Corte 74""x1/2""";minitractores;Minitractores;correas-de-kevlar;Correas de kevlar;Husqvarna;"74""x1/2""";correas-kevlar-generica.jpg;no
5888660;Correa 54-2750 Plataforma 36” y 44” De Corte Pro Line 70” X 5/8”;54-2750 Plataforma 36” y 44” De Corte Pro Line 70” X 5/8”;minitractores;Minitractores;correas-de-kevlar;Correas de kevlar;;"54-2750 Plataforma 36"" y 44"" De Corte Pro Line 70"" X 5/8"" | 70” X 5/8”";correas-kevlar-generica.jpg;no
5888664;"Correa 92-1043 Tracción Autopropulsada 33"" x 3/8""";"92-1043 Tracción Autopropulsada 33"" x 3/8""";minitractores;Minitractores;correas-de-kevlar;Correas de kevlar;;"92-1043 Tracción Autopropulsada 33"" x 3/8"" | 33"" x 3/8""";correas-kevlar-generica.jpg;no
5888665;Correa 62-3900 Tracción Recycler Autopropulsada 34” X 3/8”;62-3900 Tracción Recycler Autopropulsada 34” X 3/8”;minitractores;Minitractores;correas-de-kevlar;Correas de kevlar;;"62-3900 Tracción Recycler Autopropulsada 34"" X 3/8"" | 34” X 3/8”";correas-kevlar-generica.jpg;no
5888666;"Correa 92-6954 Transmisión Toro 270H 52"" De Corte 88""X1/2""";"92-6954 Transmisión Toro 270H 52"" De Corte 88""X1/2""";minitractores;Minitractores;correas-de-kevlar;Correas de kevlar;Toro;"92-6954 Transmisión Toro 270H 52"" De Corte 88""X1/2"" | 88""X1/2""";correas-kevlar-generica.jpg;no
5888667;"Correa 94-2513 Plataforma Toro 270H 52"" De Corte 74"" X 5/8""";"94-2513 Plataforma Toro 270H 52"" De Corte 74"" X 5/8""";minitractores;Minitractores;correas-de-kevlar;Correas de kevlar;Toro;"94-2513 Plataforma Toro 270H 52"" De Corte 74"" X 5/8"" | 74"" X 5/8""";correas-kevlar-generica.jpg;no
5888668;"Correa 95-4094 Plataforma Toro 270H 52"" De Corte 97,2"" X 5/8""";"95-4094 Plataforma Toro 270H 52"" De Corte 97,2"" X 5/8""";minitractores;Minitractores;correas-de-kevlar;Correas de kevlar;Toro;"95-4094 Plataforma Toro 270H 52"" De Corte 97,2"" X 5/8"" | 97,2"" X 5/8""";correas-kevlar-generica.jpg;no
5888670;Correa 88-6250 Plataforma 13-38HXL Model 71191 87” X1/2”;88-6250 Plataforma 13-38HXL Model 71191 87” X1/2”;minitractores;Minitractores;correas-de-kevlar;Correas de kevlar;;"88-6250 Plataforma 13-38HXL Model 71191 87"" X1/2"" | 87” X1/2”";correas-kevlar-generica.jpg;no
5888671;"Correa 88-6260 Plataforma Toro 12-32 XL 51 ""X1/2”";"88-6260 Plataforma Toro 12-32 XL 51 ""X1/2”";minitractores;Minitractores;correas-de-kevlar;Correas de kevlar;Toro;"88-6260 Plataforma Toro 12-32 XL 51 ""X1/2""";correas-kevlar-generica.jpg;no
5888675;Correa 88-6280 Transmisión 13-38HXL14-38HXL 84”X1/2”;88-6280 Transmisión 13-38HXL14-38HXL 84”X1/2”;minitractores;Minitractores;correas-de-kevlar;Correas de kevlar;;"88-6280 Transmisión 13-38HXL14-38HXL 84""X1/2"" | 84”X1/2”";correas-kevlar-generica.jpg;no
5888676;"Correa 106-5556 Transmisión Toro 70""x1/2""";"106-5556 Transmisión Toro 70""x1/2""";minitractores;Minitractores;correas-de-kevlar;Correas de kevlar;Toro;"106-5556 Transmisión Toro 70""x1/2"" | 70""x1/2""";correas-kevlar-generica.jpg;no
5888677;Correa 91-2258 Tracción Personal Pace Autopropulsada 35” X 3/8”;91-2258 Tracción Personal Pace Autopropulsada 35” X 3/8”;minitractores;Minitractores;correas-de-kevlar;Correas de kevlar;;"91-2258 Tracción Personal Pace Autopropulsada 35"" X 3/8"" | 35” X 3/8”";correas-kevlar-generica.jpg;no
5888678;"Correa 94-2501 Plataforma 42"" De Corte 103"" X1/2""";"94-2501 Plataforma 42"" De Corte 103"" X1/2""";minitractores;Minitractores;correas-de-kevlar;Correas de kevlar;;"94-2501 Plataforma 42"" De Corte 103"" X1/2"" | 103"" X1/2""";correas-kevlar-generica.jpg;no
5888679;"Correa 105-2473 Plataforma 17HXL 44"" De Corte 128,74"" X1/2""";"105-2473 Plataforma 17HXL 44"" De Corte 128,74"" X1/2""";minitractores;Minitractores;correas-de-kevlar;Correas de kevlar;;"105-2473 Plataforma 17HXL 44"" De Corte 128,74"" X1/2"" | 128,74"" X1/2""";correas-kevlar-generica.jpg;no
5888680;Correa 112-5800 Plataforma LX425 42” De Corte 109” X1/2”;112-5800 Plataforma LX425 42” De Corte 109” X1/2”;minitractores;Minitractores;correas-de-kevlar;Correas de kevlar;;"112-5800 Plataforma LX425 42"" De Corte 109"" X1/2"" | 109” X1/2”";correas-kevlar-generica.jpg;no
5888681;"Correa 112-0305 Transmisión LX500 Lx420 42"" X 5/8""";"112-0305 Transmisión LX500 Lx420 42"" X 5/8""";minitractores;Minitractores;correas-de-kevlar;Correas de kevlar;;"112-0305 Transmisión LX500 Lx420 42"" X 5/8"" | 42"" X 5/8""";correas-kevlar-generica.jpg;no
5888682;"Correa 112-0332 Plataforma Lx500 134,95"" X 5/8""";"112-0332 Plataforma Lx500 134,95"" X 5/8""";minitractores;Minitractores;correas-de-kevlar;Correas de kevlar;;"112-0332 Plataforma Lx500 134,95"" X 5/8"" | 134,95"" X 5/8""";correas-kevlar-generica.jpg;no
5888683;"Correa 112-0301 Transmisión LX500 Lx420 91 ""X 5/8""";"112-0301 Transmisión LX500 Lx420 91 ""X 5/8""";minitractores;Minitractores;correas-de-kevlar;Correas de kevlar;;"112-0301 Transmisión LX500 Lx420 91 ""X 5/8""";correas-kevlar-generica.jpg;no
5888684;"Correa 109-3661 Plataforma TITAN 5200 153"" X 1/2""";"Plataforma TITAN 5200 153"" X 1/2""";minitractores;Minitractores;correas-de-kevlar;Correas de kevlar;Toro;"153"" X 1/2""";correas-kevlar-generica.jpg;no
5888685;Correa 115-4669 Tracción 22” De Corte P.P 33”X1/2”;115-4669 Tracción 22” De Corte P.P 33”X1/2”;minitractores;Minitractores;correas-de-kevlar;Correas de kevlar;;"115-4669 Tracción 22"" De Corte P.P 33""X1/2"" | 33”X1/2”";correas-kevlar-generica.jpg;no
5888690;Correa 117-1018 Tracción 22” De Corte 32” X 3/8”;Tracción 22” De Corte 32” X 3/8”;minitractores;Minitractores;correas-de-kevlar;Correas de kevlar;Husqvarna;32” X 3/8”;correas-kevlar-generica.jpg;no
5888691;"Correa 93-3883 Transmisión TORO HYDRO 88"" X 1/2""";"Transmisión TORO HYDRO 88"" X 1/2""";minitractores;Minitractores;correas-de-kevlar;Correas de kevlar;Toro;"88"" X 1/2""";correas-kevlar-generica.jpg;no
5888692;"Correa 93-3884 Plataforma 17-44HXL 3 Cuchillas 130"" x 1/2""";"93-3884 Plataforma 17-44HXL 3 Cuchillas 130"" x 1/2""";minitractores;Minitractores;correas-de-kevlar;Correas de kevlar;;"93-3884 Plataforma 17-44HXL 3 Cuchillas 130"" x 1/2"" | 130"" x 1/2""";correas-kevlar-generica.jpg;no
5888693;"Correa 99-1597 Tracción Autopropulsada 34"" X 3/8""";"99-1597 Tracción Autopropulsada 34"" X 3/8""";minitractores;Minitractores;correas-de-kevlar;Correas de kevlar;;"99-1597 Tracción Autopropulsada 34"" X 3/8"" | 34"" X 3/8""";correas-kevlar-generica.jpg;no
5888695;"Correa 119-3309 Transmisión SS 3200 Y SS 4200 58,25"" X1/2""";"119-3309 Transmisión SS 3200 Y SS 4200 58,25"" X1/2""";minitractores;Minitractores;correas-de-kevlar;Correas de kevlar;;"119-3309 Transmisión SS 3200 Y SS 4200 58,25"" X1/2"" | 58,25"" X1/2""";correas-kevlar-generica.jpg;no
5888697;"Correa 119-3321 Transmisión SS 5000 64,17"" X1/2""";"119-3321 Transmisión SS 5000 64,17"" X1/2""";minitractores;Minitractores;correas-de-kevlar;Correas de kevlar;;"119-3321 Transmisión SS 5000 64,17"" X1/2"" | 64,17"" X1/2""";correas-kevlar-generica.jpg;no
5888699;"Correa 119-8819 Plataforma SS 4200 113"" X1/2""";"Correa119-8819 Plataforma SS 4200 113"" X1/2""";minitractores;Minitractores;correas-de-kevlar;Correas de kevlar;;"119-8819 Plataforma SS 4200 113"" X1/2"" | 113"" X1/2""";correas-kevlar-generica.jpg;no
5888700;Correa 119-8820 Plataforma SS 5000/MX5050 141”X 1/2”;Plataforma SS 5000/MX5050 141”X 1/2”;minitractores;Minitractores;correas-de-kevlar;Correas de kevlar;Toro;141”X 1/2”;correas-kevlar-generica.jpg;no
5888701;Correa 119-8821 Plataforma SS 3200 81,90”X1/2”;Plataforma SS 3200 81,90”X1/2”;minitractores;Minitractores;correas-de-kevlar;Correas de kevlar;Toro;81,90”X1/2”;correas-kevlar-generica.jpg;no
5888702;"Correa 126-7731 Plataforma TITAN HD 1500 48"" 166"" X 5/8""";"Plataforma TITAN HD 1500 48"" 166"" X 5/8""";minitractores;Minitractores;correas-de-kevlar;Correas de kevlar;Toro;"166"" X 5/8""";correas-kevlar-generica.jpg;no
5888703;"Correa 126-7733 Plataforma TITAN HD 1500 60"" 189"" X 5/8""";"Plataforma TITAN HD 1500 60"" 189"" X 5/8""";minitractores;Minitractores;correas-de-kevlar;Correas de kevlar;Toro;"189"" X 5/8""";correas-kevlar-generica.jpg;no
5888704;"Correa 130-0843 Plataforma SS 5425 74.5"" X1/2""";"Plataforma SS 5425 74.5"" X1/2""";minitractores;Minitractores;correas-de-kevlar;Correas de kevlar;Toro;"74.5"" X1/2""";correas-kevlar-generica.jpg;no
5888705;"Correa 130-6976 Transmisión SS 5425 / MX5050 61 ""X1/2""";"Transmisión SS 5425 / MX5050 61 ""X1/2""";minitractores;Minitractores;correas-de-kevlar;Correas de kevlar;Toro;"61 ""X1/2""";correas-kevlar-generica.jpg;no
5888706;Correa 133-4371 Transmisión MX6050 2021;Transmisión MX6050 2021;minitractores;Minitractores;correas-de-kevlar;Correas de kevlar;Toro;;correas-kevlar-generica.jpg;no
5888707;"Correa 139-2399 Transmisión MX5050 2021 61,25"" X 1/2""";"Transmisión MX5050 2021 61,25"" X 1/2""";minitractores;Minitractores;correas-de-kevlar;Correas de kevlar;Toro;"61,25"" X 1/2""";correas-kevlar-generica.jpg;no
5888708;"Correa 126-5993 Transmisión TITAN HD 1500 - Z MASTER 2000 60""";"Transmisión TITAN HD 1500 - Z MASTER 2000 60""";minitractores;Minitractores;correas-de-kevlar;Correas de kevlar;Toro;;correas-kevlar-generica.jpg;no
5888710;"Correa 300142 Transmisión Noma 40,3"" X1/2""";"Transmisión Noma 40,3"" X1/2""";minitractores;Minitractores;correas-de-kevlar;Correas de kevlar;Murray | Noma;"40,3"" X1/2""";correas-kevlar-generica.jpg;no
5888711;"Correa 708273 Plataforma 48"" DE CORTE 148"" X 5/8""";"Plataforma 48"" DE CORTE 148"" X 5/8""";minitractores;Minitractores;correas-de-kevlar;Correas de kevlar;Murray | Noma;"148"" X 5/8""";correas-kevlar-generica.jpg;no
5888712;"Correa 600726 Plataforma Hustler Sport 42"" De Corte 114,3"" X1/2""";"Plataforma Hustler Sport 42"" De Corte 114,3"" X1/2""";minitractores;Minitractores;correas-de-kevlar;Correas de kevlar;Hustler;"114,3"" X1/2""";correas-kevlar-generica.jpg;no
5888713;"Correa 708337 Transmisión 48"" DE CORTE 92,50"" X 1/2""";"Transmisión 48"" DE CORTE 92,50"" X 1/2""";minitractores;Minitractores;correas-de-kevlar;Correas de kevlar;Murray | Noma;"92,50"" X 1/2""";correas-kevlar-generica.jpg;no
5888714;"Correa 600979 Transmisión Fastrak 48"" y 54"" 70"" X1/2""";"Transmisión Fastrak 48"" y 54"" 70"" X1/2""";minitractores;Minitractores;correas-de-kevlar;Correas de kevlar;Hustler;"70"" X1/2""";correas-kevlar-generica.jpg;no
5888716;"Correa 602907 Transmisión Hustler X-One 60"" De Corte 61,5"" X1/2""";"Transmisión Hustler X-One 60"" De Corte 61,5"" X1/2""";minitractores;Minitractores;correas-de-kevlar;Correas de kevlar;Hustler;"61,5"" X1/2""";correas-kevlar-generica.jpg;no
5888718;"Correa 602988 Plataforma Hustler X-One 60"" De Corte 171,25"" X 5/8'";"Plataforma Hustler X-One 60"" De Corte 171,25"" X 5/8'";minitractores;Minitractores;correas-de-kevlar;Correas de kevlar;Hustler;"171,25"" X 5/8' | 171,25"" X 5/8";correas-kevlar-generica.jpg;no
5888720;"Correa 769133 Transmisión Hustler Sport 67,24"" X1/2""";"Transmisión Hustler Sport 67,24"" X1/2""";minitractores;Minitractores;correas-de-kevlar;Correas de kevlar;Hustler;"67,24"" X1/2""";correas-kevlar-generica.jpg;no
5888722;"Correa 771634 Plataforma Hustler Sport 48"" De Corte 134,5"" x 5/8""";"Plataforma Hustler Sport 48"" De Corte 134,5"" x 5/8""";minitractores;Minitractores;correas-de-kevlar;Correas de kevlar;Hustler;"134,5"" x 5/8""";correas-kevlar-generica.jpg;no
5888724;"Correa 777185 Plataforma Hustler Sport 54"" De Corte 145,5"" X 5/8""";"Plataforma Hustler Sport 54"" De Corte 145,5"" X 5/8""";minitractores;Minitractores;correas-de-kevlar;Correas de kevlar;Hustler;"145,5"" X 5/8""";correas-kevlar-generica.jpg;no
5888726;"Correa 781443 Transmisión Hustler ZXR-7 62,25"" X1/2""";"Transmisión Hustler ZXR-7 62,25"" X1/2""";minitractores;Minitractores;correas-de-kevlar;Correas de kevlar;Hustler;"62,25"" X1/2""";correas-kevlar-generica.jpg;no
5888728;"Correa 782292 Plataforma Hustler Fastrak 60"" De Corte 165,5"" X 5/8""";"Plataforma Hustler Fastrak 60"" De Corte 165,5"" X 5/8""";minitractores;Minitractores;correas-de-kevlar;Correas de kevlar;Hustler;"165,5"" X 5/8""";correas-kevlar-generica.jpg;no
5888730;"Correa 793836 Transmisión Mini Fastrak 42"" De Corte 63,325"" X1/2'";"Transmisión Mini Fastrak 42"" De Corte 63,325"" X1/2'";minitractores;Minitractores;correas-de-kevlar;Correas de kevlar;Hustler;"63,325"" X1/2' | 63,325"" X1/2";correas-kevlar-generica.jpg;no
5888732;"Correa 793893 Plataforma Mini Fastrak 42"" De Corte 127"" X1/2""";"Plataforma Mini Fastrak 42"" De Corte 127"" X1/2""";minitractores;Minitractores;correas-de-kevlar;Correas de kevlar;Hustler;"127"" X1/2""";correas-kevlar-generica.jpg;no
5888734;"Correa 789388 Plataforma Hustler Fastrak 54"" De Corte 152,5"" X 5/8""";"Plataforma Hustler Fastrak 54"" De Corte 152,5"" X 5/8""";minitractores;Minitractores;correas-de-kevlar;Correas de kevlar;Hustler;"152,5"" X 5/8""";correas-kevlar-generica.jpg;no
5888736;"Correa 791335 Plataforma MX5050 Hustler Fastrak 48"" De Corte 143"" X 5/8""";"Plataforma MX5050 Hustler Fastrak 48"" De Corte 143"" X 5/8""";minitractores;Minitractores;correas-de-kevlar;Correas de kevlar;Hustler;"143"" X 5/8""";correas-kevlar-generica.jpg;no
5888738;"Correa 797720 Plataforma Hustler ZXR-7 176,79"" X 5/8'";"Plataforma Hustler ZXR-7 176,79"" X 5/8'";minitractores;Minitractores;correas-de-kevlar;Correas de kevlar;Hustler;"176,79"" X 5/8' | 176,79"" X 5/8";correas-kevlar-generica.jpg;no
3201389;Cuchillas;"(1) Cuchilla 20"" · Ø 3/8"" (X)";minitractores;Minitractores;cuchillas;Cuchillas;;;3201389.jpg;no
3201390;Cuchillas;"(1) Cuchilla 20"" · Ø 3/8"" (XX)";minitractores;Minitractores;cuchillas;Cuchillas;;;3201390.jpg;no
3201395;Cuchillas;"(1) Cuchilla 20"" · Ø 5/8""";minitractores;Minitractores;cuchillas;Cuchillas;;;3201395.jpg;no
3201400;Cuchillas;"(1) Cuchilla 20"" · Ø 5/8"" (XX)";minitractores;Minitractores;cuchillas;Cuchillas;;;3201400.jpg;no
3201408;Cuchillas;"(1) Cuchilla 21"" · Ø 3/8"" (X)";minitractores;Minitractores;cuchillas;Cuchillas;;;3201408.jpg;no
3201410;Cuchillas;"(1) Cuchilla 21"" · Ø 3/8"" (XX)";minitractores;Minitractores;cuchillas;Cuchillas;;;3201410.jpg;no
3201415;Cuchillas;"(1) Cuchilla 21"" · Ø 5/8""";minitractores;Minitractores;cuchillas;Cuchillas;;;3201415.jpg;no
3201417;Cuchillas;"(1) Cuchilla BTA 20"" · Ø 3/8""";minitractores;Minitractores;cuchillas;Cuchillas;;;3201417.jpg;no
3201418;Cuchillas;"(1) Cuchilla BTA 22"" · Ø 3/8""";minitractores;Minitractores;cuchillas;Cuchillas;;;3201418.jpg;no
3201425;Cuchillas;"(1) Cuchilla 22"" · Ø 3/8"" (XX)";minitractores;Minitractores;cuchillas;Cuchillas;;;3201425.jpg;no
3201428;Cuchillas;"(1) Cuchilla 22"" · Ø 3/8"" (X)";minitractores;Minitractores;cuchillas;Cuchillas;;;3201428.jpg;no
3201430;Cuchillas;"(1) Cuchilla 22"" · Ø 5/8""";minitractores;Minitractores;cuchillas;Cuchillas;;;3201430.jpg;no
3201435;Cuchillas;"(1) Cuchilla Pampa Pro 20"" · Ø 3/8""";minitractores;Minitractores;cuchillas;Cuchillas;;;3201435.jpg;no
3201440;Cuchillas;"(1) Cuchilla Pampa Pro 22"" · Ø 3/8""";minitractores;Minitractores;cuchillas;Cuchillas;;;3201440.jpg;no
3201443;Cuchillas;"(1) Cuchilla Villa 58cm · Ø 3/8""";minitractores;Minitractores;cuchillas;Cuchillas;;;3201443.jpg;no
3201445;Cuchillas;"(1) Cuchilla Bad Boy 21"" · Ø 3/8"" (X)";minitractores;Minitractores;cuchillas;Cuchillas;;;3201445.jpg;no
3201446;Cuchillas;"(1) Cuchilla Sensei 19"" · Ø 3/8"" (XX)";minitractores;Minitractores;cuchillas;Cuchillas;;;3201446.jpg;no
3201449;Cuchilla de cortacésped 108.41.101…;Cuchilla de cortacésped 108.41.101…;minitractores;Minitractores;cuchillas;Cuchillas;;;;no
3101448;Cuchillas Minitractor Repl 48007700 (3) TC 480 Ø 3/4” Largo 430mm;Repl 48007700 (3) TC 480 Ø 3/4” Largo 430mm;minitractores;Minitractores;cuchillas-caroni;Cuchillas Caroni;Caroni;Ø 3 | 430mm;3101448.jpg;no
3101449;Cuchillas Minitractor Repl 59006200 (3) TC 590 Ø 3/4” Largo 510mm;Repl 59006200 (3) TC 590 Ø 3/4” Largo 510mm;minitractores;Minitractores;cuchillas-caroni;Cuchillas Caroni;Caroni;Ø 3 | 510mm;;no
3101450;Cuchillas Minitractor Repl 71001000 (3) TC 710 Ø 3/4” Largo 610mm;Repl 71001000 (3) TC 710 Ø 3/4” Largo 610mm;minitractores;Minitractores;cuchillas-caroni;Cuchillas Caroni;Caroni;Ø 3 | 610mm;3101450.jpg;no
3201386;(1) Cuchilla 18” Ø 3/8” Largo 460mm;(1) Cuchilla 18” Ø 3/8” Largo 460mm;minitractores;Minitractores;cuchillas-caroni;Cuchillas Caroni;Caroni;Ø 3 | 460mm;;no
3201397;1) Cuchilla 20” Ø 3/8” Largo 505mm;1) Cuchilla 20” Ø 3/8” Largo 505mm;minitractores;Minitractores;cuchillas-caroni;Cuchillas Caroni;Caroni;Ø 3 | 505mm;;no
3201406;(1) Cuchilla 21” Ø 3/8” Largo 535mm;(1) Cuchilla 21” Ø 3/8” Largo 535mm;minitractores;Minitractores;cuchillas-caroni;Cuchillas Caroni;Caroni;Ø 3 | 535mm;;no
3201421;(1) Cuchilla 22” Ø 3/8” Largo 555mm;(1) Cuchilla 22” Ø 3/8” Largo 555mm;minitractores;Minitractores;cuchillas-caroni;Cuchillas Caroni;Caroni;Ø 3 | 555mm;;no
3201424;Kit De Arandelas De Suplemento;Kit De Arandelas De Suplemento Para Cuchillas Universales;minitractores;Minitractores;cuchillas-caroni;Cuchillas Caroni;Caroni;;;no
3101260;Cuchillas Minitractor Repl 55793HT (1) Cuchilla 30” Ø 7/8” Largo 760mm;Repl 55793HT (1) Cuchilla 30” Ø 7/8” Largo 760mm;minitractores;Minitractores;cuchillas-convencionales-y-trituradoras;Cuchillas convencionales y trituradoras;Murray;Ø 7 | 760mm;3101260.jpg;no
3101265;Cuchillas Minitractor Repl 92003HT (2) Cuchillas 38” Ø 7/8” Largo 495mm;Repl 92003HT (2) Cuchillas 38” Ø 7/8” Largo 495mm;minitractores;Minitractores;cuchillas-convencionales-y-trituradoras;Cuchillas convencionales y trituradoras;Murray;Ø 7 | 495mm;;no
3101270;Cuchillas Minitractor Repl 92002HT (2) Cuchillas 40” Ø 7/8” Largo 515mm;Repl 92002HT (2) Cuchillas 40” Ø 7/8” Largo 515mm;minitractores;Minitractores;cuchillas-convencionales-y-trituradoras;Cuchillas convencionales y trituradoras;Murray;Ø 7 | 515mm;;no
3101275;Cuchillas Minitractor Repl 92418 (2) Cuchillas 42” Ø 7/8” Largo 535mm;Repl 92418 (2) Cuchillas 42” Ø 7/8” Largo 535mm;minitractores;Minitractores;cuchillas-convencionales-y-trituradoras;Cuchillas convencionales y trituradoras;Murray;Ø 7 | 535mm;;no
3101277;Cuchillas Minitractor Repl 1731898ASM (2) Cuchillas EZM 2042 Ø 1” Largo 537mm;Repl 1731898ASM (2) Cuchillas EZM 2042 Ø 1” Largo 537mm;minitractores;Minitractores;cuchillas-convencionales-y-trituradoras;Cuchillas convencionales y trituradoras;Murray;Ø 1” | 537mm;;no
3101280;Cuchillas Minitractor Repl 92117E701 (3) Cuchillas 46” Ø 7/8” Largo 400mm (XX);Repl 92117E701 (3) Cuchillas 46” Ø 7/8” Largo 400mm (XX);minitractores;Minitractores;cuchillas-convencionales-y-trituradoras;Cuchillas convencionales y trituradoras;Murray;Ø 7 | 400mm;;no
3101285;Cuchillas Minitractor Repl 94692E701 (3) Cuchillas 50” Ø 7/8” Largo 450mm;Repl 94692E701 (3) Cuchillas 50” Ø 7/8” Largo 450mm;minitractores;Minitractores;cuchillas-convencionales-y-trituradoras;Cuchillas convencionales y trituradoras;Murray;Ø 7 | 450mm;;no
3101290;Cuchillas Minitractor Repl 1737252BZYP (3) Cuchillas 52” Ø 7/8” Largo 465mm HUSTLER;Repl 1737252BZYP (3) Cuchillas 52” Ø 7/8” Largo 465mm HUSTLER;minitractores;Minitractores;cuchillas-convencionales-y-trituradoras;Cuchillas convencionales y trituradoras;Hustler;Ø 7 | 465mm;;no
3101463;Cuchillas Minitractor Repl 793794X (2) Cuchillas 42” Ø 5/8” Largo 520mm X = Trituradora XX= Tr;Repl 793794X (2) Cuchillas 42” Ø 5/8” Largo 520mm X = Trituradora XX= Trituradora Mulcher.;minitractores;Minitractores;cuchillas-convencionales-y-trituradoras;Cuchillas convencionales y trituradoras;Murray;Ø 5 | 520mm;;no
3101464;Cuchillas Minitractor Repl 601123X (3) Cuchillas 48” Ø 5/8”Largo 419mm Cantidad de cuchillas p;Repl 601123X (3) Cuchillas 48” Ø 5/8”Largo 419mm Cantidad de cuchillas por juego= (1)-(2)-(3).;minitractores;Minitractores;cuchillas-convencionales-y-trituradoras;Cuchillas convencionales y trituradoras;Murray;Ø 5 | 419mm;;no
3101465;Cuchillas Minitractor Repl 601124X (3) Cuchillas 54” Ø 5/8” Largo 470mm;Repl 601124X (3) Cuchillas 54” Ø 5/8” Largo 470mm;minitractores;Minitractores;cuchillas-convencionales-y-trituradoras;Cuchillas convencionales y trituradoras;Murray;Ø 5 | 470mm;;no
3101466;Cuchillas Minitractor Repl 600901X (3) Cuchillas 60” Ø 5/8” Largo 520mm;Repl 600901X (3) Cuchillas 60” Ø 5/8” Largo 520mm;minitractores;Minitractores;cuchillas-convencionales-y-trituradoras;Cuchillas convencionales y trituradoras;Murray;Ø 5 | 520mm;;no
3101467;Cuchillas Minitractor Repl 603995X (3) Cuchillas 52” Ø 5/8” Largo 453mm;Repl 603995X (3) Cuchillas 52” Ø 5/8” Largo 453mm;minitractores;Minitractores;cuchillas-convencionales-y-trituradoras;Cuchillas convencionales y trituradoras;Murray;Ø 5 | 453mm;;no
3201240;Repl 42785HT (1) Cuchilla 20” Ø 3/8” Largo 500mm;Repl 42785HT (1) Cuchilla 20” Ø 3/8” Largo 500mm;minitractores;Minitractores;cuchillas-convencionales-y-trituradoras;Cuchillas convencionales y trituradoras;Murray;Ø 3 | 500mm;3201240.jpg;no
3201245;(1) Cuchilla 20” Ø 3/8” Largo 500mm (X);(1) Cuchilla 20” Ø 3/8” Largo 500mm (X);minitractores;Minitractores;cuchillas-convencionales-y-trituradoras;Cuchillas convencionales y trituradoras;Murray;Ø 3 | 500mm;;no
3201250;Repl 43610HT (1) Cuchilla 21” Ø 3/8” Largo 530mm;Repl 43610HT (1) Cuchilla 21” Ø 3/8” Largo 530mm;minitractores;Minitractores;cuchillas-convencionales-y-trituradoras;Cuchillas convencionales y trituradoras;Murray;Ø 3 | 530mm;;no
3201255;(1) Cuchilla 21” Ø 3/8” Largo 530mm (X);(1) Cuchilla 21” Ø 3/8” Largo 530mm (X);minitractores;Minitractores;cuchillas-convencionales-y-trituradoras;Cuchillas convencionales y trituradoras;Murray;Ø 3 | 530mm;;no
3101007;Cuchillas Minitractor Repl 742-0473A (2) Cuchillas MTD 38” Ø 6P Largo 490mm;Repl 742-0473A (2) Cuchillas MTD 38” Ø 6P Largo 490mm;minitractores;Minitractores;cuchillas-reemplazos;Cuchillas reemplazos;MTD;Ø 6 | 490mm;;no
3101008;Cuchillas Minitractor Repl 742-0473 (2) Cuchillas MTD 38” Ø 6P Largo 490mm (X);Repl 742-0473 (2) Cuchillas MTD 38” Ø 6P Largo 490mm (X);minitractores;Minitractores;cuchillas-reemplazos;Cuchillas reemplazos;MTD;Ø 6 | 490mm;;no
3101009;Cuchillas Minitractor Repl 742-0616;Repl 742-0616 Repl 742-0616 Repl 742-0610 (2) Cuchillas MTD 42” (2) Cuchillas MTD 42” (2) Cuchillas MTD 38” Ø 6P Largo 535mm Ø 6P Largo 535mm (X) Ø 6P Largo 490mm (XX);minitractores;Minitractores;cuchillas-reemplazos;Cuchillas reemplazos;MTD;Ø 6 | 535mm | 490mm;;no
3101017;Cuchillas Minitractor Repl 742-0616 (2) Cuchillas MTD 42” Ø 6P Largo 535mm;Repl 742-0616 (2) Cuchillas MTD 42” Ø 6P Largo 535mm;minitractores;Minitractores;cuchillas-reemplazos;Cuchillas reemplazos;MTD | Cub Cadet;;;no
3101018;Cuchillas Minitractor Repl 742-0616 (2) Cuchillas MTD 42” Ø 6P Largo 535mm (X);Repl 742-0616 (2) Cuchillas MTD 42” Ø 6P Largo 535mm (X);minitractores;Minitractores;cuchillas-reemplazos;Cuchillas reemplazos;MTD | Cub Cadet;;;no
3101019;Cuchillas Minitractor Repl 742-0616 (2) Cuchillas MTD 42” Ø 6P Largo 535mm (XX) X = Triturador;Repl 742-0616 (2) Cuchillas MTD 42” Ø 6P Largo 535mm (XX) X = Trituradora XX= Trituradora Mulcher.;minitractores;Minitractores;cuchillas-reemplazos;Cuchillas reemplazos;MTD;Ø 6 | 535mm;;no
3101026;Cuchillas Minitractor Repl 742-0542 (2) Cuchillas MTD 46” Ø 6P Largo 410mm Cantidad de cuchill;Repl 742-0542 (2) Cuchillas MTD 46” Ø 6P Largo 410mm Cantidad de cuchillas por juego= (1)-(2)-(3).;minitractores;Minitractores;cuchillas-reemplazos;Cuchillas reemplazos;MTD;Ø 6 | 410mm;;no
3101027;Cuchillas Minitractor Repl 742-0543 (1) Cuchilla MTD 46” Ø 6P Largo 376mm;Repl 742-0543 (1) Cuchilla MTD 46” Ø 6P Largo 376mm;minitractores;Minitractores;cuchillas-reemplazos;Cuchillas reemplazos;MTD;Ø 6 | 376mm;https://gceymxcsmyxlzlpuzzzp.supabase.co/storage/v1/object/public/media/foto/3101027-1788968928666.webp;no
3101033;Cuchillas Minitractor Repl 742-04290 (2) Cuchillas MTD 46” Ø 6P Largo 578mm;Repl 742-04290 (2) Cuchillas MTD 46” Ø 6P Largo 578mm;minitractores;Minitractores;cuchillas-reemplazos;Cuchillas reemplazos;MTD;Ø 6 | 578mm;;no
3101047;Cuchillas Minitractor Cuchilla de cortacésped de…;Cuchilla de cortacésped de…;minitractores;Minitractores;cuchillas-reemplazos;Cuchillas reemplazos;MTD | Cub Cadet;;;no
3101049;Cuchillas Minitractor Repl 742-04053A (3) Cuchillas MTD 50” Ø 6P Largo 456mm (XX);Repl 742-04053A (3) Cuchillas MTD 50” Ø 6P Largo 456mm (XX);minitractores;Minitractores;cuchillas-reemplazos;Cuchillas reemplazos;MTD;Ø 6 | 456mm;;no
3101051;Cuchillas Minitractor Cuchillas — MTD / Yard Man / Cub Cadet;"Repl 742-04053 · (3) Cuchillas Cub Cadet 50"" · Ø 6P Largo 454mm";minitractores;Minitractores;cuchillas-reemplazos;Cuchillas reemplazos;MTD | Cub Cadet;;3101051.jpg;no
3101053;Cuchillas Minitractor Cuchillas — MTD / Yard Man / Cub Cadet;"Repl 742-05052A · (3) Cuchillas Cub Cadet 50"" · Serie 3 Ø 6P Largo 438mm";minitractores;Minitractores;cuchillas-reemplazos;Cuchillas reemplazos;MTD | Cub Cadet;;3101053.jpg;no
3101054;Cuchillas Minitractor Cuchillas — MTD / Yard Man / Cub Cadet;"Repl 742-05052A · (3) Cuchillas Cub Cadet 50"" · Ø 6P Largo 440mm (XX)";minitractores;Minitractores;cuchillas-reemplazos;Cuchillas reemplazos;MTD | Cub Cadet;;3101054.jpg;no
3101056;Cuchillas Minitractor Cuchillas — MTD / Yard Man / Cub Cadet;"Repl 742-05094 · (3) Cuchillas Cub Cadet 50"" · Ø Z Largo";minitractores;Minitractores;cuchillas-reemplazos;Cuchillas reemplazos;MTD | Cub Cadet;;3101056.jpg;no
3101059;Cuchillas Minitractor Cuchillas — MTD / Yard Man / Cub Cadet;"Repl 742-05056A · (3) Cuchillas Cub Cadet 54"" · Ø 6P Largo 472mm";minitractores;Minitractores;cuchillas-reemplazos;Cuchillas reemplazos;MTD | Cub Cadet;;3101059.jpg;no
3101061;Cuchillas Minitractor Cuchillas — MTD / Yard Man / Cub Cadet;"Repl 742-05086 · (3) Cuchillas Cub Cadet 54"" · Ø Z Largo";minitractores;Minitractores;cuchillas-reemplazos;Cuchillas reemplazos;MTD | Cub Cadet;;3101061.jpg;no
3101090;Cuchillas Minitractor Repl 742-0256A (1) Cuchilla MTD 30” Ø 6P Largo 760mm;Repl 742-0256A (1) Cuchilla MTD 30” Ø 6P Largo 760mm;minitractores;Minitractores;cuchillas-reemplazos;Cuchillas reemplazos;MTD;Ø 6 | 760mm;;no
3101143;Cuchillas Minitractor Cuchillas — MTD / Yard Man / Cub Cadet;"(1) Cuchilla 30"" · Ø 5P Largo 760mm";minitractores;Minitractores;cuchillas-reemplazos;Cuchillas reemplazos;MTD | Cub Cadet;;3101143.jpg;no
3101147;Cuchillas Minitractor Cuchillas — MTD / Yard Man / Cub Cadet;"Repl 127841 · (2) Cuchillas 36"" · Ø 5P Largo 463mm";minitractores;Minitractores;cuchillas-reemplazos;Cuchillas reemplazos;MTD | Cub Cadet;;3101147.jpg;no
3101152;Cuchillas Minitractor Cuchillas — MTD / Yard Man / Cub Cadet;"Repl 127842 · (2) Cuchillas 38"" · Ø 5P Largo 487mm";minitractores;Minitractores;cuchillas-reemplazos;Cuchillas reemplazos;MTD | Cub Cadet;;3101152.jpg;no
3101162;Cuchillas Minitractor Cuchillas — MTD / Yard Man / Cub Cadet;"Repl 127843 · (2) Cuchillas 42"" · Ø 5P Largo 533mm";minitractores;Minitractores;cuchillas-reemplazos;Cuchillas reemplazos;MTD | Cub Cadet;;3101162.jpg;no
3101163;Cuchillas Minitractor Cuchillas — Husqvarna / Poulan / AYP;"Repl 134149 · (2) Cuchillas 42"" · Ø 5P Largo 533mm (X)";minitractores;Minitractores;cuchillas-reemplazos;Cuchillas reemplazos;AYP | Poulan | Husqvarna;;3101163.jpg;no
3101164;Cuchillas Minitractor Cuchillas — Husqvarna / Poulan / AYP;"Repl 134149 · (2) Cuchillas 42"" · Ø 5P Largo 533mm (XX)";minitractores;Minitractores;cuchillas-reemplazos;Cuchillas reemplazos;AYP | Poulan | Husqvarna;;3101164.jpg;no
3101170;Cuchillas Minitractor Cuchillas — Husqvarna / Poulan / AYP;"Repl 145708 · (3) Cuchillas 46"" · Ø 5/8"" Largo 390mm";minitractores;Minitractores;cuchillas-reemplazos;Cuchillas reemplazos;AYP | Poulan | Husqvarna;;3101170.jpg;no
3101171;Cuchillas Minitractor Cuchillas — Husqvarna / Poulan / AYP;"Repl 405380 · (2) Cuchillas 46"" · Ø 5P Largo 578mm";minitractores;Minitractores;cuchillas-reemplazos;Cuchillas reemplazos;AYP | Poulan | Husqvarna;;3101171.jpg;no
3101173;Cuchillas Minitractor Cuchillas — Husqvarna / Poulan / AYP;"Repl 405380 · (2) Cuchillas 46"" · Ø 5P Largo 578mm (XX)";minitractores;Minitractores;cuchillas-reemplazos;Cuchillas reemplazos;AYP | Poulan | Husqvarna;;3101173.jpg;no
3101181;Cuchillas Minitractor Cuchillas — Husqvarna / Poulan / AYP;"Repl 137380 50"" · (3) Cuchillas AYP 50"" · Ø 5P Largo 440mm";minitractores;Minitractores;cuchillas-reemplazos;Cuchillas reemplazos;AYP | Poulan | Husqvarna;;3101181.jpg;no
3101183;Cuchillas Minitractor Cuchillas — Husqvarna / Poulan / AYP;"Repl 5391120-79 · (3) Cuchillas M-ZT 52"" · Ø 5P Largo 457mm";minitractores;Minitractores;cuchillas-reemplazos;Cuchillas reemplazos;AYP | Poulan | Husqvarna;;3101183.jpg;no
3101185;Cuchillas Minitractor Cuchillas — Husqvarna / Poulan / AYP;"Repl 5321872-54 · (3) Cuchillas 54"" · Ø 5P Largo 463mm";minitractores;Minitractores;cuchillas-reemplazos;Cuchillas reemplazos;AYP | Poulan | Husqvarna;;3101185.jpg;no
3101187;Cuchillas Minitractor Cuchillas — Husqvarna / Poulan / AYP;"Repl 5321872-56 · (3) Cuchillas Z-54"" · Ø 5P Largo 459mm";minitractores;Minitractores;cuchillas-reemplazos;Cuchillas reemplazos;AYP | Poulan | Husqvarna;;3101187.jpg;no
3101188;Cuchillas Minitractor Cuchillas — Husqvarna / Poulan / AYP;"Repl 187254 · (3) Cuchillas 54"" · Ø 5P Largo 463mm";minitractores;Minitractores;cuchillas-reemplazos;Cuchillas reemplazos;AYP | Poulan | Husqvarna;;3101188.jpg;no
3101189;Cuchillas Minitractor Cuchillas — Husqvarna / Poulan / AYP;"Repl 187256 · (3) Cuchillas 54"" · Ø 5P Largo 463mm (XX)";minitractores;Minitractores;cuchillas-reemplazos;Cuchillas reemplazos;AYP | Poulan | Husqvarna;;3101189.jpg;no
3101190;Cuchillas Minitractor Cuchillas — Husqvarna / Poulan / AYP;"(3) Cuchillas 54"" · Ø 5P Largo 463mm (XX)";minitractores;Minitractores;cuchillas-reemplazos;Cuchillas reemplazos;AYP | Poulan | Husqvarna;;3101190.jpg;no
3101193;Cuchillas Minitractor Cuchillas — Husqvarna / Poulan / AYP;"Repl 5391057-11 · (3) Cuchillas P-ZT 61"" · Ø 5/8"" Largo 533mm";minitractores;Minitractores;cuchillas-reemplazos;Cuchillas reemplazos;AYP | Poulan | Husqvarna;;3101193.jpg;no
3101194;Cuchillas Minitractor Cuchillas — Husqvarna / Poulan / AYP;"Repl 5391133-12 zt61 · (3) Cuchillas P-ZT 61"" · Ø 5P Largo 530mm";minitractores;Minitractores;cuchillas-reemplazos;Cuchillas reemplazos;AYP | Poulan | Husqvarna;;3101194.jpg;no
3101235;Cuchillas Minitractor Cuchillas — MTD / Yard Man / Cub Cadet;"Repl 828500 · (1) Cuchilla 26"" · Ø 5P Largo 600mm";minitractores;Minitractores;cuchillas-reemplazos;Cuchillas reemplazos;MTD | Cub Cadet;;3101235.jpg;no
3101276;Cuchillas Minitractor Cuchilla de cortacésped 531148303;Cuchilla de cortacésped 531148303;minitractores;Minitractores;cuchillas-reemplazos;Cuchillas reemplazos;AYP | Poulan | Husqvarna;;3101276.jpg;no
3101296;Cuchillas Minitractor Cuchillas — Husqvarna / Poulan / AYP;"Repl 180054 · (3) Cuchillas AYP 48"" · Ø 5P Largo 426mm";minitractores;Minitractores;cuchillas-reemplazos;Cuchillas reemplazos;AYP | Poulan | Husqvarna;;3101296.jpg;no
3101297;Cuchillas Minitractor Cuchillas — Husqvarna / Poulan / AYP;"Repl 173920 · (3) Cuchillas AYP 48"" · Ø 5P Largo 426mm (XX)";minitractores;Minitractores;cuchillas-reemplazos;Cuchillas reemplazos;AYP | Poulan | Husqvarna;;3101297.jpg;no
3101298;Cuchillas Minitractor Cuchilla de cortacésped 5888110-02;Cuchilla de cortacésped 5888110-02;minitractores;Minitractores;cuchillas-reemplazos;Cuchillas reemplazos;AYP | Poulan | Husqvarna;;;no
3101316;Cuchillas Minitractor Repl 79-3061 (2) Cuchillas 38” Ø 16,00” Largo 490mm;Repl 79-3061 (2) Cuchillas 38” Ø 16,00” Largo 490mm;minitractores;Minitractores;cuchillas-reemplazos;Cuchillas reemplazos;John Deere;Ø 16,00” | 490mm;;no
3101326;Cuchillas Minitractor Repl 106636 (2) Cuchillas 42” Ø 19,00” Largo 533mm;Repl 106636 (2) Cuchillas 42” Ø 19,00” Largo 533mm;minitractores;Minitractores;cuchillas-reemplazos;Cuchillas reemplazos;John Deere;Ø 19,00” | 533mm;;no
3101329;Cuchillas Minitractor Repl 110-656803 (2) Cuchillas SS 4200 Ø 16,00” Largo 548mm;Repl 110-656803 (2) Cuchillas SS 4200 Ø 16,00” Largo 548mm;minitractores;Minitractores;cuchillas-reemplazos;Cuchillas reemplazos;John Deere;Ø 16,00” | 548mm;;no
3101338;Cuchillas Minitractor Repl 115-5059-03 (3) Cuchillas SS 5000 Ø 16,00” Largo 442mm;Repl 115-5059-03 (3) Cuchillas SS 5000 Ø 16,00” Largo 442mm;minitractores;Minitractores;cuchillas-reemplazos;Cuchillas reemplazos;John Deere;Ø 16,00” | 442mm;;no
3101342;Cuchillas Minitractor Repl 115-9649-03 (3) Cuchillas Toro MX6050 Ø 11” Largo 525mm;Repl 115-9649-03 (3) Cuchillas Toro MX6050 Ø 11” Largo 525mm;minitractores;Minitractores;cuchillas-reemplazos;Cuchillas reemplazos;Toro;Ø 11” | 525mm;;no
3101346;Cuchillas Minitractor Repl M84472 (2) Cuchillas 38” Ø 17.5 Largo 495mm;Repl M84472 (2) Cuchillas 38” Ø 17.5 Largo 495mm;minitractores;Minitractores;cuchillas-reemplazos;Cuchillas reemplazos;John Deere;Ø 17.5 | 495mm;3101346.jpg;no
3101350;Cuchillas Minitractor (2) Cuchillas 38” Ø 45/64” Largo 490mm (XX);(2) Cuchillas 38” Ø 45/64” Largo 490mm (XX);minitractores;Minitractores;cuchillas-reemplazos;Cuchillas reemplazos;John Deere;Ø 45 | 490mm;3101350.jpg;no
3101356;Cuchillas Minitractor Repl GX 22151 (2) Cuchillas 42” Ø 7P Largo 533mm;Repl GX 22151 (2) Cuchillas 42” Ø 7P Largo 533mm;minitractores;Minitractores;cuchillas-reemplazos;Cuchillas reemplazos;John Deere;Ø 7 | 533mm;;no
3101360;Cuchillas Minitractor (2) Cuchillas 42” Ø 7P Largo 540mm (XX);(2) Cuchillas 42” Ø 7P Largo 540mm (XX);minitractores;Minitractores;cuchillas-reemplazos;Cuchillas reemplazos;John Deere;Ø 7 | 540mm;3101360.jpg;no
3101366;Cuchillas Minitractor Repl M127500 (3) Cuchillas 48” Ø 20.6” Largo 432mm;Repl M127500 (3) Cuchillas 48” Ø 20.6” Largo 432mm;minitractores;Minitractores;cuchillas-reemplazos;Cuchillas reemplazos;John Deere;Ø 20.6” | 432mm;;no
3101367;Cuchillas Minitractor Repl GX 21784 (3) Cuchillas 48” Ø 7P Largo 432mm (X);Repl GX 21784 (3) Cuchillas 48” Ø 7P Largo 432mm (X);minitractores;Minitractores;cuchillas-reemplazos;Cuchillas reemplazos;John Deere;Ø 7 | 432mm;;no
3101370;Cuchillas Minitractor (3) Cuchillas 48” Ø 7P Largo 432mm (XX) TORO;(3) Cuchillas 48” Ø 7P Largo 432mm (XX) TORO;minitractores;Minitractores;cuchillas-reemplazos;Cuchillas reemplazos;Toro;Ø 7 | 432mm;;no
3101376;Cuchillas Minitractor Repl M76467 (3) Cuchillas 54” Ø 20.6” Largo 473mm;Repl M76467 (3) Cuchillas 54” Ø 20.6” Largo 473mm;minitractores;Minitractores;cuchillas-reemplazos;Cuchillas reemplazos;John Deere;Ø 20.6” | 473mm;;no
3101380;Cuchillas Minitractor (3) Cuchillas 54” Ø 51/64” Largo 474mm (XX);(3) Cuchillas 54” Ø 51/64” Largo 474mm (XX);minitractores;Minitractores;cuchillas-reemplazos;Cuchillas reemplazos;John Deere;Ø 51 | 474mm;;no
3101385;Cuchillas Minitractor Repl M41967 (3) Cuchillas Sabre 46” Ø 11/16” Largo 404mm;Repl M41967 (3) Cuchillas Sabre 46” Ø 11/16” Largo 404mm;minitractores;Minitractores;cuchillas-reemplazos;Cuchillas reemplazos;John Deere;Ø 11 | 404mm;;no
3201061;Repl 742-0618 (1) Cuchilla MTD 18” Ø 21mm Largo 490mm;Repl 742-0618 (1) Cuchilla MTD 18” Ø 21mm Largo 490mm;minitractores;Minitractores;cuchillas-reemplazos;Cuchillas reemplazos;MTD;Ø 21mm | 490mm;3201061.jpg;no
3201065;(1) Cuchilla MTD 18” Ø 21 Largo 490mm (XX);(1) Cuchilla MTD 18” Ø 21 Largo 490mm (XX);minitractores;Minitractores;cuchillas-reemplazos;Cuchillas reemplazos;MTD;Ø 21 | 490mm;;no
3201071;Repl 742-0620 (1) Cuchilla MTD 20” Ø 21mm Largo 500mm;Repl 742-0620 (1) Cuchilla MTD 20” Ø 21mm Largo 500mm;minitractores;Minitractores;cuchillas-reemplazos;Cuchillas reemplazos;MTD;Ø 21mm | 500mm;;no
3201075;(1) Cuchilla MTD 20” Ø 21 Largo 500mm (XX);(1) Cuchilla MTD 20” Ø 21 Largo 500mm (XX);minitractores;Minitractores;cuchillas-reemplazos;Cuchillas reemplazos;MTD;Ø 21 | 500mm;;no
3201081;Repl 742-0621 (1) Cuchilla MTD 21” Ø 21mm Largo 528mm;Repl 742-0621 (1) Cuchilla MTD 21” Ø 21mm Largo 528mm;minitractores;Minitractores;cuchillas-reemplazos;Cuchillas reemplazos;MTD;Ø 21mm | 528mm;;no
3201087;Repl 742-0622 (1) Cuchilla MTD 22” Ø 21mm Largo 555mm;Repl 742-0622 (1) Cuchilla MTD 22” Ø 21mm Largo 555mm;minitractores;Minitractores;cuchillas-reemplazos;Cuchillas reemplazos;MTD;Ø 21mm | 555mm;;no
3201130;Repl 742-0640 (1) Cuchilla 20” 4P Largo 505mm;Repl 742-0640 (1) Cuchilla 20” 4P Largo 505mm;minitractores;Minitractores;cuchillas-reemplazos;Cuchillas reemplazos;MTD | Cub Cadet;505mm;;no
3201135;Repl 742-0641 (1) Cuchilla 21”de Corte 4P Largo 530mm;Repl 742-0641 (1) Cuchilla 21”de Corte 4P Largo 530mm;minitractores;Minitractores;cuchillas-reemplazos;Cuchillas reemplazos;MTD | Cub Cadet;530mm;;no
3201140;Repl 742-0642 (1) Cuchilla 22” de Corte 4P”Largo 555mm;Repl 742-0642 (1) Cuchilla 22” de Corte 4P”Largo 555mm;minitractores;Minitractores;cuchillas-reemplazos;Cuchillas reemplazos;MTD | Cub Cadet;555mm;;no
3201196;Cuchillas — MTD / Yard Man / Cub Cadet;"Repl 850972 · (1) Cuchilla AYP 20"" · Ø 5/8"" Largo 500mm";minitractores;Minitractores;cuchillas-reemplazos;Cuchillas reemplazos;MTD | Cub Cadet;;3201196.jpg;no
3201207;Cuchillas — MTD / Yard Man / Cub Cadet;"Repl 5802581-01 · (1) Cuchilla HQV 21"" · Ø 5P Largo 534mm (XX)";minitractores;Minitractores;cuchillas-reemplazos;Cuchillas reemplazos;MTD | Cub Cadet;;3201207.jpg;no
3201211;Cuchillas — MTD / Yard Man / Cub Cadet;"Repl 165883 · (1) Cuchilla AYP 21"" · Ø 5/8"" Largo 530mm (X)";minitractores;Minitractores;cuchillas-reemplazos;Cuchillas reemplazos;MTD | Cub Cadet;;3201211.jpg;no
3201221;Cuchillas — MTD / Yard Man / Cub Cadet;"Repl 850973 · (1) Cuchilla AYP 22"" · Ø 5/8"" Largo 555mm";minitractores;Minitractores;cuchillas-reemplazos;Cuchillas reemplazos;MTD | Cub Cadet;;3201221.jpg;no
3201223;Cuchillas — MTD / Yard Man / Cub Cadet;"Repl 5871996-01 · (1) Cuchilla HQV 22"" · Ø 5P Largo 560mm (XX)";minitractores;Minitractores;cuchillas-reemplazos;Cuchillas reemplazos;MTD | Cub Cadet;;3201223.jpg;no
3201306;Repl 93-4106 (1) Cuchilla 21” Ø 3/8” Largo 531mm;Repl 93-4106 (1) Cuchilla 21” Ø 3/8” Largo 531mm;minitractores;Minitractores;cuchillas-reemplazos;Cuchillas reemplazos;John Deere;Ø 3 | 531mm;3201306.jpg;no
3201307;Repl 108-9764-03 (1) Cuchilla 22” Ø 3/8” Largo 552mm;Repl 108-9764-03 (1) Cuchilla 22” Ø 3/8” Largo 552mm;minitractores;Minitractores;cuchillas-reemplazos;Cuchillas reemplazos;John Deere;Ø 3 | 552mm;3201307.jpg;no
4308141;Filtro De Aceite Motor Chino 23hp;Filtro De Aceite Motor Chino 23hp;minitractores;Minitractores;filtro-de-aceite;Filtro de aceite;;;4308141.jpg;no
4308142;Filtro De Aceite Kohler 1205001-s;Filtro De Aceite Kohler 1205001-s;minitractores;Minitractores;filtro-de-aceite;Filtro de aceite;Kohler;;4308142.jpg;no
4308143;Filtro De Aceite;Filtro De Aceite Repl Briggs & Stratton 491056;minitractores;Minitractores;filtro-de-aceite;Filtro de aceite;Briggs & Stratton;;4308143.jpg;no
4308144;Filtro De Aceite;Filtro De Aceite Repl Briggs & Stratton 492932;minitractores;Minitractores;filtro-de-aceite;Filtro de aceite;Briggs & Stratton;;4308144.jpg;no
4308145;Filtro De Aceite;Filtro De Aceite Repl Toro 24hp 136-17848;minitractores;Minitractores;filtro-de-aceite;Filtro de aceite;Toro;;4308145.jpg;no
4320681;Soporte de Goma;Soporte de Goma;motores-4t-y-generadores;Motores 4T y generadores;3500;3500;;;4320681.jpg;no
4320682;Patas de Goma;Patas de Goma;motores-4t-y-generadores;Motores 4T y generadores;3500;3500;;;4320682.jpg;no
4702901;Carburador conversión a gas 5.5 a…;Carburador conversión a gas 5.5 a…;motores-4t-y-generadores;Motores 4T y generadores;3500;3500;;;4702901.jpg;no
4707123;Filtro de aire — Generador 2500 · 3500;Caja Filtro de Aire · Generador 2500-3500;motores-4t-y-generadores;Motores 4T y generadores;3500;3500;;;4707123.jpg;no
4714332;Medidor de Combustible;Medidor de Combustible;motores-4t-y-generadores;Motores 4T y generadores;3500;3500;;;4714332.jpg;no
4714334;Tanque de combustible / tapa — Generador 2500 · 3500;Tanque de Combustible · Generador 2500-3500;motores-4t-y-generadores;Motores 4T y generadores;3500;3500;;;4714334.jpg;no
4720105;Partes — Generador 2500 · 3500;Avr 2500 · Generador 2500-3500;motores-4t-y-generadores;Motores 4T y generadores;3500;3500;;;4720105.jpg;no
4720112;Partes — Generador 2500 · 3500;AVR de Aluminio · Generador 2500-3500;motores-4t-y-generadores;Motores 4T y generadores;3500;3500;;;4720112.jpg;no
4720533;Manguera Gaseador;Manguera Gaseador;motores-4t-y-generadores;Motores 4T y generadores;3500;3500;;;4720533.jpg;no
4720534;Medidor de Escape Combustible;Medidor de Escape Combustible;motores-4t-y-generadores;Motores 4T y generadores;3500;3500;;;4720534.jpg;no
4720536;Escape;Escape;motores-4t-y-generadores;Motores 4T y generadores;3500;3500;;;4720536.jpg;no
4720538;Partes — Generador 2500 · 3500;Rejilla de Ventilación · Generador 2500-3500;motores-4t-y-generadores;Motores 4T y generadores;3500;3500;;;4720538.jpg;no
4720539;Partes — Generador 2500 · 3500;Portacarbones · Generador 2500-3500;motores-4t-y-generadores;Motores 4T y generadores;3500;3500;;;4720539.jpg;no
4720540;Soporte del Gobernador;Soporte del Gobernador;motores-4t-y-generadores;Motores 4T y generadores;3500;3500;;;4720540.jpg;no
4720541;Partes — Generador 2500 · 3500;Soporte del Alternador · Generador 2500-3500;motores-4t-y-generadores;Motores 4T y generadores;3500;3500;;;4720541.jpg;no
4720542;Partes — Generador 2500 · 3500;Relay de Arranque · Generador 2500-3500;motores-4t-y-generadores;Motores 4T y generadores;3500;3500;;;4720542.jpg;no
4720543;Partes — Generador 2500 · 3500;Bobina de Carga · Generador 2500-3500;motores-4t-y-generadores;Motores 4T y generadores;3500;3500;;;4720543.jpg;no
4720544;Partes — Generador 2500 · 3500;Regulador de Voltaje · Generador 2500-3500;motores-4t-y-generadores;Motores 4T y generadores;3500;3500;;;4720544.jpg;no
4720545;"Rueda 8""";"Rueda 8""";motores-4t-y-generadores;Motores 4T y generadores;3500;3500;;;4720545.jpg;no
4720546;Partes — Generador 2500 · 3500;Soporte del Alternador · Generador 2500-3500;motores-4t-y-generadores;Motores 4T y generadores;3500;3500;;;4720546.jpg;no
4720548;Partes — Generador 2500 · 3500;Rotor Generador 2kw 160 x 85mm (alambre de aluminio);motores-4t-y-generadores;Motores 4T y generadores;3500;3500;;;4720548.jpg;no
4720549;Partes — Generador 2500 · 3500;Rotor Generador 2kw 160 x 85mm (alambre de cobre);motores-4t-y-generadores;Motores 4T y generadores;3500;3500;;;4720549.jpg;no
4720550;Partes — Generador 2500 · 3500;Estator (alambre de aluminio) · Generador 2500-3500;motores-4t-y-generadores;Motores 4T y generadores;3500;3500;;;4720550.jpg;no
4720551;Partes — Generador 2500 · 3500;Estator (alambre de cobre) · Generador 2500-3500;motores-4t-y-generadores;Motores 4T y generadores;3500;3500;;;4720551.jpg;no
4720552;Partes — Generador 2500 · 3500;Tambor de Arranque · Generador 2500-3500;motores-4t-y-generadores;Motores 4T y generadores;3500;3500;;;4720552.jpg;no
4720553;Partes — Generador 2500 · 3500;Cortacorriente · Generador 2500-3500;motores-4t-y-generadores;Motores 4T y generadores;3500;3500;;;4720553.jpg;no
4722099;Cigüeñal — Generador 2500 · 3500;Cigueñal Cónico · Generador 2500-3500;motores-4t-y-generadores;Motores 4T y generadores;3500;3500;;;4722099.jpg;no
4314335;Cortacorriente Estator Rotor Interruptor Tanque de (Alambre de Cobre) (A;Cortacorriente Estator Rotor Interruptor Tanque de (Alambre de Cobre) (Alambre de Cobre) Combustible;motores-4t-y-generadores;Motores 4T y generadores;6500;6500;;;4314335.jpg;no
4720513;Cobertor Varilla Medidora de Aceite;Cobertor Varilla Medidora de Aceite;motores-4t-y-generadores;Motores 4T y generadores;6500;6500;;;4720513.jpg;no
4720516;Cobertor;Cobertor;motores-4t-y-generadores;Motores 4T y generadores;6500;6500;;;4720516.jpg;no
4720518;Llave de Combustible (macho);Llave de Combustible (macho);motores-4t-y-generadores;Motores 4T y generadores;6500;6500;;;4720518.jpg;no
4720520;Tambor de Arranque Rectificador;Tambor de Arranque Rectificador;motores-4t-y-generadores;Motores 4T y generadores;6500;6500;;;4720520.jpg;no
4720521;Portacarbones;Portacarbones;motores-4t-y-generadores;Motores 4T y generadores;6500;6500;;;4720521.jpg;no
4720522;Escape 6kw;Escape 6kw;motores-4t-y-generadores;Motores 4T y generadores;6500;6500;;;4720522.jpg;no
4720523;Escape 7kw;Escape 7kw;motores-4t-y-generadores;Motores 4T y generadores;6500;6500;;;4720523.jpg;no
4720524;Soporte de Motor;Soporte de Motor;motores-4t-y-generadores;Motores 4T y generadores;6500;6500;;;4720524.jpg;no
4720525;Tambor de Arranque;Tambor de Arranque;motores-4t-y-generadores;Motores 4T y generadores;6500;6500;;;4720525.jpg;no
4720526;Rotor (Alambre de Cobre);Rotor (Alambre de Cobre);motores-4t-y-generadores;Motores 4T y generadores;6500;6500;;;4720526.jpg;no
4720527;Estator (Alambre de Cobre);Estator (Alambre de Cobre);motores-4t-y-generadores;Motores 4T y generadores;6500;6500;;;4720527.jpg;no
4720528;Interruptor;Interruptor;motores-4t-y-generadores;Motores 4T y generadores;6500;6500;;;4720528.jpg;no
4720529;Voltímetro Monofásico;Voltímetro Monofásico;motores-4t-y-generadores;Motores 4T y generadores;6500;6500;;;4720529.jpg;no
4720530;Voltímetro Trifásico;Voltímetro Trifásico;motores-4t-y-generadores;Motores 4T y generadores;6500;6500;;;4720530.jpg;no
4720532;Cortacorriente;Cortacorriente;motores-4t-y-generadores;Motores 4T y generadores;6500;6500;;;4720532.jpg;no
4720537;Escape Escape Escape 6kw 7kw 5kw;Escape Escape Escape 6kw 7kw 5kw;motores-4t-y-generadores;Motores 4T y generadores;6500;6500;;;4720537.jpg;no
4324235;Bobina de Ignicion;Bobina de Ignicion REPL B&S 398811;motores-4t-y-generadores;Motores 4T y generadores;bobina-de-ignicion;Bobina de ignición;Briggs & Stratton;;4324235.jpg;no
4324236;Bobina de Ignicion;Bobina de Ignicion REPL B&S 798212;motores-4t-y-generadores;Motores 4T y generadores;bobina-de-ignicion;Bobina de ignición;Briggs & Stratton;;4324236.jpg;no
4324237;Bobina de Ignicion;Bobina de Ignicion REPL B&S 394891;motores-4t-y-generadores;Motores 4T y generadores;bobina-de-ignicion;Bobina de ignición;Briggs & Stratton;;4324237.jpg;no
4324238;Bobina de Ignicion;Bobina de Ignicion REPL B&S 593872;motores-4t-y-generadores;Motores 4T y generadores;bobina-de-ignicion;Bobina de ignición;Briggs & Stratton;;4324238.jpg;no
4324239;Bobina de Ignicion;Bobina de Ignicion REPL B&S 799651;motores-4t-y-generadores;Motores 4T y generadores;bobina-de-ignicion;Bobina de ignición;Briggs & Stratton;;4324239.jpg;no
4324241;Bobina de Ignicion;Bobina de Ignicion REPL B&S 491760;motores-4t-y-generadores;Motores 4T y generadores;bobina-de-ignicion;Bobina de ignición;Briggs & Stratton;;4324241.jpg;no
4324242;Bobina de Ignicion;Bobina de Ignicion REPL B&S 96964;motores-4t-y-generadores;Motores 4T y generadores;bobina-de-ignicion;Bobina de ignición;Briggs & Stratton;;4324242.jpg;no
4324901;Bobina de Ignicion;Bobina de Ignicion REPL Kohler 20 584 03-S;motores-4t-y-generadores;Motores 4T y generadores;bobina-de-ignicion;Bobina de ignición;Kohler;;4324901.jpg;no
4324902;Bobina de Ignicion;Bobina de Ignicion REPL Kohler 24 584 45-S;motores-4t-y-generadores;Motores 4T y generadores;bobina-de-ignicion;Bobina de ignición;Kohler;;4324902.jpg;no
4324903;Bobina de Ignicion;Bobina de Ignicion REPL Kohler 32 584 24-S;motores-4t-y-generadores;Motores 4T y generadores;bobina-de-ignicion;Bobina de ignición;Kohler;;4324903.jpg;no
4324904;Bobina de Ignicion;Bobina de Ignicion REPL KOHLER 1458404;motores-4t-y-generadores;Motores 4T y generadores;bobina-de-ignicion;Bobina de ignición;Kohler;;4324904.jpg;no
4301481;4301842 — DATOS NO Código Logbelts: ENCONTRADOS 4301481 Reparación de ca;4301842 — DATOS NO Código Logbelts: ENCONTRADOS 4301481 Reparación de carburador Tecumseh 632347;motores-4t-y-generadores;Motores 4T y generadores;carburadores;Carburadores;Tecumseh;;;no
4301490;Partes de carburador;Kit Reparación · Honda GX160 (5,5hp);motores-4t-y-generadores;Motores 4T y generadores;carburadores;Carburadores;;;4301490.jpg;no
4301491;Partes de carburador;Kit Reparación · Honda GX390 (13hp);motores-4t-y-generadores;Motores 4T y generadores;carburadores;Carburadores;;;4301491.jpg;no
4301492;Partes de carburador;Kit Reparación · Honda GX160 (5,5hp) · 16015-ZE1-811;motores-4t-y-generadores;Motores 4T y generadores;carburadores;Carburadores;;;4301492.jpg;no
4301493;Partes de carburador;Kit Reparación · Honda GX390 (13hp) · 16015-ZE8-005;motores-4t-y-generadores;Motores 4T y generadores;carburadores;Carburadores;;;4301493.jpg;no
4301494;Partes de carburador;Kit Reparación · Honda GX340/GX390 (13hp);motores-4t-y-generadores;Motores 4T y generadores;carburadores;Carburadores;;;4301494.jpg;no
4301495;Kit Reparacion B8S 699521;Kit Reparacion B8S 699521;motores-4t-y-generadores;Motores 4T y generadores;carburadores;Carburadores;;;4301495.jpg;no
4301496;DE MOTOR 4 TIEMPOS BRIGGS & STRATTON;DE MOTOR 4 TIEMPOS BRIGGS & STRATTON;motores-4t-y-generadores;Motores 4T y generadores;carburadores;Carburadores;Briggs & Stratton;;4301496.jpg;no
4301497;Kit Reparacion B8S 498260 493762 492495 IR 4;Kit Reparacion B8S 498260 493762 492495 IR 4;motores-4t-y-generadores;Motores 4T y generadores;carburadores;Carburadores;;;4301497.jpg;no
4301498;Kit Reparación Briggs 8 Stratton 498261 8 STRATTON;Kit Reparación Briggs 8 Stratton 498261 8 STRATTON;motores-4t-y-generadores;Motores 4T y generadores;carburadores;Carburadores;;;4301498.jpg;no
4301499;Kit Reparación Briggs Stratton 590589 500e;Kit Reparación Briggs Stratton 590589 500e;motores-4t-y-generadores;Motores 4T y generadores;carburadores;Carburadores;;;4301499.jpg;no
4302105;Briggs Stratton 799728 a;Briggs Stratton 799728 a;motores-4t-y-generadores;Motores 4T y generadores;carburadores;Carburadores;Honda | Ruixing;;4302105.jpg;no
4302106;BRIGGS & STRATTON;BRIGGS & STRATTON;motores-4t-y-generadores;Motores 4T y generadores;carburadores;Carburadores;Briggs & Stratton;;4302106.jpg;no
4302107;Briggs 8 Stratton 591109;Briggs 8 Stratton 591109;motores-4t-y-generadores;Motores 4T y generadores;carburadores;Carburadores;Honda | Ruixing;;4302107.jpg;no
4302108;Briggs 8 Stratton 591731 796109;Briggs 8 Stratton 591731 796109;motores-4t-y-generadores;Motores 4T y generadores;carburadores;Carburadores;Honda | Ruixing;;4302108.jpg;no
4302109;Briggs Stratton 792768 779727;Briggs Stratton 792768 779727;motores-4t-y-generadores;Motores 4T y generadores;carburadores;Carburadores;Honda | Ruixing;;4302109.jpg;no
4302110;Briggs 8 Stratton 699807 699815;Briggs 8 Stratton 699807 699815;motores-4t-y-generadores;Motores 4T y generadores;carburadores;Carburadores;Honda | Ruixing;;4302110.jpg;no
4302111;Briggs 8 Stratton 799868;Briggs 8 Stratton 799868;motores-4t-y-generadores;Motores 4T y generadores;carburadores;Carburadores;Honda | Ruixing;;4302111.jpg;no
4302112;Briggs 8 Stratton 798653 1;Briggs 8 Stratton 798653 1;motores-4t-y-generadores;Motores 4T y generadores;carburadores;Carburadores;Honda | Ruixing;;4302112.jpg;no
4302113;Briggs 8 Stratton 796077;Briggs 8 Stratton 796077;motores-4t-y-generadores;Motores 4T y generadores;carburadores;Carburadores;Honda | Ruixing;;4302113.jpg;no
4302114;Briggs 8 Stratton 498298;Briggs 8 Stratton 498298;motores-4t-y-generadores;Motores 4T y generadores;carburadores;Carburadores;Honda | Ruixing;;4302114.jpg;no
4302115;Carburador — Briggs & Stratton;Briggs & Stratton 796227;motores-4t-y-generadores;Motores 4T y generadores;carburadores;Carburadores;Briggs & Stratton;;4302115.jpg;no
4302116;KOHLER;KOHLER;motores-4t-y-generadores;Motores 4T y generadores;carburadores;Carburadores;Kohler;;4302116.jpg;no
4302117;Carburador — Briggs & Stratton;Briggs & Stratton 699966;motores-4t-y-generadores;Motores 4T y generadores;carburadores;Carburadores;Briggs & Stratton;;4302117.jpg;no
4302118;Carburador — Briggs & Stratton;Briggs & Stratton 392587;motores-4t-y-generadores;Motores 4T y generadores;carburadores;Carburadores;Briggs & Stratton;;4302118.jpg;no
4302120;Carburador — Briggs & Stratton;Briggs & Stratton 799869;motores-4t-y-generadores;Motores 4T y generadores;carburadores;Carburadores;Briggs & Stratton;;4302120.jpg;no
4302150;Carburador — Briggs & Stratton;Kohler 1485368-S;motores-4t-y-generadores;Motores 4T y generadores;carburadores;Carburadores;Briggs & Stratton;;4302150.jpg;no
4302151;Carburador — Briggs & Stratton;Kohler 1885316-S;motores-4t-y-generadores;Motores 4T y generadores;carburadores;Carburadores;Briggs & Stratton;;4302151.jpg;no
4302152;Carburador — Briggs & Stratton;Kohler 2485359-S · 26mm;motores-4t-y-generadores;Motores 4T y generadores;carburadores;Carburadores;Briggs & Stratton;;4302152.jpg;no
4302153;Carburador — Briggs & Stratton;Kohler 20853388S · SV590 / SV591;motores-4t-y-generadores;Motores 4T y generadores;carburadores;Carburadores;Briggs & Stratton;;4302153.jpg;no
4302154;Carburador — Briggs & Stratton;Kohler 20853333S · SV530;motores-4t-y-generadores;Motores 4T y generadores;carburadores;Carburadores;Briggs & Stratton;;4302154.jpg;no
4302155;Carburador — Briggs & Stratton;Kohler · REPL 1685301S;motores-4t-y-generadores;Motores 4T y generadores;carburadores;Carburadores;Briggs & Stratton;;4302155.jpg;no
4302180;Carburador — Briggs & Stratton;Tecumseh · 640350 / 640271;motores-4t-y-generadores;Motores 4T y generadores;carburadores;Carburadores;Briggs & Stratton;;4302180.png;no
4302901;Carburador — Stihl;Tipo Ruixing · Honda GX100;motores-4t-y-generadores;Motores 4T y generadores;carburadores;Carburadores;Stihl;;4302901.jpg;no
4302903;Carburador — Stihl;Tipo Honda · GX-120 · 4 HP;motores-4t-y-generadores;Motores 4T y generadores;carburadores;Carburadores;Stihl;;4302903.jpg;no
4302904;Carburador — Stihl;Tipo Honda · GX-120/140/160/200 · 19 mm;motores-4t-y-generadores;Motores 4T y generadores;carburadores;Carburadores;Stihl;;4302904.jpg;no
4302905;Carburador;Carburador REPL Honda GX140 160 18MM;motores-4t-y-generadores;Motores 4T y generadores;carburadores;Carburadores;Honda | Ruixing;;4302905.jpg;no
4302906;Carburador — Stihl;Tipo Ruixing · Honda GXV160;motores-4t-y-generadores;Motores 4T y generadores;carburadores;Carburadores;Stihl;;4302906.jpg;no
4302910;Carburador GX390;Carburador GX390;motores-4t-y-generadores;Motores 4T y generadores;carburadores;Carburadores;Stihl;;4302910.jpg;no
4302911;DESUNIF VII Carburador con Ca Electroválvula;DESUNIF VII Carburador con Ca Electroválvula;motores-4t-y-generadores;Motores 4T y generadores;carburadores;Carburadores;Stihl;;4302911.jpg;no
4302912;Carburador — Stihl;Tipo Ruixing · Honda GX670;motores-4t-y-generadores;Motores 4T y generadores;carburadores;Carburadores;Stihl;;4302912.jpg;no
4302913;Carburador — Stihl;Tipo Ruixing · Honda GX610-620;motores-4t-y-generadores;Motores 4T y generadores;carburadores;Carburadores;Stihl;;4302913.jpg;no
4302914;Carburador;Carburador REPL Honda GX390 188F;motores-4t-y-generadores;Motores 4T y generadores;carburadores;Carburadores;Honda | Ruixing;;4302914.jpg;no
4302915;Carburador;Carburador REPL GX 390 PURE;motores-4t-y-generadores;Motores 4T y generadores;carburadores;Carburadores;Honda | Ruixing;;4302915.jpg;no
4302916;Carburador Carburador Carburador Carburador;Carburador Carburador Carburador Carburador REPL Honda REPL GX-390 Honda GX390 188F REPL Honda GX340/390 GEN GX140 160 18MM LPG/ /LONCIN;motores-4t-y-generadores;Motores 4T y generadores;carburadores;Carburadores;Honda | Loncin;18MM;4302916.jpg;no
4302917;Tipo Loncin 1575 675;Tipo Loncin 1575 675;motores-4t-y-generadores;Motores 4T y generadores;carburadores;Carburadores;Honda | Ruixing;;4302917.jpg;no
4302918;Tipo Loncin 45 16 mm;Tipo Loncin 45 16 mm;motores-4t-y-generadores;Motores 4T y generadores;carburadores;Carburadores;Honda | Ruixing;;4302918.jpg;no
4302919;Tipo Loncin 1P56F o;Tipo Loncin 1P56F o;motores-4t-y-generadores;Motores 4T y generadores;carburadores;Carburadores;Honda | Ruixing;;4302919.jpg;no
4302926;Carburador — Stihl;Tipo Ruixing · Yamaha ET650/950 · (Generador 2T);motores-4t-y-generadores;Motores 4T y generadores;carburadores;Carburadores;Stihl;;4302926.jpg;no
4302930;Carburador — Stihl;Tipo Ruixing · Honda GX160 K;motores-4t-y-generadores;Motores 4T y generadores;carburadores;Carburadores;Stihl;;4302930.jpg;no
4302962;Carburador — Tipo Ruixing / Honda;188F LPG · 13 hp;motores-4t-y-generadores;Motores 4T y generadores;carburadores;Carburadores;Honda | Ruixing;;4302962.jpg;no
4302967;BRIGGS & STRATTON;BRIGGS & STRATTON;motores-4t-y-generadores;Motores 4T y generadores;carburadores;Carburadores;Briggs & Stratton;;4302967.jpg;no
4309385;Junta de cuba de carburador B&S 695426;Junta de cuba de carburador B&S 695426;motores-4t-y-generadores;Motores 4T y generadores;carburadores;Carburadores;Briggs & Stratton;;;no
4310391;Juntas de motor;Briggs & Stratton 795629 · Admision;motores-4t-y-generadores;Motores 4T y generadores;carburadores;Carburadores;;;4310391.jpg;no
4310392;Briggs Stratton 692667 Admision;Briggs Stratton 692667 Admision;motores-4t-y-generadores;Motores 4T y generadores;carburadores;Carburadores;;;4310392.jpg;no
4310393;Briggs Stratton 691894 Admision;Briggs Stratton 691894 Admision;motores-4t-y-generadores;Motores 4T y generadores;carburadores;Carburadores;;;4310393.jpg;no
4310394;Briggs Stratton 692232 Carter;Briggs Stratton 692232 Carter;motores-4t-y-generadores;Motores 4T y generadores;carburadores;Carburadores;;;4310394.jpg;no
4310395;Juntas de motor;Briggs & Stratton 692137 · Base de carburador · Minitractores 17-19hp;motores-4t-y-generadores;Motores 4T y generadores;carburadores;Carburadores;;;4310395.jpg;no
4310396;DESCRIPCIÓN: B&S;DESCRIPCIÓN: B&S;motores-4t-y-generadores;Motores 4T y generadores;carburadores;Carburadores;Briggs & Stratton;;4310396.jpg;no
4310397;DESCRIPCIÓN: B&S;DESCRIPCIÓN: B&S;motores-4t-y-generadores;Motores 4T y generadores;carburadores;Carburadores;Briggs & Stratton;;4310397.jpg;no
4310398;DESCRIPCIÓN: B&S;DESCRIPCIÓN: B&S;motores-4t-y-generadores;Motores 4T y generadores;carburadores;Carburadores;Briggs & Stratton;;4310398.jpg;no
4310399;DESCRIPCIÓN: B&S;DESCRIPCIÓN: B&S;motores-4t-y-generadores;Motores 4T y generadores;carburadores;Carburadores;Briggs & Stratton;;4310399.jpg;no
4310400;DESCRIPCIÓN: B&S;DESCRIPCIÓN: B&S;motores-4t-y-generadores;Motores 4T y generadores;carburadores;Carburadores;Briggs & Stratton;;4310400.jpg;no
4310401;DESCRIPCIÓN: B&S;DESCRIPCIÓN: B&S;motores-4t-y-generadores;Motores 4T y generadores;carburadores;Carburadores;Briggs & Stratton;;4310401.jpg;no
4310489;Kit De Juntas;Kit De Juntas REPL-B&S 697110;motores-4t-y-generadores;Motores 4T y generadores;carburadores;Carburadores;;;4310489.jpg;no
4310490;B&S Kit De Juntas;B&S Kit De Juntas REPL B&S 693997;motores-4t-y-generadores;Motores 4T y generadores;carburadores;Carburadores;Briggs & Stratton;;4310490.jpg;no
4310491;B&S Kit De Juntas;B&S Kit De Juntas REPL B&S 694012;motores-4t-y-generadores;Motores 4T y generadores;carburadores;Carburadores;Briggs & Stratton;;4310491.jpg;no
4310492;B&S Kit De Juntas;B&S Kit De Juntas REPL-B&S 690190;motores-4t-y-generadores;Motores 4T y generadores;carburadores;Carburadores;Briggs & Stratton;;4310492.jpg;no
4302936;Huayi MC1619BE;Huayi MC1619BE para desmalezadoras…;motores-4t-y-generadores;Motores 4T y generadores;carburadores-2t-reemplazos;Carburadores 2T reemplazos;;;;no
4302181;Tecumseh 632795 632750 632772;Tecumseh 632795 632750 632772;motores-4t-y-generadores;Motores 4T y generadores;carburadores-4t-reemplazos;Carburadores 4T reemplazos;Tecumseh;;;no
4320009;Interruptor de asiento de reemplazo…;Interruptor de asiento de reemplazo…;motores-4t-y-generadores;Motores 4T y generadores;electroembragues;Electroembragues;John Deere;;;no
4325355;Cables — John Deere;Accionamiento Electroembrague · Repl - 725-07522;motores-4t-y-generadores;Motores 4T y generadores;electroembragues;Electroembragues;John Deere;;4325355.jpg;no
4325356;SISTEMA DE;SISTEMA DE;motores-4t-y-generadores;Motores 4T y generadores;electroembragues;Electroembragues;John Deere;;4325356.jpg;no
4307653;Oem 4238 141 0300 / 4238 140 1800 /… Stihl TS410 TS420 TS500i;Oem 4238 141 0300 / 4238 140 1800 /… Stihl TS410 TS420 TS500i;motores-4t-y-generadores;Motores 4T y generadores;filtros-de-aire-reemplazos-2t;Filtros de aire reemplazos 2T;Stihl;;;no
4307654;Oem 4147 141 0300 Stihl FS460;Oem 4147 141 0300 Stihl FS460;motores-4t-y-generadores;Motores 4T y generadores;filtros-de-aire-reemplazos-2t;Filtros de aire reemplazos 2T;Stihl;;;no
4307655;Oem 4137-124-2800 Stihl FS85;Oem 4137-124-2800 Stihl FS85;motores-4t-y-generadores;Motores 4T y generadores;filtros-de-aire-reemplazos-2t;Filtros de aire reemplazos 2T;Stihl;;;no
4307658;Filtro de aire — Husqvarna;Filtro De Aire · REPL Husqvarna 598581901;motores-4t-y-generadores;Motores 4T y generadores;filtros-de-aire-reemplazos-2t;Filtros de aire reemplazos 2T;Husqvarna;;4307658.jpg;no
4307660;Filtro de aire — Husqvarna;Filtro De Aire · REPL Husqvarna 143R 5872876-03;motores-4t-y-generadores;Motores 4T y generadores;filtros-de-aire-reemplazos-2t;Filtros de aire reemplazos 2T;Husqvarna;;4307660.jpg;no
4307661;Filtro de aire — Husqvarna;Filtro De Aire · REPL - Husqvarna 136;motores-4t-y-generadores;Motores 4T y generadores;filtros-de-aire-reemplazos-2t;Filtros de aire reemplazos 2T;Husqvarna;;4307661.jpg;no
4307662;Filtro de aire — Husqvarna;Filtro De Aire · REPL Husqvarna 51 55;motores-4t-y-generadores;Motores 4T y generadores;filtros-de-aire-reemplazos-2t;Filtros de aire reemplazos 2T;Husqvarna;;4307662.jpg;no
4307663;Filtro de aire — Husqvarna;Filtro De Aire · REPL HUS 236;motores-4t-y-generadores;Motores 4T y generadores;filtros-de-aire-reemplazos-2t;Filtros de aire reemplazos 2T;Husqvarna;;4307663.jpg;no
4307664;Filtro de aire — Husqvarna;Filtro De Aire · REPL Husqvarna 455;motores-4t-y-generadores;Motores 4T y generadores;filtros-de-aire-reemplazos-2t;Filtros de aire reemplazos 2T;Husqvarna;;4307664.jpg;no
4307665;Filtro de aire — Husqvarna;Filtro De Aire · REPL Husqvarna 128;motores-4t-y-generadores;Motores 4T y generadores;filtros-de-aire-reemplazos-2t;Filtros de aire reemplazos 2T;Husqvarna;;4307665.jpg;no
4307666;Filtro de aire — Husqvarna;Filtro De Aire · REPL Husqvarna 362/372;motores-4t-y-generadores;Motores 4T y generadores;filtros-de-aire-reemplazos-2t;Filtros de aire reemplazos 2T;Husqvarna;;4307666.jpg;no
4307667;Filtro de aire — Husqvarna;Filtro De Aire · REPL Husqvarna K760;motores-4t-y-generadores;Motores 4T y generadores;filtros-de-aire-reemplazos-2t;Filtros de aire reemplazos 2T;Husqvarna;;4307667.jpg;no
4307668;Filtro de aire — Husqvarna;Filtro De Aire · REPL Husqvarna 61/266/281/288;motores-4t-y-generadores;Motores 4T y generadores;filtros-de-aire-reemplazos-2t;Filtros de aire reemplazos 2T;Husqvarna;;4307668.jpg;no
4307669;Filtro de aire — Husqvarna;Filtro De Aire · REPL Husqvarna 345;motores-4t-y-generadores;Motores 4T y generadores;filtros-de-aire-reemplazos-2t;Filtros de aire reemplazos 2T;Husqvarna;;4307669.jpg;no
4307671;Filtro de aire — Echo;Filtro De Aire · REPL Echo PB 755SH;motores-4t-y-generadores;Motores 4T y generadores;filtros-de-aire-reemplazos-2t;Filtros de aire reemplazos 2T;Echo;;4307671.jpg;no
4307672;Filtro de aire — Echo;Filtro De Aire · REPL Echo CS3000;motores-4t-y-generadores;Motores 4T y generadores;filtros-de-aire-reemplazos-2t;Filtros de aire reemplazos 2T;Echo;;4307672.jpg;no
4307673;Filtro de aire — Echo;Filtro De Aire · REPL Echo SRM210;motores-4t-y-generadores;Motores 4T y generadores;filtros-de-aire-reemplazos-2t;Filtros de aire reemplazos 2T;Echo;;4307673.jpg;no
4307674;Filtro de aire — Echo;Filtro De Aire · REPL Echo SRM2305;motores-4t-y-generadores;Motores 4T y generadores;filtros-de-aire-reemplazos-2t;Filtros de aire reemplazos 2T;Echo;;4307674.jpg;no
4307675;STIHL;STIHL;motores-4t-y-generadores;Motores 4T y generadores;filtros-de-aire-reemplazos-2t;Filtros de aire reemplazos 2T;Stihl;;4307675.jpg;no
4307679;Stihl FS38 FS45 FS46 FS55;Stihl FS38 FS45 FS46 FS55;motores-4t-y-generadores;Motores 4T y generadores;filtros-de-aire-reemplazos-2t;Filtros de aire reemplazos 2T;Stihl;;;no
4307220;Filtro De Aire Espuma B&S 4,5 hp;Filtro De Aire Espuma B&S 4,5 hp;motores-4t-y-generadores;Motores 4T y generadores;filtros-de-aire-reemplazos-4t;Filtros de aire reemplazos 4T;Briggs & Stratton;;4307220.jpg;no
4307221;Filtro De Aire Espuma B&S 3,5 hp;Filtro De Aire Espuma B&S 3,5 hp;motores-4t-y-generadores;Motores 4T y generadores;filtros-de-aire-reemplazos-4t;Filtros de aire reemplazos 4T;Briggs & Stratton;;4307221.jpg;no
4307222;DUELJUNiIN VII Filtro Aire Ca de Esponja;DUELJUNiIN VII Filtro Aire Ca de Esponja;motores-4t-y-generadores;Motores 4T y generadores;filtros-de-aire-reemplazos-4t;Filtros de aire reemplazos 4T;Honda;;4307222.jpg;no
4307223;Filtro de aire — Honda;Filtro De Aire Espuma · Generadores 13 hp;motores-4t-y-generadores;Motores 4T y generadores;filtros-de-aire-reemplazos-4t;Filtros de aire reemplazos 4T;Honda;;4307223.jpg;no
4307224;Filtro de aire — Honda;Filtro De Aire Espuma · Generadores 8 / 9 hp;motores-4t-y-generadores;Motores 4T y generadores;filtros-de-aire-reemplazos-4t;Filtros de aire reemplazos 4T;Honda;;4307224.jpg;no
4307600;Filtro De Aire Espuma B&S 5 / 6.5 hp 491588;Filtro De Aire Espuma B&S 5 / 6.5 hp 491588;motores-4t-y-generadores;Motores 4T y generadores;filtros-de-aire-reemplazos-4t;Filtros de aire reemplazos 4T;Briggs & Stratton;;4307600.jpg;no
4307601;Filtro De Aire B&S 6.5 hp;Filtro De Aire B&S 6.5 hp;motores-4t-y-generadores;Motores 4T y generadores;filtros-de-aire-reemplazos-4t;Filtros de aire reemplazos 4T;Briggs & Stratton;;4307601.jpg;no
4307602;Filtro de aire — Honda;Filtro De Aire · REPL- KWA 11013-0752;motores-4t-y-generadores;Motores 4T y generadores;filtros-de-aire-reemplazos-4t;Filtros de aire reemplazos 4T;Honda;;4307602.jpg;no
4307603;Filtro de aire — B&S;Filtro De Aire · REPL- Kohler 1408322-S;motores-4t-y-generadores;Motores 4T y generadores;filtros-de-aire-reemplazos-4t;Filtros de aire reemplazos 4T;Briggs & Stratton;;4307603.jpg;no
4307604;Filtro de aire — B&S;Filtro De Aire · REPL Kohler 2008302-S;motores-4t-y-generadores;Motores 4T y generadores;filtros-de-aire-reemplazos-4t;Filtros de aire reemplazos 4T;Briggs & Stratton;;4307604.jpg;no
4307605;Filtro de aire — B&S;Filtro De Aire · REPL Kohler 2408303-S;motores-4t-y-generadores;Motores 4T y generadores;filtros-de-aire-reemplazos-4t;Filtros de aire reemplazos 4T;Briggs & Stratton;;4307605.jpg;no
4307606;Filtro de aire — B&S;Filtro De Aire · Kohler 3208309-S;motores-4t-y-generadores;Motores 4T y generadores;filtros-de-aire-reemplazos-4t;Filtros de aire reemplazos 4T;Briggs & Stratton;;4307606.jpg;no
4307608;Filtro de aire — B&S;Filtro De Aire · REPL Kohler 1408301-S1;motores-4t-y-generadores;Motores 4T y generadores;filtros-de-aire-reemplazos-4t;Filtros de aire reemplazos 4T;Briggs & Stratton;;4307608.jpg;no
4307609;Filtro de aire — B&S;Filtro De Aire · REPL Kohler 3208306-S;motores-4t-y-generadores;Motores 4T y generadores;filtros-de-aire-reemplazos-4t;Filtros de aire reemplazos 4T;Briggs & Stratton;;4307609.jpg;no
4307610;DE AIRE 2T OLEO MAC;DE AIRE 2T OLEO MAC;motores-4t-y-generadores;Motores 4T y generadores;filtros-de-aire-reemplazos-4t;Filtros de aire reemplazos 4T;Oleo Mac;;4307610.jpg;no
4307611;Filtro De Aire;Filtro De Aire REPL B&S 591334;motores-4t-y-generadores;Motores 4T y generadores;filtros-de-aire-reemplazos-4t;Filtros de aire reemplazos 4T;Briggs & Stratton;;4307611.jpg;no
4307612;Filtro De Aire Oregon;Filtro De Aire Oregon REPL B&S 394018;motores-4t-y-generadores;Motores 4T y generadores;filtros-de-aire-reemplazos-4t;Filtros de aire reemplazos 4T;Briggs & Stratton;;4307612.jpg;no
4307613;Filtro De Aire;Filtro De Aire REPL B&S 498596;motores-4t-y-generadores;Motores 4T y generadores;filtros-de-aire-reemplazos-4t;Filtros de aire reemplazos 4T;Briggs & Stratton;;4307613.jpg;no
4307615;Filtro De Aire;Filtro De Aire REPL B&S 793569;motores-4t-y-generadores;Motores 4T y generadores;filtros-de-aire-reemplazos-4t;Filtros de aire reemplazos 4T;Briggs & Stratton;;4307615.jpg;no
4307616;Filtro De Aire;Filtro De Aire REPL B&S 276890;motores-4t-y-generadores;Motores 4T y generadores;filtros-de-aire-reemplazos-4t;Filtros de aire reemplazos 4T;Briggs & Stratton;;4307616.jpg;no
4307617;Filtro De Aire;Filtro De Aire REPL B&S 272235;motores-4t-y-generadores;Motores 4T y generadores;filtros-de-aire-reemplazos-4t;Filtros de aire reemplazos 4T;Briggs & Stratton;;4307617.jpg;no
4307618;Filtro De Aire;Filtro De Aire REPL B&S 499486;motores-4t-y-generadores;Motores 4T y generadores;filtros-de-aire-reemplazos-4t;Filtros de aire reemplazos 4T;Briggs & Stratton;;4307618.jpg;no
4307619;Filtro De Aire;Filtro De Aire REPL B&S 591583;motores-4t-y-generadores;Motores 4T y generadores;filtros-de-aire-reemplazos-4t;Filtros de aire reemplazos 4T;Briggs & Stratton;;4307619.jpg;no
4307621;Filtro De Aire;Filtro De Aire REPL B&S 798897;motores-4t-y-generadores;Motores 4T y generadores;filtros-de-aire-reemplazos-4t;Filtros de aire reemplazos 4T;Briggs & Stratton;;4307621.jpg;no
4307622;Filtro De Aire;Filtro De Aire REPL B&S 792038;motores-4t-y-generadores;Motores 4T y generadores;filtros-de-aire-reemplazos-4t;Filtros de aire reemplazos 4T;Briggs & Stratton;;4307622.jpg;no
4307623;Filtro De Aire;Filtro De Aire REPL B&S 795066;motores-4t-y-generadores;Motores 4T y generadores;filtros-de-aire-reemplazos-4t;Filtros de aire reemplazos 4T;Briggs & Stratton;;4307623.jpg;no
4307624;Filtro De Aire;Filtro De Aire REPL B&S 697152;motores-4t-y-generadores;Motores 4T y generadores;filtros-de-aire-reemplazos-4t;Filtros de aire reemplazos 4T;Briggs & Stratton;;4307624.jpg;no
4307625;Filtro De Aire;Filtro De Aire REPL B&S 710266;motores-4t-y-generadores;Motores 4T y generadores;filtros-de-aire-reemplazos-4t;Filtros de aire reemplazos 4T;Briggs & Stratton;;4307625.jpg;no
4307626;Filtro De Aire;Filtro De Aire REPL B&S 697153;motores-4t-y-generadores;Motores 4T y generadores;filtros-de-aire-reemplazos-4t;Filtros de aire reemplazos 4T;Briggs & Stratton;;4307626.jpg;no
4307627;Filtro De Aire B&S 394018;Filtro De Aire B&S 394018;motores-4t-y-generadores;Motores 4T y generadores;filtros-de-aire-reemplazos-4t;Filtros de aire reemplazos 4T;Briggs & Stratton;;4307627.jpg;no
4307628;Filtro De Aire;Filtro De Aire REPL B&S 493910;motores-4t-y-generadores;Motores 4T y generadores;filtros-de-aire-reemplazos-4t;Filtros de aire reemplazos 4T;Briggs & Stratton;;4307628.jpg;no
4307630;Filtro de aire — B&S;Filtro De Aire · REPL B&S 493909;motores-4t-y-generadores;Motores 4T y generadores;filtros-de-aire-reemplazos-4t;Filtros de aire reemplazos 4T;Briggs & Stratton;;4307630.jpg;no
4307631;Filtro de aire — Honda;Filtro De Aire · Zongshen · XP140;motores-4t-y-generadores;Motores 4T y generadores;filtros-de-aire-reemplazos-4t;Filtros de aire reemplazos 4T;Honda;;4307631.jpg;no
4307633;KOHLER;KOHLER;motores-4t-y-generadores;Motores 4T y generadores;filtros-de-aire-reemplazos-4t;Filtros de aire reemplazos 4T;Kohler;;4307633.jpg;no
4307634;Filtro de aire — Honda;Filtro De Aire · REPL Honda GX35;motores-4t-y-generadores;Motores 4T y generadores;filtros-de-aire-reemplazos-4t;Filtros de aire reemplazos 4T;Honda;;4307634.jpg;no
4307635;Filtro de aire — Honda;Filtro De Aire Set · REPL HDA GCV160;motores-4t-y-generadores;Motores 4T y generadores;filtros-de-aire-reemplazos-4t;Filtros de aire reemplazos 4T;Honda;;4307635.jpg;no
4307636;TECUMSEH;TECUMSEH;motores-4t-y-generadores;Motores 4T y generadores;filtros-de-aire-reemplazos-4t;Filtros de aire reemplazos 4T;Tecumseh;;4307636.jpg;no
4307637;Filtro de aire — Honda;Filtro De Aire · REPL Honda GX610/620;motores-4t-y-generadores;Motores 4T y generadores;filtros-de-aire-reemplazos-4t;Filtros de aire reemplazos 4T;Honda;;4307637.jpg;no
4307638;Filtro de aire — Honda;Filtro De Aire · REPL Honda 17210-Z6L-010;motores-4t-y-generadores;Motores 4T y generadores;filtros-de-aire-reemplazos-4t;Filtros de aire reemplazos 4T;Honda;;4307638.jpg;no
4307639;Filtro de aire — Honda;Filtro De Aire · REPL TEA 36905;motores-4t-y-generadores;Motores 4T y generadores;filtros-de-aire-reemplazos-4t;Filtros de aire reemplazos 4T;Honda;;4307639.jpg;no
4307640;Filtro de aire — Honda;Filtro De Aire · REPL Tecumseh 35066;motores-4t-y-generadores;Motores 4T y generadores;filtros-de-aire-reemplazos-4t;Filtros de aire reemplazos 4T;Honda;;4307640.jpg;no
4307642;Filtro de aire — Honda;Filtro De Aire · REPL Tecumseh 36745;motores-4t-y-generadores;Motores 4T y generadores;filtros-de-aire-reemplazos-4t;Filtros de aire reemplazos 4T;Honda;;4307642.jpg;no
4307643;Filtro de aire — Honda;Filtro De Aire · REPL Tecumseh 30727;motores-4t-y-generadores;Motores 4T y generadores;filtros-de-aire-reemplazos-4t;Filtros de aire reemplazos 4T;Honda;;4307643.jpg;no
4307644;Filtro de aire — Honda;Filtro De Aire · REPL MTD 751-12260;motores-4t-y-generadores;Motores 4T y generadores;filtros-de-aire-reemplazos-4t;Filtros de aire reemplazos 4T;Honda;;4307644.jpg;no
4307645;Filtro de aire — B&S;Cubre Filtro · REPL-B&S 594106;motores-4t-y-generadores;Motores 4T y generadores;filtros-de-aire-reemplazos-4t;Filtros de aire reemplazos 4T;Briggs & Stratton;;4307645.jpg;no
4307646;Filtro de aire — B&S;Cubre Filtro · REPL-B&S 595660 799579;motores-4t-y-generadores;Motores 4T y generadores;filtros-de-aire-reemplazos-4t;Filtros de aire reemplazos 4T;Briggs & Stratton;;4307646.jpg;no
4307647;Filtro de aire — Honda;Filtro De Aire · REPL MTD 951- 10794;motores-4t-y-generadores;Motores 4T y generadores;filtros-de-aire-reemplazos-4t;Filtros de aire reemplazos 4T;Honda;;4307647.jpg;no
4307648;Filtro de aire — Honda;Filtro De Aire · REPL T375/675;motores-4t-y-generadores;Motores 4T y generadores;filtros-de-aire-reemplazos-4t;Filtros de aire reemplazos 4T;Honda;;4307648.jpg;no
4307649;Filtro de aire — Honda;Filtro De Aire · Loncin 1P91F,1P96F;motores-4t-y-generadores;Motores 4T y generadores;filtros-de-aire-reemplazos-4t;Filtros de aire reemplazos 4T;Honda;;4307649.jpg;no
4307650;Filtro de aire — B&S;Base Y Filtro De Aire · REPL- B&S 795259;motores-4t-y-generadores;Motores 4T y generadores;filtros-de-aire-reemplazos-4t;Filtros de aire reemplazos 4T;Briggs & Stratton;;4307650.jpg;no
4307678;Filtro de aire — B&S;Filtro De Aire · REPL Oleo Mac 746;motores-4t-y-generadores;Motores 4T y generadores;filtros-de-aire-reemplazos-4t;Filtros de aire reemplazos 4T;Briggs & Stratton;;4307678.jpg;no
4307685;Filtro de aire con pre fi ltro GXV160…;Filtro de aire con pre fi ltro GXV160…;motores-4t-y-generadores;Motores 4T y generadores;filtros-de-aire-reemplazos-4t;Filtros de aire reemplazos 4T;Honda;;;no
4307656;Filtro de aire;Filtro de aire para sopladoras… DE AIRE;motores-4t-y-generadores;Motores 4T y generadores;filtros-de-aire-sopladoras-2t;Filtros de aire sopladoras 2T;;;4307656.png;no
4307680;Stihl FS75 FS80 FS85;Stihl FS75 FS80 FS85;motores-4t-y-generadores;Motores 4T y generadores;filtros-de-aire-sopladoras-2t;Filtros de aire sopladoras 2T;Stihl;;4307680.png;no
4301402;Aro sellador de goma 45,5 x 1,5 mm B&S 693981;Aro sellador de goma 45,5 x 1,5 mm B&S 693981;motores-4t-y-generadores;Motores 4T y generadores;kit-de-o-rings;Kit de o-rings;Briggs & Stratton;1,5 mm;4301402.png;no
4301403;Aro sellador de goma 45,5 x 3,5 mm B&S 799866;Aro sellador de goma 45,5 x 3,5 mm B&S 799866;motores-4t-y-generadores;Motores 4T y generadores;kit-de-o-rings;Kit de o-rings;Briggs & Stratton;3,5 mm;4301403.png;no
4301404;B&S 694920;B&S 694920;motores-4t-y-generadores;Motores 4T y generadores;kit-de-o-rings;Kit de o-rings;Briggs & Stratton;;4301404.png;no
4301559;Honda 16155-883-005 Spring;Honda 16155-883-005 Spring;motores-4t-y-generadores;Motores 4T y generadores;kit-de-o-rings;Kit de o-rings;Honda;;4301559.png;no
4301387;Partes de carburador;O-Ring Cuba Carburador · Tipo Honda GX160 / 5,5 hp;motores-4t-y-generadores;Motores 4T y generadores;kits-de-juntas-y-diafragmas;Kits de juntas y diafragmas;;;4301387.jpg;no
4301388;Partes de carburador;O-Ring Cuba Carburador · Tipo Honda GX390 / 13hp;motores-4t-y-generadores;Motores 4T y generadores;kits-de-juntas-y-diafragmas;Kits de juntas y diafragmas;;;4301388.jpg;no
4301401;Partes de carburador;O-Ring Cuba Carburador · Briggs & Stratton 498260/498261;motores-4t-y-generadores;Motores 4T y generadores;kits-de-juntas-y-diafragmas;Kits de juntas y diafragmas;;;4301401.jpg;no
4309381;Juntas de carburador;B&S 4,5hp · Briggs & Stratton 495770;motores-4t-y-generadores;Motores 4T y generadores;kits-de-juntas-y-diafragmas;Kits de juntas y diafragmas;;;4309381.jpg;no
4309384;Juntas de carburador;B&S 17,5hp · Briggs & Stratton 698781;motores-4t-y-generadores;Motores 4T y generadores;kits-de-juntas-y-diafragmas;Kits de juntas y diafragmas;;;4309384.jpg;no
4303116;Conjunto Tapa de Cilindro GX270;Conjunto Tapa de Cilindro GX270;motores-4t-y-generadores;Motores 4T y generadores;partes-de-motor-4t-13-16hp-gx270gx390gx420gx440;Partes de motor 4T 13-16HP GX270/GX390/GX420/GX440;;;4303116.jpg;no
4303117;Escape con Codo Escape con Codo Codo de Escape Conjunto Tapa Conjunto Ta;Escape con Codo Escape con Codo Codo de Escape Conjunto Tapa Conjunto Tapa GX270 GX390 GX440 GX270 GX390 de Cilindro de Cilindro GX270 GX390;motores-4t-y-generadores;Motores 4T y generadores;partes-de-motor-4t-13-16hp-gx270gx390gx420gx440;Partes de motor 4T 13-16HP GX270/GX390/GX420/GX440;;;4303117.jpg;no
4303118;Conjunto Tapa de Cilindro GX420;Conjunto Tapa de Cilindro GX420;motores-4t-y-generadores;Motores 4T y generadores;partes-de-motor-4t-13-16hp-gx270gx390gx420gx440;Partes de motor 4T 13-16HP GX270/GX390/GX420/GX440;;;4303118.jpg;no
4303119;Conjunto Tapa de Cilindro GX440;Conjunto Tapa de Cilindro GX440;motores-4t-y-generadores;Motores 4T y generadores;partes-de-motor-4t-13-16hp-gx270gx390gx420gx440;Partes de motor 4T 13-16HP GX270/GX390/GX420/GX440;;;4303119.jpg;no
4304056;Kit Pistón y Aros Gx390;Kit Pistón y Aros Gx390;motores-4t-y-generadores;Motores 4T y generadores;partes-de-motor-4t-13-16hp-gx270gx390gx420gx440;Partes de motor 4T 13-16HP GX270/GX390/GX420/GX440;;;4304056.jpg;no
4304058;Kit Pistón y Aros GX420;Kit Pistón y Aros GX420;motores-4t-y-generadores;Motores 4T y generadores;partes-de-motor-4t-13-16hp-gx270gx390gx420gx440;Partes de motor 4T 13-16HP GX270/GX390/GX420/GX440;;;4304058.jpg;no
4304059;Kit Pistón y Aros GX440;Kit Pistón y Aros GX440;motores-4t-y-generadores;Motores 4T y generadores;partes-de-motor-4t-13-16hp-gx270gx390gx420gx440;Partes de motor 4T 13-16HP GX270/GX390/GX420/GX440;;;4304059.jpg;no
4304060;Block Kit Pistón y Aros GX390 GX270;Block Kit Pistón y Aros GX390 GX270;motores-4t-y-generadores;Motores 4T y generadores;partes-de-motor-4t-13-16hp-gx270gx390gx420gx440;Partes de motor 4T 13-16HP GX270/GX390/GX420/GX440;;;4304060.jpg;no
4305041;Conjunto Aros de Pistón GX390;Conjunto Aros de Pistón GX390;motores-4t-y-generadores;Motores 4T y generadores;partes-de-motor-4t-13-16hp-gx270gx390gx420gx440;Partes de motor 4T 13-16HP GX270/GX390/GX420/GX440;;;4305041.jpg;no
4305042;Conjunto Aros de Pistón GX270;Conjunto Aros de Pistón GX270;motores-4t-y-generadores;Motores 4T y generadores;partes-de-motor-4t-13-16hp-gx270gx390gx420gx440;Partes de motor 4T 13-16HP GX270/GX390/GX420/GX440;;;4305042.jpg;no
4305043;Conjunto Aros de Pistón GX420;Conjunto Aros de Pistón GX420;motores-4t-y-generadores;Motores 4T y generadores;partes-de-motor-4t-13-16hp-gx270gx390gx420gx440;Partes de motor 4T 13-16HP GX270/GX390/GX420/GX440;;;4305043.jpg;no
4305044;Conjunto Aros de Pistón GX440;Conjunto Aros de Pistón GX440;motores-4t-y-generadores;Motores 4T y generadores;partes-de-motor-4t-13-16hp-gx270gx390gx420gx440;Partes de motor 4T 13-16HP GX270/GX390/GX420/GX440;;;4305044.jpg;no
4307226;Caja Filtro de Aire Completa (papel);Caja Filtro de Aire Completa (papel);motores-4t-y-generadores;Motores 4T y generadores;partes-de-motor-4t-13-16hp-gx270gx390gx420gx440;Partes de motor 4T 13-16HP GX270/GX390/GX420/GX440;;;4307226.jpg;no
4307227;Filtro de Aire Papel Caja Filtro de Aire Caja Filtro de Aire GX270 Compl;Filtro de Aire Papel Caja Filtro de Aire Caja Filtro de Aire GX270 Completa (aceite) Completa (esponja);motores-4t-y-generadores;Motores 4T y generadores;partes-de-motor-4t-13-16hp-gx270gx390gx420gx440;Partes de motor 4T 13-16HP GX270/GX390/GX420/GX440;;;4307227.jpg;no
4307233;Caja Filtro de Aire Completa (aceite);Caja Filtro de Aire Completa (aceite);motores-4t-y-generadores;Motores 4T y generadores;partes-de-motor-4t-13-16hp-gx270gx390gx420gx440;Partes de motor 4T 13-16HP GX270/GX390/GX420/GX440;;;4307233.jpg;no
4307326;Filtro de Aire Papel GX270;Filtro de Aire Papel GX270;motores-4t-y-generadores;Motores 4T y generadores;partes-de-motor-4t-13-16hp-gx270gx390gx420gx440;Partes de motor 4T 13-16HP GX270/GX390/GX420/GX440;;;4307326.jpg;no
4307328;Filtro de Aire Papel GX390;Filtro de Aire Papel GX390;motores-4t-y-generadores;Motores 4T y generadores;partes-de-motor-4t-13-16hp-gx270gx390gx420gx440;Partes de motor 4T 13-16HP GX270/GX390/GX420/GX440;;;4307328.jpg;no
4310410;Junta de Carburador GX390;Junta de Carburador GX390;motores-4t-y-generadores;Motores 4T y generadores;partes-de-motor-4t-13-16hp-gx270gx390gx420gx440;Partes de motor 4T 13-16HP GX270/GX390/GX420/GX440;;;4310410.jpg;no
4310411;Junta de Filtro de Aire Junta de Filtro de Aire GX270 GX390;Junta de Filtro de Aire Junta de Filtro de Aire GX270 GX390;motores-4t-y-generadores;Motores 4T y generadores;partes-de-motor-4t-13-16hp-gx270gx390gx420gx440;Partes de motor 4T 13-16HP GX270/GX390/GX420/GX440;;;4310411.jpg;no
4310426;Junta Tapa de Inspección de Válvulas GX270 - GX390;Junta Tapa de Inspección de Válvulas GX270 - GX390;motores-4t-y-generadores;Motores 4T y generadores;partes-de-motor-4t-13-16hp-gx270gx390gx420gx440;Partes de motor 4T 13-16HP GX270/GX390/GX420/GX440;;;4310426.jpg;no
4310427;Junta de Escape Junta de Escape Triangular GX390 GX440 GX390 GX440;Junta de Escape Junta de Escape Triangular GX390 GX440 GX390 GX440;motores-4t-y-generadores;Motores 4T y generadores;partes-de-motor-4t-13-16hp-gx270gx390gx420gx440;Partes de motor 4T 13-16HP GX270/GX390/GX420/GX440;;;4310427.jpg;no
4310428;Junta de Escape GX390 - GX440;Junta de Escape GX390 - GX440;motores-4t-y-generadores;Motores 4T y generadores;partes-de-motor-4t-13-16hp-gx270gx390gx420gx440;Partes de motor 4T 13-16HP GX270/GX390/GX420/GX440;;;4310428.jpg;no
4310429;Junta Tapa Junta Tapa Junta Tapa de Cilindro de Cilindro de Cilindro GX4;Junta Tapa Junta Tapa Junta Tapa de Cilindro de Cilindro de Cilindro GX420 GX390 GX270;motores-4t-y-generadores;Motores 4T y generadores;partes-de-motor-4t-13-16hp-gx270gx390gx420gx440;Partes de motor 4T 13-16HP GX270/GX390/GX420/GX440;;;4310429.jpg;no
4310432;Junta Tapa de Cilindro GX420;Junta Tapa de Cilindro GX420;motores-4t-y-generadores;Motores 4T y generadores;partes-de-motor-4t-13-16hp-gx270gx390gx420gx440;Partes de motor 4T 13-16HP GX270/GX390/GX420/GX440;;;4310432.jpg;no
4310433;Junta Tapa de Cilindro GX440;Junta Tapa de Cilindro GX440;motores-4t-y-generadores;Motores 4T y generadores;partes-de-motor-4t-13-16hp-gx270gx390gx420gx440;Partes de motor 4T 13-16HP GX270/GX390/GX420/GX440;;;4310433.jpg;no
4310434;Kit Juntas de Motor Kit Juntas de Motor Kit Juntas de Motor Kit Juntas d;Kit Juntas de Motor Kit Juntas de Motor Kit Juntas de Motor Kit Juntas de Motor Junta de Carter GX270 GX390 GX420 GX440 GX270;motores-4t-y-generadores;Motores 4T y generadores;partes-de-motor-4t-13-16hp-gx270gx390gx420gx440;Partes de motor 4T 13-16HP GX270/GX390/GX420/GX440;;;4310434.jpg;no
4310435;Junta de Carter GX390 GX420;Junta de Carter GX390 GX420;motores-4t-y-generadores;Motores 4T y generadores;partes-de-motor-4t-13-16hp-gx270gx390gx420gx440;Partes de motor 4T 13-16HP GX270/GX390/GX420/GX440;;;4310435.jpg;no
4310436;Junta de Carter GX440;Junta de Carter GX440;motores-4t-y-generadores;Motores 4T y generadores;partes-de-motor-4t-13-16hp-gx270gx390gx420gx440;Partes de motor 4T 13-16HP GX270/GX390/GX420/GX440;;;4310436.jpg;no
4310437;Junta de Carburador GX270;Junta de Carburador GX270;motores-4t-y-generadores;Motores 4T y generadores;partes-de-motor-4t-13-16hp-gx270gx390gx420gx440;Partes de motor 4T 13-16HP GX270/GX390/GX420/GX440;;;4310437.jpg;no
4310445;Junta de Filtro de Aire Junta de Filtro de Aire GX270 GX390;Junta de Filtro de Aire Junta de Filtro de Aire GX270 GX390;motores-4t-y-generadores;Motores 4T y generadores;partes-de-motor-4t-13-16hp-gx270gx390gx420gx440;Partes de motor 4T 13-16HP GX270/GX390/GX420/GX440;;;4310445.jpg;no
4310446;Kit Juntas de Motor GX270;Kit Juntas de Motor GX270;motores-4t-y-generadores;Motores 4T y generadores;partes-de-motor-4t-13-16hp-gx270gx390gx420gx440;Partes de motor 4T 13-16HP GX270/GX390/GX420/GX440;;;4310446.jpg;no
4310447;Kit Juntas de Motor GX390;Kit Juntas de Motor GX390;motores-4t-y-generadores;Motores 4T y generadores;partes-de-motor-4t-13-16hp-gx270gx390gx420gx440;Partes de motor 4T 13-16HP GX270/GX390/GX420/GX440;;;4310447.jpg;no
4310448;Kit Juntas de Motor GX420;Kit Juntas de Motor GX420;motores-4t-y-generadores;Motores 4T y generadores;partes-de-motor-4t-13-16hp-gx270gx390gx420gx440;Partes de motor 4T 13-16HP GX270/GX390/GX420/GX440;;;4310448.jpg;no
4310449;Kit Juntas de Motor GX440;Kit Juntas de Motor GX440;motores-4t-y-generadores;Motores 4T y generadores;partes-de-motor-4t-13-16hp-gx270gx390gx420gx440;Partes de motor 4T 13-16HP GX270/GX390/GX420/GX440;;;4310449.jpg;no
4310450;Junta de Filtro de Aire GX270;Junta de Filtro de Aire GX270;motores-4t-y-generadores;Motores 4T y generadores;partes-de-motor-4t-13-16hp-gx270gx390gx420gx440;Partes de motor 4T 13-16HP GX270/GX390/GX420/GX440;;;4310450.jpg;no
4314801;Tanque de combustible / tapa — Motor 13 HP 15 HP Hp 16 HP Gx270 Gx390 Gx420 Gx440;Tanque Combustible · Motor 13 hp;motores-4t-y-generadores;Motores 4T y generadores;partes-de-motor-4t-13-16hp-gx270gx390gx420gx440;Partes de motor 4T 13-16HP GX270/GX390/GX420/GX440;;;4314801.jpg;no
4314803;Tanque de combustible / tapa — Motor 13 HP 15 HP Hp 16 HP Gx270 Gx390 Gx420 Gx440;Tapa de Combustible (plástica);motores-4t-y-generadores;Motores 4T y generadores;partes-de-motor-4t-13-16hp-gx270gx390gx420gx440;Partes de motor 4T 13-16HP GX270/GX390/GX420/GX440;;;4314803.jpg;no
4314804;Tanque de combustible / tapa — Motor 13 HP 15 HP Hp 16 HP Gx270 Gx390 Gx420 Gx440;Tapa de Combustible (plástica);motores-4t-y-generadores;Motores 4T y generadores;partes-de-motor-4t-13-16hp-gx270gx390gx420gx440;Partes de motor 4T 13-16HP GX270/GX390/GX420/GX440;;;4314804.jpg;no
4315243;Carburador Sistema de Arranque GX390 GX270;Carburador Sistema de Arranque GX390 GX270;motores-4t-y-generadores;Motores 4T y generadores;partes-de-motor-4t-13-16hp-gx270gx390gx420gx440;Partes de motor 4T 13-16HP GX270/GX390/GX420/GX440;;;4315243.jpg;no
4315270;Manija de Arranque;Manija de Arranque;motores-4t-y-generadores;Motores 4T y generadores;partes-de-motor-4t-13-16hp-gx270gx390gx420gx440;Partes de motor 4T 13-16HP GX270/GX390/GX420/GX440;;;4315270.jpg;no
4315275;Sistema de Arranque Polea de Arranque GX390 GX440 GX390 GX440;Sistema de Arranque Polea de Arranque GX390 GX440 GX390 GX440;motores-4t-y-generadores;Motores 4T y generadores;partes-de-motor-4t-13-16hp-gx270gx390gx420gx440;Partes de motor 4T 13-16HP GX270/GX390/GX420/GX440;;;4315275.jpg;no
4315280;Resorte de Arranque GX390 GX440;Resorte de Arranque GX390 GX440;motores-4t-y-generadores;Motores 4T y generadores;partes-de-motor-4t-13-16hp-gx270gx390gx420gx440;Partes de motor 4T 13-16HP GX270/GX390/GX420/GX440;;;4315280.jpg;no
4320010;Conducto Amplificador Switch (3 cables) Switch (2 cables) GX270 GX390 GX;Conducto Amplificador Switch (3 cables) Switch (2 cables) GX270 GX390 GX440 GX270 GX390 GX440 GX270 GX390 GX440;motores-4t-y-generadores;Motores 4T y generadores;partes-de-motor-4t-13-16hp-gx270gx390gx420gx440;Partes de motor 4T 13-16HP GX270/GX390/GX420/GX440;;;4320010.jpg;no
4320011;Switch (1 cable) GX270 GX390 GX440;Switch (1 cable) GX270 GX390 GX440;motores-4t-y-generadores;Motores 4T y generadores;partes-de-motor-4t-13-16hp-gx270gx390gx420gx440;Partes de motor 4T 13-16HP GX270/GX390/GX420/GX440;;;4320011.jpg;no
4320012;Switch (3 cables) GX270 - GX390 - GX440;Switch (3 cables) GX270 - GX390 - GX440;motores-4t-y-generadores;Motores 4T y generadores;partes-de-motor-4t-13-16hp-gx270gx390gx420gx440;Partes de motor 4T 13-16HP GX270/GX390/GX420/GX440;;;4320012.jpg;no
4320581;Biela GX390;Biela GX390;motores-4t-y-generadores;Motores 4T y generadores;partes-de-motor-4t-13-16hp-gx270gx390gx420gx440;Partes de motor 4T 13-16HP GX270/GX390/GX420/GX440;;;4320581.jpg;no
4320582;Conjunto Aros Conjunto Aros Conjunto Aros Conjunto Aros Biela de Pistón;Conjunto Aros Conjunto Aros Conjunto Aros Conjunto Aros Biela de Pistón de Pistón de Pistón de Pistón GX270 GX270 GX390 GX420 GX440;motores-4t-y-generadores;Motores 4T y generadores;partes-de-motor-4t-13-16hp-gx270gx390gx420gx440;Partes de motor 4T 13-16HP GX270/GX390/GX420/GX440;;;4320582.jpg;no
4320583;Biela GX420;Biela GX420;motores-4t-y-generadores;Motores 4T y generadores;partes-de-motor-4t-13-16hp-gx270gx390gx420gx440;Partes de motor 4T 13-16HP GX270/GX390/GX420/GX440;;;;no
4320584;Cigüeñal Biela Cigüeñal (25mm) GX440 ( mm) GX390 GX270;Cigüeñal Biela Cigüeñal (25mm) GX440 ( mm) GX390 GX270;motores-4t-y-generadores;Motores 4T y generadores;partes-de-motor-4t-13-16hp-gx270gx390gx420gx440;Partes de motor 4T 13-16HP GX270/GX390/GX420/GX440;;25mm;;no
4320591;Perno de Tapa de Inspección de Válvulas GX270 - GX390;Perno de Tapa de Inspección de Válvulas GX270 - GX390;motores-4t-y-generadores;Motores 4T y generadores;partes-de-motor-4t-13-16hp-gx270gx390gx420gx440;Partes de motor 4T 13-16HP GX270/GX390/GX420/GX440;;;4320591.jpg;no
4320592;Manguera de Gaseador GX270 GX390;Manguera de Gaseador GX270 GX390;motores-4t-y-generadores;Motores 4T y generadores;partes-de-motor-4t-13-16hp-gx270gx390gx420gx440;Partes de motor 4T 13-16HP GX270/GX390/GX420/GX440;;;4320592.jpg;no
4320593;Junta Tapa de Tapa de Inspección Perno de Tapa de Inspección de Válvulas;Junta Tapa de Tapa de Inspección Perno de Tapa de Inspección de Válvulas de Válvulas Inspección de Válvulas GX270 GX390 GX270 GX390 GX270 GX390;motores-4t-y-generadores;Motores 4T y generadores;partes-de-motor-4t-13-16hp-gx270gx390gx420gx440;Partes de motor 4T 13-16HP GX270/GX390/GX420/GX440;;;4320593.jpg;no
4320594;Balancín Completo GX270 - GX390;Balancín Completo GX270 - GX390;motores-4t-y-generadores;Motores 4T y generadores;partes-de-motor-4t-13-16hp-gx270gx390gx420gx440;Partes de motor 4T 13-16HP GX270/GX390/GX420/GX440;;;4320594.jpg;no
4320595;Asiento de Resorte Balancín Completo Resorte de Válvulas Resorte de Válv;Asiento de Resorte Balancín Completo Resorte de Válvulas Resorte de Válvulas Varilla de Válvulas de Válvulas GX270 GX390 GX270 GX390 GX390 GX440 GX270 GX390 GX270 GX390;motores-4t-y-generadores;Motores 4T y generadores;partes-de-motor-4t-13-16hp-gx270gx390gx420gx440;Partes de motor 4T 13-16HP GX270/GX390/GX420/GX440;;;4320595.jpg;no
4320596;Varilla de Válvulas GX390 GX440;Varilla de Válvulas GX390 GX440;motores-4t-y-generadores;Motores 4T y generadores;partes-de-motor-4t-13-16hp-gx270gx390gx420gx440;Partes de motor 4T 13-16HP GX270/GX390/GX420/GX440;;;4320596.jpg;no
4320598;Tope de Válvula GX270 GX390;Tope de Válvula GX270 GX390;motores-4t-y-generadores;Motores 4T y generadores;partes-de-motor-4t-13-16hp-gx270gx390gx420gx440;Partes de motor 4T 13-16HP GX270/GX390/GX420/GX440;;;4320598.jpg;no
4320599;Seguro de Válvula de Admisión GX270 GX390;Seguro de Válvula de Admisión GX270 GX390;motores-4t-y-generadores;Motores 4T y generadores;partes-de-motor-4t-13-16hp-gx270gx390gx420gx440;Partes de motor 4T 13-16HP GX270/GX390/GX420/GX440;;;4320599.jpg;no
4320601;Asiento de Resorte de Válvulas GX270 - GX390;Asiento de Resorte de Válvulas GX270 - GX390;motores-4t-y-generadores;Motores 4T y generadores;partes-de-motor-4t-13-16hp-gx270gx390gx420gx440;Partes de motor 4T 13-16HP GX270/GX390/GX420/GX440;;;4320601.jpg;no
4320602;Resorte de Válvulas GX270 - GX390;Resorte de Válvulas GX270 - GX390;motores-4t-y-generadores;Motores 4T y generadores;partes-de-motor-4t-13-16hp-gx270gx390gx420gx440;Partes de motor 4T 13-16HP GX270/GX390/GX420/GX440;;;4320602.jpg;no
4320603;Retén de Válvulas GX270 GX390;Retén de Válvulas GX270 GX390;motores-4t-y-generadores;Motores 4T y generadores;partes-de-motor-4t-13-16hp-gx270gx390gx420gx440;Partes de motor 4T 13-16HP GX270/GX390/GX420/GX440;;;4320603.jpg;no
4320604;Escape con Codo GX270;Escape con Codo GX270;motores-4t-y-generadores;Motores 4T y generadores;partes-de-motor-4t-13-16hp-gx270gx390gx420gx440;Partes de motor 4T 13-16HP GX270/GX390/GX420/GX440;;;4320604.jpg;no
4320605;Codo de Escape GX270 - GX390;Codo de Escape GX270 - GX390;motores-4t-y-generadores;Motores 4T y generadores;partes-de-motor-4t-13-16hp-gx270gx390gx420gx440;Partes de motor 4T 13-16HP GX270/GX390/GX420/GX440;;;4320605.jpg;no
4320606;Conjunto Válvulas Admisión y Escape GX270;Conjunto Válvulas Admisión y Escape GX270;motores-4t-y-generadores;Motores 4T y generadores;partes-de-motor-4t-13-16hp-gx270gx390gx420gx440;Partes de motor 4T 13-16HP GX270/GX390/GX420/GX440;;;4320606.jpg;no
4320607;Conjunto Válvulas Admisión y Escape GX390;Conjunto Válvulas Admisión y Escape GX390;motores-4t-y-generadores;Motores 4T y generadores;partes-de-motor-4t-13-16hp-gx270gx390gx420gx440;Partes de motor 4T 13-16HP GX270/GX390/GX420/GX440;;;4320607.jpg;no
4320608;Conjunto Válvulas Admisión y Escape GX420;Conjunto Válvulas Admisión y Escape GX420;motores-4t-y-generadores;Motores 4T y generadores;partes-de-motor-4t-13-16hp-gx270gx390gx420gx440;Partes de motor 4T 13-16HP GX270/GX390/GX420/GX440;;;4320608.jpg;no
4320609;Conjunto Válvulas Admisión y Escape GX440;Conjunto Válvulas Admisión y Escape GX440;motores-4t-y-generadores;Motores 4T y generadores;partes-de-motor-4t-13-16hp-gx270gx390gx420gx440;Partes de motor 4T 13-16HP GX270/GX390/GX420/GX440;;;4320609.jpg;no
4320610;Elevador de Válvula GX270 - GX390 - GX440;Elevador de Válvula GX270 - GX390 - GX440;motores-4t-y-generadores;Motores 4T y generadores;partes-de-motor-4t-13-16hp-gx270gx390gx420gx440;Partes de motor 4T 13-16HP GX270/GX390/GX420/GX440;;;4320610.jpg;no
4320611;Elevador de Válvula Suplemento GX270 GX390 GX440 Posición de Tapa GX270;Elevador de Válvula Suplemento GX270 GX390 GX440 Posición de Tapa GX270 GX390 GX440;motores-4t-y-generadores;Motores 4T y generadores;partes-de-motor-4t-13-16hp-gx270gx390gx420gx440;Partes de motor 4T 13-16HP GX270/GX390/GX420/GX440;;;4320611.jpg;no
4320612;Ruleman 6207 Cigüeñal GX270 GX390 GX440;Ruleman 6207 Cigüeñal GX270 GX390 GX440;motores-4t-y-generadores;Motores 4T y generadores;partes-de-motor-4t-13-16hp-gx270gx390gx420gx440;Partes de motor 4T 13-16HP GX270/GX390/GX420/GX440;;;4320612.jpg;no
4320613;Ruleman 6202 Cigüeñal GX270 - GX390 - GX440;Ruleman 6202 Cigüeñal GX270 - GX390 - GX440;motores-4t-y-generadores;Motores 4T y generadores;partes-de-motor-4t-13-16hp-gx270gx390gx420gx440;Partes de motor 4T 13-16HP GX270/GX390/GX420/GX440;;;4320613.jpg;no
4320614;Sensor de Aceite GX390 - GX440;Sensor de Aceite GX390 - GX440;motores-4t-y-generadores;Motores 4T y generadores;partes-de-motor-4t-13-16hp-gx270gx390gx420gx440;Partes de motor 4T 13-16HP GX270/GX390/GX420/GX440;;;4320614.jpg;no
4320615;Conducto Amplificador GX270 - GX390 - GX440;Conducto Amplificador GX270 - GX390 - GX440;motores-4t-y-generadores;Motores 4T y generadores;partes-de-motor-4t-13-16hp-gx270gx390gx420gx440;Partes de motor 4T 13-16HP GX270/GX390/GX420/GX440;;;4320615.jpg;no
4320619;Ruleman 6202 Arbol de Levas Cigüeñal (hierro nitrurado) GX270 GX390 GX44;Ruleman 6202 Arbol de Levas Cigüeñal (hierro nitrurado) GX270 GX390 GX440 GX390;motores-4t-y-generadores;Motores 4T y generadores;partes-de-motor-4t-13-16hp-gx270gx390gx420gx440;Partes de motor 4T 13-16HP GX270/GX390/GX420/GX440;;;4320619.jpg;no
4320620;Balanceador GX390 GX440;Balanceador GX390 GX440;motores-4t-y-generadores;Motores 4T y generadores;partes-de-motor-4t-13-16hp-gx270gx390gx420gx440;Partes de motor 4T 13-16HP GX270/GX390/GX420/GX440;;;4320620.jpg;no
4320621;Engranaje Gobernador GX270;Engranaje Gobernador GX270;motores-4t-y-generadores;Motores 4T y generadores;partes-de-motor-4t-13-16hp-gx270gx390gx420gx440;Partes de motor 4T 13-16HP GX270/GX390/GX420/GX440;;;4320621.jpg;no
4320622;Engranaje Gobernador GX390 GX440;Engranaje Gobernador GX390 GX440;motores-4t-y-generadores;Motores 4T y generadores;partes-de-motor-4t-13-16hp-gx270gx390gx420gx440;Partes de motor 4T 13-16HP GX270/GX390/GX420/GX440;;;4320622.jpg;no
4320623;Varilla Nivel de Aceite GX270 - GX390 - GX440;Varilla Nivel de Aceite GX270 - GX390 - GX440;motores-4t-y-generadores;Motores 4T y generadores;partes-de-motor-4t-13-16hp-gx270gx390gx420gx440;Partes de motor 4T 13-16HP GX270/GX390/GX420/GX440;;;4320623.jpg;no
4320624;Reten de Cigüeñal GX270 GX390 GX440;Reten de Cigüeñal GX270 GX390 GX440;motores-4t-y-generadores;Motores 4T y generadores;partes-de-motor-4t-13-16hp-gx270gx390gx420gx440;Partes de motor 4T 13-16HP GX270/GX390/GX420/GX440;;;4320624.jpg;no
4320625;Block GX390;Block GX390;motores-4t-y-generadores;Motores 4T y generadores;partes-de-motor-4t-13-16hp-gx270gx390gx420gx440;Partes de motor 4T 13-16HP GX270/GX390/GX420/GX440;;;4320625.jpg;no
4320626;Volante (arranque manual) GX390 - GX440;Volante (arranque manual) GX390 - GX440;motores-4t-y-generadores;Motores 4T y generadores;partes-de-motor-4t-13-16hp-gx270gx390gx420gx440;Partes de motor 4T 13-16HP GX270/GX390/GX420/GX440;;;4320626.jpg;no
4320627;Ventilador de Volante GX270;Ventilador de Volante GX270;motores-4t-y-generadores;Motores 4T y generadores;partes-de-motor-4t-13-16hp-gx270gx390gx420gx440;Partes de motor 4T 13-16HP GX270/GX390/GX420/GX440;;;4320627.jpg;no
4320628;Motor de Arranque Relay de Arranque Volante Ventilador de Volante Ventil;Motor de Arranque Relay de Arranque Volante Ventilador de Volante Ventilador de Volante Simil Honda GX390 GX270 GX390 GX440 (arranque manual) GX270 GX390 GX440 OHV 13 Hp GX390 GX440;motores-4t-y-generadores;Motores 4T y generadores;partes-de-motor-4t-13-16hp-gx270gx390gx420gx440;Partes de motor 4T 13-16HP GX270/GX390/GX420/GX440;Honda;;4320628.jpg;no
4320629;Cobertor de Volante GX390 GX440;Cobertor de Volante GX390 GX440;motores-4t-y-generadores;Motores 4T y generadores;partes-de-motor-4t-13-16hp-gx270gx390gx420gx440;Partes de motor 4T 13-16HP GX270/GX390/GX420/GX440;;;4320629.jpg;no
4320633;Partes — Motor 13 HP 15 HP Hp 16 HP Gx270 Gx390 Gx420 Gx440;Kit Resortes del Gobernador · GX390;motores-4t-y-generadores;Motores 4T y generadores;partes-de-motor-4t-13-16hp-gx270gx390gx420gx440;Partes de motor 4T 13-16HP GX270/GX390/GX420/GX440;;;4320633.jpg;no
4320634;Partes — Motor 13 HP 15 HP Hp 16 HP Gx270 Gx390 Gx420 Gx440;Eje del Brazo Gobernador · GX390 - GX440;motores-4t-y-generadores;Motores 4T y generadores;partes-de-motor-4t-13-16hp-gx270gx390gx420gx440;Partes de motor 4T 13-16HP GX270/GX390/GX420/GX440;;;4320634.jpg;no
4320635;Reten de Gobernador GX390 GX440;Reten de Gobernador GX390 GX440;motores-4t-y-generadores;Motores 4T y generadores;partes-de-motor-4t-13-16hp-gx270gx390gx420gx440;Partes de motor 4T 13-16HP GX270/GX390/GX420/GX440;;;4320635.jpg;no
4320636;Partes — Motor 13 HP 15 HP Hp 16 HP Gx270 Gx390 Gx420 Gx440;Brazo del Gobernador · GX390 - GX440;motores-4t-y-generadores;Motores 4T y generadores;partes-de-motor-4t-13-16hp-gx270gx390gx420gx440;Partes de motor 4T 13-16HP GX270/GX390/GX420/GX440;;;4320636.jpg;no
4320640;Sensor de Aceite Kit Resortes GX390 GX440 del Gobernador GX270 GX390 GX4;Sensor de Aceite Kit Resortes GX390 GX440 del Gobernador GX270 GX390 GX440;motores-4t-y-generadores;Motores 4T y generadores;partes-de-motor-4t-13-16hp-gx270gx390gx420gx440;Partes de motor 4T 13-16HP GX270/GX390/GX420/GX440;;;4320640.jpg;no
4320641;Resorte de Válvulas GX390 - GX440;Resorte de Válvulas GX390 - GX440;motores-4t-y-generadores;Motores 4T y generadores;partes-de-motor-4t-13-16hp-gx270gx390gx420gx440;Partes de motor 4T 13-16HP GX270/GX390/GX420/GX440;;;4320641.jpg;no
4320642;Brida de Admisión Brida de Admisión GX270 GX390;Brida de Admisión Brida de Admisión GX270 GX390;motores-4t-y-generadores;Motores 4T y generadores;partes-de-motor-4t-13-16hp-gx270gx390gx420gx440;Partes de motor 4T 13-16HP GX270/GX390/GX420/GX440;;;4320642.jpg;no
4320643;Brida de Admisión GX390;Brida de Admisión GX390;motores-4t-y-generadores;Motores 4T y generadores;partes-de-motor-4t-13-16hp-gx270gx390gx420gx440;Partes de motor 4T 13-16HP GX270/GX390/GX420/GX440;;;4320643.jpg;no
4320644;Relay de Arranque GX270 - GX390 - GX440;Relay de Arranque GX270 - GX390 - GX440;motores-4t-y-generadores;Motores 4T y generadores;partes-de-motor-4t-13-16hp-gx270gx390gx420gx440;Partes de motor 4T 13-16HP GX270/GX390/GX420/GX440;;;4320644.jpg;no
4320662;Escape con Codo GX390 - GX440;Escape con Codo GX390 - GX440;motores-4t-y-generadores;Motores 4T y generadores;partes-de-motor-4t-13-16hp-gx270gx390gx420gx440;Partes de motor 4T 13-16HP GX270/GX390/GX420/GX440;;;4320662.jpg;no
4322094;Cigüeñal (--mm) GX270;Cigüeñal (--mm) GX270;motores-4t-y-generadores;Motores 4T y generadores;partes-de-motor-4t-13-16hp-gx270gx390gx420gx440;Partes de motor 4T 13-16HP GX270/GX390/GX420/GX440;;;4322094.jpg;no
4322095;Cigüeñal (25mm) GX390;Cigüeñal (25mm) GX390;motores-4t-y-generadores;Motores 4T y generadores;partes-de-motor-4t-13-16hp-gx270gx390gx420gx440;Partes de motor 4T 13-16HP GX270/GX390/GX420/GX440;;;4322095.jpg;no
4322096;Cigüeñal ( mm) GX420;Cigüeñal ( mm) GX420;motores-4t-y-generadores;Motores 4T y generadores;partes-de-motor-4t-13-16hp-gx270gx390gx420gx440;Partes de motor 4T 13-16HP GX270/GX390/GX420/GX440;;;4322096.jpg;no
4322097;Cigüeñal ( mm) GX440;Cigüeñal ( mm) GX440;motores-4t-y-generadores;Motores 4T y generadores;partes-de-motor-4t-13-16hp-gx270gx390gx420gx440;Partes de motor 4T 13-16HP GX270/GX390/GX420/GX440;;;4322097.jpg;no
4324100;Capuchón de Bujía · GX270/GX390/GX440;Varilla Nivel de Aceite Capuchón de Bujia GX270 GX390 GX440 GX270 GX390 GX440;motores-4t-y-generadores;Motores 4T y generadores;partes-de-motor-4t-13-16hp-gx270gx390gx420gx440;Partes de motor 4T 13-16HP GX270/GX390/GX420/GX440;;;4324100.jpg;no
4324102;Bobina de Alta GX270 GX390 GX440;Bobina de Alta GX270 GX390 GX440;motores-4t-y-generadores;Motores 4T y generadores;partes-de-motor-4t-13-16hp-gx270gx390gx420gx440;Partes de motor 4T 13-16HP GX270/GX390/GX420/GX440;;;4324102.jpg;no
4325314;Motor de Arranque Simil Honda GX240 OHV 8 Hp;Motor de Arranque Simil Honda GX240 OHV 8 Hp;motores-4t-y-generadores;Motores 4T y generadores;partes-de-motor-4t-13-16hp-gx270gx390gx420gx440;Partes de motor 4T 13-16HP GX270/GX390/GX420/GX440;Honda;;4325314.jpg;no
4302902;Carburador GX160 GX200 GX210;Carburador GX160 GX200 GX210;motores-4t-y-generadores;Motores 4T y generadores;partes-de-motor-4t-55-65hp-gx160gx200;Partes de motor 4T 5.5-6.5HP GX160/GX200;;;4302902.jpg;no
4303120;Conjunto Tapa de Cilindro Completa GX160;Conjunto Tapa de Cilindro Completa GX160;motores-4t-y-generadores;Motores 4T y generadores;partes-de-motor-4t-55-65hp-gx160gx200;Partes de motor 4T 5.5-6.5HP GX160/GX200;;;4303120.jpg;no
4303121;Conjunto Tapa de Cilindro Completa GX200;Conjunto Tapa de Cilindro Completa GX200;motores-4t-y-generadores;Motores 4T y generadores;partes-de-motor-4t-55-65hp-gx160gx200;Partes de motor 4T 5.5-6.5HP GX160/GX200;;;4303121.jpg;no
4303122;Conjunto Tapa de Cilindro Completa GX210;Conjunto Tapa de Cilindro Completa GX210;motores-4t-y-generadores;Motores 4T y generadores;partes-de-motor-4t-55-65hp-gx160gx200;Partes de motor 4T 5.5-6.5HP GX160/GX200;;;4303122.jpg;no
4304055;Kit de Pistón GX160;Kit de Pistón GX160;motores-4t-y-generadores;Motores 4T y generadores;partes-de-motor-4t-55-65hp-gx160gx200;Partes de motor 4T 5.5-6.5HP GX160/GX200;;;4304055.jpg;no
4304057;Kit de Pistón GX200;Kit de Pistón GX200;motores-4t-y-generadores;Motores 4T y generadores;partes-de-motor-4t-55-65hp-gx160gx200;Partes de motor 4T 5.5-6.5HP GX160/GX200;;;4304057.jpg;no
4305040;Aros de Pistón GX160;Aros de Pistón GX160;motores-4t-y-generadores;Motores 4T y generadores;partes-de-motor-4t-55-65hp-gx160gx200;Partes de motor 4T 5.5-6.5HP GX160/GX200;;;4305040.jpg;no
4305045;Aros de Pistón GX200;Aros de Pistón GX200;motores-4t-y-generadores;Motores 4T y generadores;partes-de-motor-4t-55-65hp-gx160gx200;Partes de motor 4T 5.5-6.5HP GX160/GX200;;;4305045.jpg;no
4307228;Caja Filtro de Aire Completa (esponja) GX160 GX200;Caja Filtro de Aire Completa (esponja) GX160 GX200;motores-4t-y-generadores;Motores 4T y generadores;partes-de-motor-4t-55-65hp-gx160gx200;Partes de motor 4T 5.5-6.5HP GX160/GX200;;;4307228.jpg;no
4307229;Caja Filtro de Aire Completa (papel) GX160 GX200;Caja Filtro de Aire Completa (papel) GX160 GX200;motores-4t-y-generadores;Motores 4T y generadores;partes-de-motor-4t-55-65hp-gx160gx200;Partes de motor 4T 5.5-6.5HP GX160/GX200;;;4307229.jpg;no
4307230;Caja Filtro de Aire Completa (aceite) GX160 GX200;Caja Filtro de Aire Completa (aceite) GX160 GX200;motores-4t-y-generadores;Motores 4T y generadores;partes-de-motor-4t-55-65hp-gx160gx200;Partes de motor 4T 5.5-6.5HP GX160/GX200;;;4307230.jpg;no
4307231;Filtro de Aire (esponja) GX160 GX200;Filtro de Aire (esponja) GX160 GX200;motores-4t-y-generadores;Motores 4T y generadores;partes-de-motor-4t-55-65hp-gx160gx200;Partes de motor 4T 5.5-6.5HP GX160/GX200;;;4307231.jpg;no
4307232;Filtro de Combustible GX160 GX200;Filtro de Combustible GX160 GX200;motores-4t-y-generadores;Motores 4T y generadores;partes-de-motor-4t-55-65hp-gx160gx200;Partes de motor 4T 5.5-6.5HP GX160/GX200;;;4307232.jpg;no
4307327;Filtro de Aire (papel) GX160 GX200;Filtro de Aire (papel) GX160 GX200;motores-4t-y-generadores;Motores 4T y generadores;partes-de-motor-4t-55-65hp-gx160gx200;Partes de motor 4T 5.5-6.5HP GX160/GX200;;;4307327.jpg;no
4310405;Junta de Carburador GX160 GX200;Junta de Carburador GX160 GX200;motores-4t-y-generadores;Motores 4T y generadores;partes-de-motor-4t-55-65hp-gx160gx200;Partes de motor 4T 5.5-6.5HP GX160/GX200;;;4310405.jpg;no
4310406;Junta Filtro de Aire GX160 GX200;Junta Filtro de Aire GX160 GX200;motores-4t-y-generadores;Motores 4T y generadores;partes-de-motor-4t-55-65hp-gx160gx200;Partes de motor 4T 5.5-6.5HP GX160/GX200;;;4310406.jpg;no
4310407;Junta Filtro de Aire GX160 GX200;Junta Filtro de Aire GX160 GX200;motores-4t-y-generadores;Motores 4T y generadores;partes-de-motor-4t-55-65hp-gx160gx200;Partes de motor 4T 5.5-6.5HP GX160/GX200;;;4310407.jpg;no
4310409;Junta Tapa de Válvulas GX160 GX200;Junta Tapa de Válvulas GX160 GX200;motores-4t-y-generadores;Motores 4T y generadores;partes-de-motor-4t-55-65hp-gx160gx200;Partes de motor 4T 5.5-6.5HP GX160/GX200;;;4310409.jpg;no
4310418;Junta de Carter GX160;Junta de Carter GX160;motores-4t-y-generadores;Motores 4T y generadores;partes-de-motor-4t-55-65hp-gx160gx200;Partes de motor 4T 5.5-6.5HP GX160/GX200;;;4310418.jpg;no
4310438;Kit Juntas Completo GX160;Kit Juntas Completo GX160;motores-4t-y-generadores;Motores 4T y generadores;partes-de-motor-4t-55-65hp-gx160gx200;Partes de motor 4T 5.5-6.5HP GX160/GX200;;;4310438.jpg;no
4310439;Kit Juntas Completo GX200;Kit Juntas Completo GX200;motores-4t-y-generadores;Motores 4T y generadores;partes-de-motor-4t-55-65hp-gx160gx200;Partes de motor 4T 5.5-6.5HP GX160/GX200;;;4310439.jpg;no
4310443;Junta Tapa de Cilindro GX160;Junta Tapa de Cilindro GX160;motores-4t-y-generadores;Motores 4T y generadores;partes-de-motor-4t-55-65hp-gx160gx200;Partes de motor 4T 5.5-6.5HP GX160/GX200;;;4310443.jpg;no
4310452;Junta de Escape GX160 GX200;Junta de Escape GX160 GX200;motores-4t-y-generadores;Motores 4T y generadores;partes-de-motor-4t-55-65hp-gx160gx200;Partes de motor 4T 5.5-6.5HP GX160/GX200;;;4310452.jpg;no
4310453;Junta Tapa de Cilindro GX200;Junta Tapa de Cilindro GX200;motores-4t-y-generadores;Motores 4T y generadores;partes-de-motor-4t-55-65hp-gx160gx200;Partes de motor 4T 5.5-6.5HP GX160/GX200;;;4310453.jpg;no
4310454;Junta de Carter GX200;Junta de Carter GX200;motores-4t-y-generadores;Motores 4T y generadores;partes-de-motor-4t-55-65hp-gx160gx200;Partes de motor 4T 5.5-6.5HP GX160/GX200;;;4310454.jpg;no
4313767;Engranaje Gobernador GX160 GX200;Engranaje Gobernador GX160 GX200;motores-4t-y-generadores;Motores 4T y generadores;partes-de-motor-4t-55-65hp-gx160gx200;Partes de motor 4T 5.5-6.5HP GX160/GX200;;;4313767.jpg;no
4314800;Tanque Combustible GX160 GX200;Tanque Combustible GX160 GX200;motores-4t-y-generadores;Motores 4T y generadores;partes-de-motor-4t-55-65hp-gx160gx200;Partes de motor 4T 5.5-6.5HP GX160/GX200;;;4314800.jpg;no
4314802;Tapa de Tanque Motores OHV GX160 GX200;Tapa de Tanque Motores OHV GX160 GX200;motores-4t-y-generadores;Motores 4T y generadores;partes-de-motor-4t-55-65hp-gx160gx200;Partes de motor 4T 5.5-6.5HP GX160/GX200;;;4314802.jpg;no
4315227;Sistema de Arranque GX160 GX200;Sistema de Arranque GX160 GX200;motores-4t-y-generadores;Motores 4T y generadores;partes-de-motor-4t-55-65hp-gx160gx200;Partes de motor 4T 5.5-6.5HP GX160/GX200;;;4315227.jpg;no
4315271;Manija de Arranque GX160 GX200;Manija de Arranque GX160 GX200;motores-4t-y-generadores;Motores 4T y generadores;partes-de-motor-4t-55-65hp-gx160gx200;Partes de motor 4T 5.5-6.5HP GX160/GX200;;;4315271.jpg;no
4315272;Polea de Arranque GX160 GX200;Polea de Arranque GX160 GX200;motores-4t-y-generadores;Motores 4T y generadores;partes-de-motor-4t-55-65hp-gx160gx200;Partes de motor 4T 5.5-6.5HP GX160/GX200;;;4315272.jpg;no
4315273;Cubrevolante (arranque manual) GX160 GX200;Cubrevolante (arranque manual) GX160 GX200;motores-4t-y-generadores;Motores 4T y generadores;partes-de-motor-4t-55-65hp-gx160gx200;Partes de motor 4T 5.5-6.5HP GX160/GX200;;;4315273.jpg;no
4315274;Cubrevolante (arranque eléctrico) GX160 GX200;Cubrevolante (arranque eléctrico) GX160 GX200;motores-4t-y-generadores;Motores 4T y generadores;partes-de-motor-4t-55-65hp-gx160gx200;Partes de motor 4T 5.5-6.5HP GX160/GX200;;;4315274.jpg;no
4315281;Resorte de Arranque GX160 GX200;Resorte de Arranque GX160 GX200;motores-4t-y-generadores;Motores 4T y generadores;partes-de-motor-4t-55-65hp-gx160gx200;Partes de motor 4T 5.5-6.5HP GX160/GX200;;;4315281.jpg;no
4320580;Biela GX160;Biela GX160;motores-4t-y-generadores;Motores 4T y generadores;partes-de-motor-4t-55-65hp-gx160gx200;Partes de motor 4T 5.5-6.5HP GX160/GX200;;;4320580.jpg;no
4320587;Biela GX200;Biela GX200;motores-4t-y-generadores;Motores 4T y generadores;partes-de-motor-4t-55-65hp-gx160gx200;Partes de motor 4T 5.5-6.5HP GX160/GX200;;;4320587.jpg;no
4320588;Juego de Válvulas GX160;Juego de Válvulas GX160;motores-4t-y-generadores;Motores 4T y generadores;partes-de-motor-4t-55-65hp-gx160gx200;Partes de motor 4T 5.5-6.5HP GX160/GX200;;;4320588.jpg;no
4320589;Juego de Válvulas GX200;Juego de Válvulas GX200;motores-4t-y-generadores;Motores 4T y generadores;partes-de-motor-4t-55-65hp-gx160gx200;Partes de motor 4T 5.5-6.5HP GX160/GX200;;;4320589.jpg;no
4320645;Manguera Gaseador GX160 GX200;Manguera Gaseador GX160 GX200;motores-4t-y-generadores;Motores 4T y generadores;partes-de-motor-4t-55-65hp-gx160gx200;Partes de motor 4T 5.5-6.5HP GX160/GX200;;;4320645.jpg;no
4320646;Tapa Inspección de Válvulas GX160 GX200;Tapa Inspección de Válvulas GX160 GX200;motores-4t-y-generadores;Motores 4T y generadores;partes-de-motor-4t-55-65hp-gx160gx200;Partes de motor 4T 5.5-6.5HP GX160/GX200;;;4320646.jpg;no
4320647;Balancín Completo GX160 GX200;Balancín Completo GX160 GX200;motores-4t-y-generadores;Motores 4T y generadores;partes-de-motor-4t-55-65hp-gx160gx200;Partes de motor 4T 5.5-6.5HP GX160/GX200;;;4320647.jpg;no
4320648;Soporte de Varilla GX160 GX200;Soporte de Varilla GX160 GX200;motores-4t-y-generadores;Motores 4T y generadores;partes-de-motor-4t-55-65hp-gx160gx200;Partes de motor 4T 5.5-6.5HP GX160/GX200;;;4320648.jpg;no
4320649;Tope de Válvula GX160 GX200;Tope de Válvula GX160 GX200;motores-4t-y-generadores;Motores 4T y generadores;partes-de-motor-4t-55-65hp-gx160gx200;Partes de motor 4T 5.5-6.5HP GX160/GX200;;;4320649.jpg;no
4320650;Seguro de Válvula de Admisión GX160 GX200;Seguro de Válvula de Admisión GX160 GX200;motores-4t-y-generadores;Motores 4T y generadores;partes-de-motor-4t-55-65hp-gx160gx200;Partes de motor 4T 5.5-6.5HP GX160/GX200;;;4320650.jpg;no
4320651;Seguro de Válvula de Escape GX160 GX200;Seguro de Válvula de Escape GX160 GX200;motores-4t-y-generadores;Motores 4T y generadores;partes-de-motor-4t-55-65hp-gx160gx200;Partes de motor 4T 5.5-6.5HP GX160/GX200;;;4320651.jpg;no
4320652;Resorte de Válvula GX160 GX200;Resorte de Válvula GX160 GX200;motores-4t-y-generadores;Motores 4T y generadores;partes-de-motor-4t-55-65hp-gx160gx200;Partes de motor 4T 5.5-6.5HP GX160/GX200;;;4320652.jpg;no
4320653;Retén de Válvula GX160 GX200;Retén de Válvula GX160 GX200;motores-4t-y-generadores;Motores 4T y generadores;partes-de-motor-4t-55-65hp-gx160gx200;Partes de motor 4T 5.5-6.5HP GX160/GX200;;;4320653.jpg;no
4320654;Espárragos de Escape GX160 GX200;Espárragos de Escape GX160 GX200;motores-4t-y-generadores;Motores 4T y generadores;partes-de-motor-4t-55-65hp-gx160gx200;Partes de motor 4T 5.5-6.5HP GX160/GX200;;;4320654.jpg;no
4320655;Juego de Varillas GX160 GX200;Juego de Varillas GX160 GX200;motores-4t-y-generadores;Motores 4T y generadores;partes-de-motor-4t-55-65hp-gx160gx200;Partes de motor 4T 5.5-6.5HP GX160/GX200;;;4320655.jpg;no
4320656;Elevador de Válvulas GX160;Elevador de Válvulas GX160;motores-4t-y-generadores;Motores 4T y generadores;partes-de-motor-4t-55-65hp-gx160gx200;Partes de motor 4T 5.5-6.5HP GX160/GX200;;;4320656.jpg;no
4320657;Elevador de Válvulas GX200;Elevador de Válvulas GX200;motores-4t-y-generadores;Motores 4T y generadores;partes-de-motor-4t-55-65hp-gx160gx200;Partes de motor 4T 5.5-6.5HP GX160/GX200;;;4320657.jpg;no
4320658;Rulemán de Cigüeñal (6205) GX160 GX200;Rulemán de Cigüeñal (6205) GX160 GX200;motores-4t-y-generadores;Motores 4T y generadores;partes-de-motor-4t-55-65hp-gx160gx200;Partes de motor 4T 5.5-6.5HP GX160/GX200;;;4320658.jpg;no
4320659;Sensor de Aceite GX160 GX200;Sensor de Aceite GX160 GX200;motores-4t-y-generadores;Motores 4T y generadores;partes-de-motor-4t-55-65hp-gx160gx200;Partes de motor 4T 5.5-6.5HP GX160/GX200;;;4320659.jpg;no
4320660;Árbol de Levas (teflón) GX160 GX200;Árbol de Levas (teflón) GX160 GX200;motores-4t-y-generadores;Motores 4T y generadores;partes-de-motor-4t-55-65hp-gx160gx200;Partes de motor 4T 5.5-6.5HP GX160/GX200;;;4320660.jpg;no
4320661;Árbol de Levas (metálico) GX160 GX200;Árbol de Levas (metálico) GX160 GX200;motores-4t-y-generadores;Motores 4T y generadores;partes-de-motor-4t-55-65hp-gx160gx200;Partes de motor 4T 5.5-6.5HP GX160/GX200;;;4320661.jpg;no
4320665;Varilla Nivel de Aceite GX160 GX200;Varilla Nivel de Aceite GX160 GX200;motores-4t-y-generadores;Motores 4T y generadores;partes-de-motor-4t-55-65hp-gx160gx200;Partes de motor 4T 5.5-6.5HP GX160/GX200;;;4320665.jpg;no
4320666;Retén de Aceite GX160 GX200;Retén de Aceite GX160 GX200;motores-4t-y-generadores;Motores 4T y generadores;partes-de-motor-4t-55-65hp-gx160gx200;Partes de motor 4T 5.5-6.5HP GX160/GX200;;;4320666.jpg;no
4320667;Block GX160 GX200;Block GX160 GX200;motores-4t-y-generadores;Motores 4T y generadores;partes-de-motor-4t-55-65hp-gx160gx200;Partes de motor 4T 5.5-6.5HP GX160/GX200;;;4320667.jpg;no
4320668;Cobertor Block GX160 GX200;Cobertor Block GX160 GX200;motores-4t-y-generadores;Motores 4T y generadores;partes-de-motor-4t-55-65hp-gx160gx200;Partes de motor 4T 5.5-6.5HP GX160/GX200;;;4320668.jpg;no
4320670;Volante (arranque manual) GX160 GX200;Volante (arranque manual) GX160 GX200;motores-4t-y-generadores;Motores 4T y generadores;partes-de-motor-4t-55-65hp-gx160gx200;Partes de motor 4T 5.5-6.5HP GX160/GX200;;;4320670.jpg;no
4320671;Ventilador de Volante GX160 GX200;Ventilador de Volante GX160 GX200;motores-4t-y-generadores;Motores 4T y generadores;partes-de-motor-4t-55-65hp-gx160gx200;Partes de motor 4T 5.5-6.5HP GX160/GX200;;;4320671.jpg;no
4320673;Kit Trinquetes (metálicos) GX160 GX390;Kit Trinquetes (metálicos) GX160 GX390;motores-4t-y-generadores;Motores 4T y generadores;partes-de-motor-4t-55-65hp-gx160gx200;Partes de motor 4T 5.5-6.5HP GX160/GX200;;;4320673.jpg;no
4320676;Resortes de Cebador GX160 GX200;Resortes de Cebador GX160 GX200;motores-4t-y-generadores;Motores 4T y generadores;partes-de-motor-4t-55-65hp-gx160gx200;Partes de motor 4T 5.5-6.5HP GX160/GX200;;;4320676.jpg;no
4320677;Soporte del Gobernador GX160 GX200;Soporte del Gobernador GX160 GX200;motores-4t-y-generadores;Motores 4T y generadores;partes-de-motor-4t-55-65hp-gx160gx200;Partes de motor 4T 5.5-6.5HP GX160/GX200;;;4320677.jpg;no
4320678;Brazo del Gobernador GX160 GX200;Brazo del Gobernador GX160 GX200;motores-4t-y-generadores;Motores 4T y generadores;partes-de-motor-4t-55-65hp-gx160gx200;Partes de motor 4T 5.5-6.5HP GX160/GX200;;;4320678.jpg;no
4320679;Eje Brazo del Gobernador GX160 GX200;Eje Brazo del Gobernador GX160 GX200;motores-4t-y-generadores;Motores 4T y generadores;partes-de-motor-4t-55-65hp-gx160gx200;Partes de motor 4T 5.5-6.5HP GX160/GX200;;;4320679.jpg;no
4320680;Brida de Admisión GX160 GX200;Brida de Admisión GX160 GX200;motores-4t-y-generadores;Motores 4T y generadores;partes-de-motor-4t-55-65hp-gx160gx200;Partes de motor 4T 5.5-6.5HP GX160/GX200;;;4320680.jpg;no
4320683;Escape GX160 GX200;Escape GX160 GX200;motores-4t-y-generadores;Motores 4T y generadores;partes-de-motor-4t-55-65hp-gx160gx200;Partes de motor 4T 5.5-6.5HP GX160/GX200;;;4320683.jpg;no
4321550;Manguera de Combustible GX160 GX200;Manguera de Combustible GX160 GX200;motores-4t-y-generadores;Motores 4T y generadores;partes-de-motor-4t-55-65hp-gx160gx200;Partes de motor 4T 5.5-6.5HP GX160/GX200;;;4321550.jpg;no
4322091;Cigüeñal (19.05mm) GX160;Cigüeñal (19.05mm) GX160;motores-4t-y-generadores;Motores 4T y generadores;partes-de-motor-4t-55-65hp-gx160gx200;Partes de motor 4T 5.5-6.5HP GX160/GX200;;19.05mm;4322091.jpg;no
4322092;Cigüeñal (20mm) GX200;Cigüeñal (20mm) GX200;motores-4t-y-generadores;Motores 4T y generadores;partes-de-motor-4t-55-65hp-gx160gx200;Partes de motor 4T 5.5-6.5HP GX160/GX200;;20mm;4322092.jpg;no
4322093;Cigüeñal ( mm) GX210;Cigüeñal ( mm) GX210;motores-4t-y-generadores;Motores 4T y generadores;partes-de-motor-4t-55-65hp-gx160gx200;Partes de motor 4T 5.5-6.5HP GX160/GX200;;;4322093.jpg;no
4325313;Motor de Arranque OHV 5,5 /6,5 Hp GX160 GX210;Motor de Arranque OHV 5,5 /6,5 Hp GX160 GX210;motores-4t-y-generadores;Motores 4T y generadores;partes-de-motor-4t-55-65hp-gx160gx200;Partes de motor 4T 5.5-6.5HP GX160/GX200;;;4325313.jpg;no
4302101;Carburador — Briggs & Stratton;Kit carburador · B&S 795477 · 3,5/4,5 hp;motores-4t-y-generadores;Motores 4T y generadores;reemplazos-briggs-stratton;Reemplazos Briggs & Stratton;Briggs & Stratton;;4302101.jpg;no
4302102;Carburador — Briggs & Stratton;Tanque completo · B&S 494406 · 3,5/4,5 hp;motores-4t-y-generadores;Motores 4T y generadores;reemplazos-briggs-stratton;Reemplazos Briggs & Stratton;Briggs & Stratton;;4302102.jpg;no
4302129;Solenoide de carburador;Solenoide de carburador para Briggs…;motores-4t-y-generadores;Motores 4T y generadores;reemplazos-briggs-stratton;Reemplazos Briggs & Stratton;Briggs & Stratton;;;no
4320013;Partes — Briggs & Stratton;Arbol De Levas · Repl B&s 793880;motores-4t-y-generadores;Motores 4T y generadores;reemplazos-briggs-stratton;Reemplazos Briggs & Stratton;Briggs & Stratton;;4320013.jpg;no
4301482;Kit de aguja de admisión Tecumseh 631021B 631021A;Kit de aguja de admisión Tecumseh 631021B 631021A;motores-4t-y-generadores;Motores 4T y generadores;reparaciones-de-carburador-kits-de-juntas;Reparaciones de carburador / Kits de juntas;Tecumseh;;4301482.png;no
4324243;Bobina de encendido lc1p96f;Bobina de encendido lc1p96f;motores-4t-y-generadores;Motores 4T y generadores;tapas-de-depositos;Tapas de depósitos;;;4324243.jpg;no
4324244;Bobina de encendido… CIGÜEÑALES;Bobina de encendido… CIGÜEÑALES;motores-4t-y-generadores;Motores 4T y generadores;tapas-de-depositos;Tapas de depósitos;;;4324244.jpg;no
2215075;];Tornillo de regulación REPL Echo CS…;motosierras;Motosierras;accesorios;Accesorios;Echo;;;no
2220042;Partes;Tuerca Hexagonal · M8*19mm;motosierras;Motosierras;accesorios;Accesorios;;;2220042.jpg;no
2220045;Partes;Mango de Lima;motosierras;Motosierras;accesorios;Accesorios;;;2220045.jpg;no
2220046;Partes;Mango de Lima;motosierras;Motosierras;accesorios;Accesorios;;;2220046.jpg;no
2220047;Partes;Mango de Lima · 2 Colores;motosierras;Motosierras;accesorios;Accesorios;;;2220047.jpg;no
2220060;Partes;Estira Cadena · St-Ms170/180 Sim;motosierras;Motosierras;accesorios;Accesorios;;;2220060.jpg;no
2220061;Partes;Estira Cadena · St-Ms170/180;motosierras;Motosierras;accesorios;Accesorios;;;2220061.jpg;no
2220062;Partes;Estira Cadena · St026/036/361;motosierras;Motosierras;accesorios;Accesorios;;;2220062.jpg;no
2220122;Manubrio Stihl MS170/180;Manubrio Stihl MS170/180;motosierras;Motosierras;accesorios;Accesorios;Stihl;;2220122.png;no
2220123;Manubrio Stihl MS230/250;Manubrio Stihl MS230/250;motosierras;Motosierras;accesorios;Accesorios;Stihl;;2220123.png;no
2220124;Manubrio Stihl MS340/360;Manubrio Stihl MS340/360;motosierras;Motosierras;accesorios;Accesorios;Stihl;;2220124.png;no
2220125;Manubrio Stihl MS341/361;Manubrio Stihl MS341/361;motosierras;Motosierras;accesorios;Accesorios;Stihl;;2220125.png;no
2220126;Manubrio Stihl MS381/382;Manubrio Stihl MS381/382;motosierras;Motosierras;accesorios;Accesorios;Stihl;;2220126.png;no
2220135;Varilla de cebador (choke) Stihl MS170/180;Varilla de cebador (choke) Stihl MS170/180;motosierras;Motosierras;accesorios;Accesorios;Stihl;;2220135.png;no
2220136;Varilla de cebador (choke) Stihl MS210/230/250;Varilla de cebador (choke) Stihl MS210/230/250;motosierras;Motosierras;accesorios;Accesorios;Stihl;;2220136.png;no
2220137;Varilla de cebador (choke) Stihl MS340/360;Varilla de cebador (choke) Stihl MS340/360;motosierras;Motosierras;accesorios;Accesorios;Stihl;;2220137.png;no
2220165;Manija de freno Stihl MS170/180;Manija de freno Stihl MS170/180;motosierras;Motosierras;accesorios;Accesorios;Stihl;;2220165.png;no
2220166;Manija de freno Stihl MS230/250;Manija de freno Stihl MS230/250;motosierras;Motosierras;accesorios;Accesorios;Stihl;;2220166.png;no
2220167;Manija de freno Stihl MS360;Manija de freno Stihl MS360;motosierras;Motosierras;accesorios;Accesorios;Stihl;;2220167.png;no
2220168;Manija de freno Stihl MS361;Manija de freno Stihl MS361;motosierras;Motosierras;accesorios;Accesorios;Stihl;;2220168.png;no
2220169;Manija de freno Stihl MS380;Manija de freno Stihl MS380;motosierras;Motosierras;accesorios;Accesorios;Stihl;;2220169.png;no
2220170;Manija de freno Stihl MS381;Manija de freno Stihl MS381;motosierras;Motosierras;accesorios;Accesorios;Stihl;;2220170.png;no
2220190;Traba giratoria larga;Traba giratoria larga;motosierras;Motosierras;accesorios;Accesorios;;;2220190.jpg;no
2220191;Traba giratoria Stihl 170/180/260/360;Traba giratoria Stihl 170/180/260/360;motosierras;Motosierras;accesorios;Accesorios;Stihl;;2220191.png;no
2220192;Traba giratoria Stihl 210/230/250/290;Traba giratoria Stihl 210/230/250/290;motosierras;Motosierras;accesorios;Accesorios;Stihl;;2220192.png;no
2220193;Traba giratoria Stihl 038/380/381/382;Traba giratoria Stihl 038/380/381/382;motosierras;Motosierras;accesorios;Accesorios;Stihl;;2220193.png;no
2220194;Traba giratoria Stihl 361/044/046/660;Traba giratoria Stihl 361/044/046/660;motosierras;Motosierras;accesorios;Accesorios;Stihl;;2220194.png;no
2220207;Kit de tornillería estándar Stihl MS170/180/250 MANGUERA DE COMBUSTIBLE;Kit de tornillería estándar Stihl MS170/180/250 MANGUERA DE COMBUSTIBLE;motosierras;Motosierras;accesorios;Accesorios;Stihl;;2220207.jpg;no
2220208;Kit de tornillería estándar Stihl MS361;Kit de tornillería estándar Stihl MS361;motosierras;Motosierras;accesorios;Accesorios;Stihl;;2220208.png;no
2220209;Kit de tornillería estándar Stihl MS038/381/382;Kit de tornillería estándar Stihl MS038/381/382;motosierras;Motosierras;accesorios;Accesorios;Stihl;;2220209.png;no
2220210;Kit de tornillería estándar Stihl MS660/661;Kit de tornillería estándar Stihl MS660/661;motosierras;Motosierras;accesorios;Accesorios;Stihl;;2220210.png;no
2291003;Cadenas;Unión de cadena · 3/8 LP 050;motosierras;Motosierras;accesorios;Accesorios;;;2291003.jpg;no
2291004;Cadenas;Unión de cadena · 325 058;motosierras;Motosierras;accesorios;Accesorios;;;2291004.jpg;no
2291005;Cadenas;Unión de cadena · 325 050;motosierras;Motosierras;accesorios;Accesorios;;;2291005.jpg;no
2291006;Cadenas;Unión de cadena · 3/8 058;motosierras;Motosierras;accesorios;Accesorios;;;2291006.jpg;no
2291007;Cadenas;Unión de cadena · 3/8 063;motosierras;Motosierras;accesorios;Accesorios;;;2291007.jpg;no
2291032;Cadenas;Rompecadena;motosierras;Motosierras;accesorios;Accesorios;;;2291032.jpg;no
2291033;Cadenas;Remachador de Cadena;motosierras;Motosierras;accesorios;Accesorios;;;2291033.jpg;no
2291122;Cadenas;"Lima Red. 5/32"" · (4.0mm)*8""(L)";motosierras;Motosierras;accesorios;Accesorios;;;2291122.jpg;no
2291123;Cadenas;"Lima Red. 3/16"" · (4.8mm)*8""(L)";motosierras;Motosierras;accesorios;Accesorios;;;2291123.jpg;no
2291124;Cadenas;"Lima Red. 7/32"" · (5.5mm)*8""(L)";motosierras;Motosierras;accesorios;Accesorios;;;2291124.jpg;no
3120977;Extractor de cuchilla 2023;Extractor de cuchilla 2023;motosierras;Motosierras;accesorios;Accesorios;;;3120977.jpg;no
2220068;Codo de admisión Stihl MS170/180;Codo de admisión Stihl MS170/180;motosierras;Motosierras;accesorios-herramientas;Accesorios / Herramientas;Stihl;;2220068.png;no
2220069;Codo de admisión Stihl MS210/230/250;Codo de admisión Stihl MS210/230/250;motosierras;Motosierras;accesorios-herramientas;Accesorios / Herramientas;Stihl;;2220069.png;no
2220070;Codo de admisión Stihl MS340/360;Codo de admisión Stihl MS340/360;motosierras;Motosierras;accesorios-herramientas;Accesorios / Herramientas;Stihl;;2220070.png;no
2220071;Codo de admisión Stihl MS361;Codo de admisión Stihl MS361;motosierras;Motosierras;accesorios-herramientas;Accesorios / Herramientas;Stihl;;2220071.png;no
2220072;Codo de admisión Stihl MS380/381;Codo de admisión Stihl MS380/381;motosierras;Motosierras;accesorios-herramientas;Accesorios / Herramientas;Stihl;;2220072.png;no
2220073;Codo de admisión Stihl MS382;Codo de admisión Stihl MS382;motosierras;Motosierras;accesorios-herramientas;Accesorios / Herramientas;Stihl;;2220073.png;no
2220080;Garra de apoyo dentada Stihl 170/180 /210/230/250;Garra de apoyo dentada Stihl 170/180 /210/230/250;motosierras;Motosierras;accesorios-herramientas;Accesorios / Herramientas;Stihl;;2220080.png;no
2220081;Garra de apoyo dentada Stihl 026/036/029/ 380/381;Garra de apoyo dentada Stihl 026/036/029/ 380/381;motosierras;Motosierras;accesorios-herramientas;Accesorios / Herramientas;Stihl;;2220081.png;no
2220091;Amortiguador anular (silentblock) Stihl MS170(1123 791 2800);Amortiguador anular (silentblock) Stihl MS170(1123 791 2800);motosierras;Motosierras;accesorios-herramientas;Accesorios / Herramientas;Stihl;;2220091.png;no
2220092;Amortiguador anular (silentblock) Stihl MS210/230/250 /290/310 (1123…;Amortiguador anular (silentblock) Stihl MS210/230/250 /290/310 (1123…;motosierras;Motosierras;accesorios-herramientas;Accesorios / Herramientas;Stihl;;2220092.png;no
2220096;Amortiguador anular (silentblock) Stihl MS341 (9022 371 1020);Amortiguador anular (silentblock) Stihl MS341 (9022 371 1020);motosierras;Motosierras;accesorios-herramientas;Accesorios / Herramientas;Stihl;;2220096.png;no
2220099;Amortiguador anular (silentblock) Stihl MS360 (1125 790 9910);Amortiguador anular (silentblock) Stihl MS360 (1125 790 9910);motosierras;Motosierras;accesorios-herramientas;Accesorios / Herramientas;Stihl;;2220099.png;no
2105024;Aro de pistón, 34 mm Stihl FS85;Aro de pistón, 34 mm Stihl FS85;motosierras;Motosierras;aros;Aros;Stihl;34 mm;https://gceymxcsmyxlzlpuzzzp.supabase.co/storage/v1/object/public/media/foto/2105024-1788970695430.webp;no
2105025;Aro de pistón, 35 mm Stihl FS120;Aro de pistón, 35 mm Stihl FS120;motosierras;Motosierras;aros;Aros;Stihl;35 mm;;no
2205020;Aros de Piston Chinas 4500 43mm;Aros de Piston Chinas 4500 43mm;motosierras;Motosierras;aros;Aros;;;2205020.jpg;no
2205021;Aros — Chinas 45cc / 52cc;Aros de Piston · Chinas 5200 (52mm);motosierras;Motosierras;aros;Aros;;;2205021.jpg;no
2205022;Aro de pistón, 37 mm Stihl MS170/017;Aro de pistón, 37 mm Stihl MS170/017;motosierras;Motosierras;aros;Aros;Stihl;37 mm;2205022.jpg;no
2205023;Aro de pistón, 38 mm Stihl MS180/018;Aro de pistón, 38 mm Stihl MS180/018;motosierras;Motosierras;aros;Aros;Stihl;38 mm;2205023.jpg;no
2205024;Aro de pistón, 40 mm Stihl MS210/021 CHINAS 38CC;Aro de pistón, 40 mm Stihl MS210/021 CHINAS 38CC;motosierras;Motosierras;aros;Aros;Stihl;40 mm | 38CC;2205024.jpg;no
2205025;Aro de pistón, 40 mm Stihl MS230/023;Aro de pistón, 40 mm Stihl MS230/023;motosierras;Motosierras;aros;Aros;Stihl;40 mm;2205025.jpg;no
2205026;Aro de pistón, 42,5 mm Stihl MS250/025;Aro de pistón, 42,5 mm Stihl MS250/025;motosierras;Motosierras;aros;Aros;Stihl;42,5 mm;2205026.jpg;no
2205027;Aro de pistón, 48 mm Stihl MS360;Aro de pistón, 48 mm Stihl MS360;motosierras;Motosierras;aros;Aros;Stihl;48 mm;2205027.png;no
2205028;Aro de pistón, 47 mm Stihl MS361;Aro de pistón, 47 mm Stihl MS361;motosierras;Motosierras;aros;Aros;Stihl;47 mm;2205028.png;no
2205029;Aro de pistón, 52 mm Stihl MS380/381;Aro de pistón, 52 mm Stihl MS380/381;motosierras;Motosierras;aros;Aros;Stihl;52 mm;2205029.png;no
2205030;Aro de pistón, 48 mm Husqvarna 61;Aro de pistón, 48 mm Husqvarna 61;motosierras;Motosierras;aros;Aros;Husqvarna;48 mm;2205030.png;no
2205031;Aro de pistón, 48 mm Husqvarna 365(1RING);Aro de pistón, 48 mm Husqvarna 365(1RING);motosierras;Motosierras;aros;Aros;Husqvarna;48 mm;2205031.png;no
2205032;Aro de pistón, 48 mm Husqvarna 365(2RING);Aro de pistón, 48 mm Husqvarna 365(2RING);motosierras;Motosierras;aros;Aros;Husqvarna;48 mm;2205032.jpg;no
2224011;Bobina Ignición Chinas 3800;Bobina Ignición Chinas 3800;motosierras;Motosierras;bobina-de-ignicion;Bobina de ignición;;;2224011.jpg;no
2224012;Bobina de Ignición Chinas 4500/5200;Bobina de Ignición Chinas 4500/5200;motosierras;Motosierras;bobina-de-ignicion;Bobina de ignición;;;2224012.jpg;no
2224017;Bobina de Ignicion;Bobina de Ignicion REPL MS 170/180;motosierras;Motosierras;bobina-de-ignicion;Bobina de ignición;;;2224017.jpg;no
2224018;Bobina de Ignicion ST-230/250;Bobina de Ignicion ST-230/250;motosierras;Motosierras;bobina-de-ignicion;Bobina de ignición;Stihl;;2224018.jpg;no
2224019;Bobina de Ignicion T-260/290/360/380;Bobina de Ignicion T-260/290/360/380;motosierras;Motosierras;bobina-de-ignicion;Bobina de ignición;;;2224019.jpg;no
2224020;Bobina de Ignicion ST-MS361;Bobina de Ignicion ST-MS361;motosierras;Motosierras;bobina-de-ignicion;Bobina de ignición;Stihl;;2224020.jpg;no
2224021;Bobina de Ignicion ST-MS362;Bobina de Ignicion ST-MS362;motosierras;Motosierras;bobina-de-ignicion;Bobina de ignición;Stihl;;2224021.jpg;no
2224023;Bobina de Ignicion ST-MS382(BR);Bobina de Ignicion ST-MS382(BR);motosierras;Motosierras;bobina-de-ignicion;Bobina de ignición;Stihl;;2224023.jpg;no
2224028;Bobina de encendido Stihl MS162/172 RETENES;Bobina de encendido Stihl MS162/172 RETENES;motosierras;Motosierras;bobina-de-ignicion;Bobina de ignición;Stihl;;2224028.png;no
2224029;Bobina de encendido Stihl MS382(CN);Bobina de encendido Stihl MS382(CN);motosierras;Motosierras;bobina-de-ignicion;Bobina de ignición;Stihl;;2224029.png;no
2224040;Bobina de encendido Husqvarna 445/450/455/460;Bobina de encendido Husqvarna 445/450/455/460;motosierras;Motosierras;bobina-de-ignicion;Bobina de ignición;Husqvarna;;2224040.png;no
2224041;Bobina de encendido Oleo Mac 936/940/947/952;Bobina de encendido Oleo Mac 936/940/947/952;motosierras;Motosierras;bobina-de-ignicion;Bobina de ignición;Oleo Mac;;2224041.png;no
2219030;Bomba De Aceite Chinas 3800;Bomba De Aceite Chinas 3800;motosierras;Motosierras;bomba-de-aceite-y-sin-fin;Bomba de aceite y sin fin;;;2219030.jpg;no
2219031;Bomba De Aceite Chinas 4500/5200;Bomba De Aceite Chinas 4500/5200;motosierras;Motosierras;bomba-de-aceite-y-sin-fin;Bomba de aceite y sin fin;;;2219031.jpg;no
2219032;Sin Fin Bomba De Aceite Chinas 3800;Sin Fin Bomba De Aceite Chinas 3800;motosierras;Motosierras;bomba-de-aceite-y-sin-fin;Bomba de aceite y sin fin;;;2219032.jpg;no
2219033;Sin Fin Bomba De Aceite Chinas 4500/5200;Sin Fin Bomba De Aceite Chinas 4500/5200;motosierras;Motosierras;bomba-de-aceite-y-sin-fin;Bomba de aceite y sin fin;;;2219033.jpg;no
2219034;Bomba De Aceite 2500/3800;Bomba De Aceite 2500/3800;motosierras;Motosierras;bomba-de-aceite-y-sin-fin;Bomba de aceite y sin fin;;;2219034.jpg;no
2219036;Bomba De Aceite 6200;Bomba De Aceite 6200;motosierras;Motosierras;bomba-de-aceite-y-sin-fin;Bomba de aceite y sin fin;;;2219036.jpg;no
2219042;Bomba De Aceite ST-MS290/390/391;Bomba De Aceite ST-MS290/390/391;motosierras;Motosierras;bomba-de-aceite-y-sin-fin;Bomba de aceite y sin fin;Stihl;;2219042.jpg;no
2219043;Bomba De Aceite ST-MS340/360;Bomba De Aceite ST-MS340/360;motosierras;Motosierras;bomba-de-aceite-y-sin-fin;Bomba de aceite y sin fin;Stihl;;2219043.jpg;no
2219044;Bomba De Aceite ST-361/362/460;Bomba De Aceite ST-361/362/460;motosierras;Motosierras;bomba-de-aceite-y-sin-fin;Bomba de aceite y sin fin;Stihl;;2219044.jpg;no
2219045;Bomba De Aceite ST-380/381;Bomba De Aceite ST-380/381;motosierras;Motosierras;bomba-de-aceite-y-sin-fin;Bomba de aceite y sin fin;Stihl;;2219045.jpg;no
2219046;Bomba De Aceite ST-MS382;Bomba De Aceite ST-MS382;motosierras;Motosierras;bomba-de-aceite-y-sin-fin;Bomba de aceite y sin fin;Stihl;;2219046.jpg;no
2219047;Bomba De Aceite ST-066/660;Bomba De Aceite ST-066/660;motosierras;Motosierras;bomba-de-aceite-y-sin-fin;Bomba de aceite y sin fin;Stihl;;2219047.jpg;no
2219049;Bomba De Aceite ST-MS170/180/210/230/250;Bomba De Aceite ST-MS170/180/210/230/250;motosierras;Motosierras;bomba-de-aceite-y-sin-fin;Bomba de aceite y sin fin;Stihl;;2219049.jpg;no
2219050;Bomba De Aceite ST-08/08S;Bomba De Aceite ST-08/08S;motosierras;Motosierras;bomba-de-aceite-y-sin-fin;Bomba de aceite y sin fin;Stihl;;2219050.jpg;no
2219055;Bomba de aceite Husqvarna 136/137/141/142;Bomba de aceite Husqvarna 136/137/141/142;motosierras;Motosierras;bomba-de-aceite-y-sin-fin;Bomba de aceite y sin fin;Husqvarna;;2219055.png;no
2219056;Bomba de aceite Husqvarna 236/240;Bomba de aceite Husqvarna 236/240;motosierras;Motosierras;bomba-de-aceite-y-sin-fin;Bomba de aceite y sin fin;Husqvarna;;2219056.png;no
2219057;Bomba de aceite Husqvarna 51/55;Bomba de aceite Husqvarna 51/55;motosierras;Motosierras;bomba-de-aceite-y-sin-fin;Bomba de aceite y sin fin;Husqvarna;;2219057.png;no
2219058;Bomba de aceite Husqvarna 61/268/272;Bomba de aceite Husqvarna 61/268/272;motosierras;Motosierras;bomba-de-aceite-y-sin-fin;Bomba de aceite y sin fin;Husqvarna;;2219058.png;no
2219059;Bomba de aceite Husqvarna 365/372/385/390;Bomba de aceite Husqvarna 365/372/385/390;motosierras;Motosierras;bomba-de-aceite-y-sin-fin;Bomba de aceite y sin fin;Husqvarna;;2219059.png;no
2219062;Sin Fin Bomba De Aceite 6200;Sin Fin Bomba De Aceite 6200;motosierras;Motosierras;bomba-de-aceite-y-sin-fin;Bomba de aceite y sin fin;;;2219062.jpg;no
2219063;Sin Fin Bomba De Aceite ST-MS170/180/210/230/250;Sin Fin Bomba De Aceite ST-MS170/180/210/230/250;motosierras;Motosierras;bomba-de-aceite-y-sin-fin;Bomba de aceite y sin fin;Stihl;;2219063.jpg;no
2219065;Sin Fin Bomba de Aceite ST-MS361 362 460;Sin Fin Bomba de Aceite ST-MS361 362 460;motosierras;Motosierras;bomba-de-aceite-y-sin-fin;Bomba de aceite y sin fin;Stihl;;2219065.jpg;no
2219066;Sin Fin Bomba De Aceite 290/390;Sin Fin Bomba De Aceite 290/390;motosierras;Motosierras;bomba-de-aceite-y-sin-fin;Bomba de aceite y sin fin;;;2219066.jpg;no
2219067;Sin Fin Bomba De Aceite ST-MS380 381;Sin Fin Bomba De Aceite ST-MS380 381;motosierras;Motosierras;bomba-de-aceite-y-sin-fin;Bomba de aceite y sin fin;Stihl;;2219067.jpg;no
2219068;Sin Fin Bomba De Aceite ST066/660;Sin Fin Bomba De Aceite ST066/660;motosierras;Motosierras;bomba-de-aceite-y-sin-fin;Bomba de aceite y sin fin;;;2219068.jpg;no
2219075;Bomba de aceite 1700/ZM40 cs420;Bomba de aceite 1700/ZM40 cs420;motosierras;Motosierras;bomba-de-aceite-y-sin-fin;Bomba de aceite y sin fin;;;2219075.png;no
2219076;Bomba de aceite Oleo Mac 937/941/952;Bomba de aceite Oleo Mac 937/941/952;motosierras;Motosierras;bomba-de-aceite-y-sin-fin;Bomba de aceite y sin fin;Oleo Mac;;2219076.png;no
2219084;Engranaje sinfín;Engranaje sinfín;motosierras;Motosierras;bomba-de-aceite-y-sin-fin;Bomba de aceite y sin fin;;;2219084.jpg;no
2219090;Engranaje sinfín Husqvarna 137/142;Engranaje sinfín Husqvarna 137/142;motosierras;Motosierras;bomba-de-aceite-y-sin-fin;Bomba de aceite y sin fin;Husqvarna;;2219090.png;no
2219091;Engranaje sinfín Husqvarna 235/236/240;Engranaje sinfín Husqvarna 235/236/240;motosierras;Motosierras;bomba-de-aceite-y-sin-fin;Bomba de aceite y sin fin;Husqvarna;;2219091.png;no
2219092;Engranaje sinfín Husqvarna 61/268/272 MANUBRIOS (DENTRO DE );Engranaje sinfín Husqvarna 61/268/272 MANUBRIOS (DENTRO DE );motosierras;Motosierras;bomba-de-aceite-y-sin-fin;Bomba de aceite y sin fin;Husqvarna;;2219092.png;no
2219093;Engranaje sinfín Husqvarna 365/372(NEW) 575/570;Engranaje sinfín Husqvarna 365/372(NEW) 575/570;motosierras;Motosierras;bomba-de-aceite-y-sin-fin;Bomba de aceite y sin fin;Husqvarna;;2219093.png;no
2219094;Engranaje sinfín Husqvarna 365(Old)/385/390;Engranaje sinfín Husqvarna 365(Old)/385/390;motosierras;Motosierras;bomba-de-aceite-y-sin-fin;Bomba de aceite y sin fin;Husqvarna;;2219094.png;no
2219095;Bomba de aceite Stihl 380/381 CHINAS 38CC;Bomba de aceite Stihl 380/381 CHINAS 38CC;motosierras;Motosierras;bomba-de-aceite-y-sin-fin;Bomba de aceite y sin fin;Stihl;38CC;2219095.png;no
2219503;Bomba De Aceite;Bomba De Aceite REPL- Echo Cs 350-4200;motosierras;Motosierras;bomba-de-aceite-y-sin-fin;Bomba de aceite y sin fin;Echo;;2219503.jpg;no
2219504;Sin Fin Bomba De Aceite;Sin Fin Bomba De Aceite REPL- Cs 350-4200;motosierras;Motosierras;bomba-de-aceite-y-sin-fin;Bomba de aceite y sin fin;;;2219504.jpg;no
2220113;Tapón de amortiguador anular ST044/038 (1119 791 7306);Tapón de amortiguador anular ST044/038 (1119 791 7306);motosierras;Motosierras;bomba-de-aceite-y-sin-fin;Bomba de aceite y sin fin;;;2220113.png;no
2220114;Tapón de amortiguador anular ST381/382 (1119 791 7300);Tapón de amortiguador anular ST381/382 (1119 791 7300);motosierras;Motosierras;bomba-de-aceite-y-sin-fin;Bomba de aceite y sin fin;;;2220114.png;no
2220115;Tapón de amortiguador anular ST036 (1125 791 7300);Tapón de amortiguador anular ST036 (1125 791 7300);motosierras;Motosierras;bomba-de-aceite-y-sin-fin;Bomba de aceite y sin fin;;;2220115.png;no
2220143;Tapa de bomba de aceite Stihl 170/180/230/250;Tapa de bomba de aceite Stihl 170/180/230/250;motosierras;Motosierras;bomba-de-aceite-y-sin-fin;Bomba de aceite y sin fin;Stihl;;2220143.png;no
2220144;Tapa de bomba de aceite Stihl MS361;Tapa de bomba de aceite Stihl MS361;motosierras;Motosierras;bomba-de-aceite-y-sin-fin;Bomba de aceite y sin fin;Stihl;;2220144.png;no
2220145;Tapa de bomba de aceite Stihl MS360/036;Tapa de bomba de aceite Stihl MS360/036;motosierras;Motosierras;bomba-de-aceite-y-sin-fin;Bomba de aceite y sin fin;Stihl;;2220145.png;no
2220146;Tapa de bomba de aceite Stihl 038/380/381;Tapa de bomba de aceite Stihl 038/380/381;motosierras;Motosierras;bomba-de-aceite-y-sin-fin;Bomba de aceite y sin fin;Stihl;;2220146.png;no
4525322;Motor de arranque 3209810 9d;Motor de arranque 3209810 9d;motosierras;Motosierras;cables;Cables;;;4525322.jpg;no
2291022;CORTADAS;CORTADAS;motosierras;Motosierras;cadenas-premium;Cadenas premium;;;2291022.jpg;no
2291025;Cadenas;"Cadena Premium Chisel Cortada 3/8""LP 050"" 1.3 50DL · Repl- Ms 170";motosierras;Motosierras;cadenas-premium;Cadenas premium;;;2291025.jpg;no
2291026;Cadenas;"Cadena Cortada 3/8""LP 050"" 1.3 55 DL · Repl- Ms 180";motosierras;Motosierras;cadenas-premium;Cadenas premium;;;2291026.jpg;no
2291027;0 LF VU l.d JUDL Chinas Espada;0 LF VU l.d JUDL Chinas Espada;motosierras;Motosierras;cadenas-premium;Cadenas premium;;;2291027.jpg;no
2291028;Cadenas;"Cadena Cortada 3/8""LP 050"" 1.3 57DL · Chinas Espada 16""";motosierras;Motosierras;cadenas-premium;Cadenas premium;;;2291028.jpg;no
2291029;"Cadena cortada 3/8"" 0.58 1.5 68 DL…";"Cadena cortada 3/8"" 0.58 1.5 68 DL…";motosierras;Motosierras;cadenas-premium;Cadenas premium;;68 DL;2291029.jpg;no
2291030;DESUNIN VII. Cadena Cortada Ca 3/8 063 1.6 72DL;DESUNIN VII. Cadena Cortada Ca 3/8 063 1.6 72DL Repl Ms360 Ms;motosierras;Motosierras;cadenas-premium;Cadenas premium;;;2291030.jpg;no
2291034;Cadenas;"Cadena Cortada 325.063""1.6 68DL · Repl- Ms 250";motosierras;Motosierras;cadenas-premium;Cadenas premium;;;2291034.jpg;no
2291035;Cadenas;"Cadena Cortada 325.058""1.5 72DL · Chinas Espada 18""";motosierras;Motosierras;cadenas-premium;Cadenas premium;;;2291035.jpg;no
2291036;LI.UJO 1.0 7UDL Chinas Espada;LI.UJO 1.0 7UDL Chinas Espada;motosierras;Motosierras;cadenas-premium;Cadenas premium;;;2291036.jpg;no
2212080;"Juego de campana de embrague, 3/8""…";"Juego de campana de embrague, 3/8""…";motosierras;Motosierras;campana-de-embrague;Campana de embrague;;;2212080.png;no
2212089;Campana Embrague MS170 MS180 MS210 230 PIÑON;Campana Embrague MS170 MS180 MS210 230 PIÑON;motosierras;Motosierras;campana-de-embrague;Campana de embrague;;;2212089.jpg;no
2212090;Campana Embrague ST-MS230/250;Campana Embrague ST-MS230/250;motosierras;Motosierras;campana-de-embrague;Campana de embrague;Stihl;;2212090.jpg;no
2212091;Campana Embrague ST-MS360;Campana Embrague ST-MS360;motosierras;Motosierras;campana-de-embrague;Campana de embrague;Stihl;;2212091.jpg;no
2212092;Campana Embrague ST-044/361;Campana Embrague ST-044/361;motosierras;Motosierras;campana-de-embrague;Campana de embrague;Stihl;;2212092.jpg;no
2212093;Campana Embrague ST380/381;Campana Embrague ST380/381;motosierras;Motosierras;campana-de-embrague;Campana de embrague;;;2212093.jpg;no
2212101;Campana Embrague;Campana Embrague REPL HUSQ. 365 362 371 372 XP 372XP PIÑON;motosierras;Motosierras;campana-de-embrague;Campana de embrague;Husqvarna;;2212101.jpg;no
2212102;Campana Embrague;Campana Embrague REPL HUSQ. 61 268 PIÑON;motosierras;Motosierras;campana-de-embrague;Campana de embrague;Husqvarna;;2212102.jpg;no
2212103;Campana Embrague Campana Embrague HUSQ. 61 268 . 365 362 371 37 XP 372XP;Campana Embrague Campana Embrague HUSQ. 61 268 . 365 362 371 37 XP 372XP ANILLO;motosierras;Motosierras;campana-de-embrague;Campana de embrague;Husqvarna;;2212103.jpg;no
2212104;Campana Embrague HUSQ. 61 268 ANILLO;Campana Embrague HUSQ. 61 268 ANILLO;motosierras;Motosierras;campana-de-embrague;Campana de embrague;;;2212104.jpg;no
2212108;"Juego de campana de embrague, .325""… Stihl 024/026";"Juego de campana de embrague, .325""… Stihl 024/026";motosierras;Motosierras;campana-de-embrague;Campana de embrague;Stihl;;2212108.png;no
2102701;Carburador — Chinas;Tipo Zama · Stihl FS-120 / FS-200 FS-250;motosierras;Motosierras;carburadores;Carburadores;;;2102701.jpg;no
2102702;Carburador — Chinas;Carburador Tipo · Stihl FS-120 / 200 / 250;motosierras;Motosierras;carburadores;Carburadores;;;2102702.jpg;no
2102704;Carburador — Oleo Mac;Tipo Zama · Homelite 26cc · 308054001;motosierras;Motosierras;carburadores;Carburadores;Oleo Mac;;2102704.jpg;no
2102720;Carburador — Chinas;Tipo Zama · Stihl FS-90/FS-100 FS-110/FS-130;motosierras;Motosierras;carburadores;Carburadores;;;2102720.jpg;no
2102810;Carburador — Stihl;Tipo Tillotson · Stihl 08 s;motosierras;Motosierras;carburadores;Carburadores;Stihl;;2102810.jpg;no
2102821;Carburador — Chinas;Tipo Zama · Stihl FS-235;motosierras;Motosierras;carburadores;Carburadores;;;2102821.jpg;no
2102822;Carburador — Chinas;Tipo Zama · Stihl FS-120/200/250;motosierras;Motosierras;carburadores;Carburadores;;;2102822.jpg;no
2102823;Carburador — Chinas;Tipo Walbro · Stihl FS220/280;motosierras;Motosierras;carburadores;Carburadores;;;2102823.jpg;no
2102824;Carburador Stihl FS161/221/291(Z);Carburador Stihl FS161/221/291(Z);motosierras;Motosierras;carburadores;Carburadores;Stihl;;https://gceymxcsmyxlzlpuzzzp.supabase.co/storage/v1/object/public/media/foto/2102824-1788367638585.webp;no
2202801;Carburador — Stihl;Tipo TILLOTSON · Stihl 070;motosierras;Motosierras;carburadores;Carburadores;Stihl;;2202801.jpg;no
2202802;Carburador — Stihl;Tipo Zama (C1Q-S57) · Stihl MS170/MS180;motosierras;Motosierras;carburadores;Carburadores;Stihl;;2202802.jpg;no
2202803;Carburador — Stihl;Tipo Walbro · Stihl 023/025/MS230/MS250;motosierras;Motosierras;carburadores;Carburadores;Stihl;;2202803.jpg;no
2202804;Carburador — Stihl;Tipo BING · Stihl MS380/MS381;motosierras;Motosierras;carburadores;Carburadores;Stihl;;2202804.jpg;no
2202805;Carburador — Stihl;Tipo Walbro · HQV 136/137/141/142;motosierras;Motosierras;carburadores;Carburadores;Stihl;;2202805.jpg;no
2202806;Carburador — Stihl;Tipo Zama (C3M-EI2) · HQV 365;motosierras;Motosierras;carburadores;Carburadores;Stihl;;2202806.jpg;no
2202808;Carburador — Stihl;Tipo Tillotson · HQV 61/266/268/272/272XP;motosierras;Motosierras;carburadores;Carburadores;Stihl;;2202808.jpg;no
2202809;Carburador — Stihl;Tipo Zama · Stihl MS-380 / 381;motosierras;Motosierras;carburadores;Carburadores;Stihl;;2202809.jpg;no
2202810;Carburador Stihl 08/08S/TS350(T);Carburador Stihl 08/08S/TS350(T);motosierras;Motosierras;carburadores;Carburadores;Stihl;;https://gceymxcsmyxlzlpuzzzp.supabase.co/storage/v1/object/public/media/foto/2202810-1788970382535.webp;no
2202813;Carburador — Chinas;Tipo Walbro · Motosierras Chinas 36cc;motosierras;Motosierras;carburadores;Carburadores;;;2202813.jpg;no
2202814;Carburador — Chinas;Tipo Walbro · Motosierras Chinas 62cc 6200;motosierras;Motosierras;carburadores;Carburadores;;;2202814.jpg;no
2202815;Carburador — Chinas;Tipo Walbro · Chinas 4500 / 5200 · Sin Bombin;motosierras;Motosierras;carburadores;Carburadores;;;2202815.jpg;no
2202819;Carburador — Stihl;Tipo Zama · Stihl MS-261 / 271;motosierras;Motosierras;carburadores;Carburadores;Stihl;;2202819.jpg;no
2202820;Carburador — Stihl;Tipo Zama · Stihl MS-290 / 310;motosierras;Motosierras;carburadores;Carburadores;Stihl;;2202820.jpg;no
2202822;Carburador — Stihl;Tipo Walbro · Stihl 017/018/MS180;motosierras;Motosierras;carburadores;Carburadores;Stihl;;2202822.jpg;no
2202823;Carburador — Stihl;Tipo Walbro 51/55 · REPL Husqvarna;motosierras;Motosierras;carburadores;Carburadores;Stihl;;2202823.jpg;no
2202824;Carburador — Chinas;Tipo Walbro · Chinas 3800;motosierras;Motosierras;carburadores;Carburadores;;;2202824.jpg;no
2202827;Carburador — Stihl;Tipo Zama · Husqvarna 362 / 365;motosierras;Motosierras;carburadores;Carburadores;Stihl;;2202827.jpg;no
2202828;Carburador — Stihl;Tipo Tillotson · Husqvarna 61 / 266 / 268;motosierras;Motosierras;carburadores;Carburadores;Stihl;;2202828.jpg;no
2202829;Carburador — Oleo Mac;Tipo Walbro · Oleo Mac 936;motosierras;Motosierras;carburadores;Carburadores;Oleo Mac;;2202829.jpg;no
2202830;ECHO;ECHO;motosierras;Motosierras;carburadores;Carburadores;Echo;;2202830.jpg;no
2202832;Carburador — Stihl;Carburador · REPL ST TS TS700-800;motosierras;Motosierras;carburadores;Carburadores;Stihl;;2202832.jpg;no
2202837;REPL Oleo Mac Sparta 36 38;REPL Oleo Mac Sparta 36 38;motosierras;Motosierras;carburadores;Carburadores;Oleo Mac;;2202837.jpg;no
2202838;Carburador;Carburador REPL Oleo Mac Sparta 36 38;motosierras;Motosierras;carburadores;Carburadores;Oleo Mac;;2202838.jpg;no
2202839;Carburador;Carburador REPL Oleo Mac Sparta 25;motosierras;Motosierras;carburadores;Carburadores;Oleo Mac;;2202839.jpg;no
2202841;Carburador — Chinas;Tipo Walbro · Chinas 4500 / 5200 · Con Bombin;motosierras;Motosierras;carburadores;Carburadores;;;2202841.jpg;no
2202843;Carburador Echo CS-361P;Carburador Echo CS-361P;motosierras;Motosierras;carburadores;Carburadores;Echo;;2202843.jpg;no
2202846;Carburador — Stihl;Tipo Walbro · Stihl MS361;motosierras;Motosierras;carburadores;Carburadores;Stihl;;2202846.jpg;no
2202848;Carburador — Stihl;Tipo Zama · Stihl MS-340 MS-360;motosierras;Motosierras;carburadores;Carburadores;Stihl;;2202848.jpg;no
2202849;Carburador — Stihl;Tipo Zama · Stihl MS-440 MS-460;motosierras;Motosierras;carburadores;Carburadores;Stihl;;2202849.jpg;no
2202850;Carburador — Stihl;Tipo Zama · Stihl MS-660 · 066/064/065;motosierras;Motosierras;carburadores;Carburadores;Stihl;;2202850.jpg;no
2202851;Carburador — Chinas;Tipo Zama C1M-W26 · Motosierra Poulan 34cc;motosierras;Motosierras;carburadores;Carburadores;;;2202851.jpg;no
2202853;Carburador — Stihl;Tipo Zama · Stihl MS-251;motosierras;Motosierras;carburadores;Carburadores;Stihl;;2202853.jpg;no
2202854;Carburador — Stihl;Tipo Zama · Stihl MS-461;motosierras;Motosierras;carburadores;Carburadores;Stihl;;2202854.jpg;no
2202855;Carburador Stihl MS162/172(Z);Carburador Stihl MS162/172(Z);motosierras;Motosierras;carburadores;Carburadores;Stihl;;https://gceymxcsmyxlzlpuzzzp.supabase.co/storage/v1/object/public/media/foto/2202855-1788970426539.webp;no
2202857;Carburador — Stihl;Tipo Zama · Stihl MS-382;motosierras;Motosierras;carburadores;Carburadores;Stihl;;2202857.jpg;no
2202858;Carburador — Stihl;Tipo Zama · Stihl MS-240 / MS-260;motosierras;Motosierras;carburadores;Carburadores;Stihl;;2202858.jpg;no
2202859;Carburador — Stihl;Tipo Zama · Stihl MS-192 T;motosierras;Motosierras;carburadores;Carburadores;Stihl;;2202859.jpg;no
2202860;Carburador — Oleo Mac;Tipo Walbro · Echo CS-300;motosierras;Motosierras;carburadores;Carburadores;Oleo Mac;;2202860.jpg;no
2202861;Carburador — Stihl;Carburador · REPL- WALBRO · MS240 MS260;motosierras;Motosierras;carburadores;Carburadores;Stihl;;2202861.jpg;no
2202864;Carburador — Stihl;Tipo Zama (C1T-W33) · HQV 236/240;motosierras;Motosierras;carburadores;Carburadores;Stihl;;2202864.jpg;no
2202866;Carburador — Stihl;Tipo Walbro · Husqvarna 455 / 455 E / 460 / 461;motosierras;Motosierras;carburadores;Carburadores;Stihl;;2202866.jpg;no
2202868;Carburador — Stihl;Tipo Zama - Bombin · Husqvarna 340 345/346/346XP;motosierras;Motosierras;carburadores;Carburadores;Stihl;;2202868.jpg;no
2202869;Carburador — Stihl;Tipo Zama · Husqvarna 340 345/346;motosierras;Motosierras;carburadores;Carburadores;Stihl;;2202869.jpg;no
2202870;Carburador — Stihl;Tipo Zama · Husqvarna 445 445E/450;motosierras;Motosierras;carburadores;Carburadores;Stihl;;2202870.jpg;no
2202871;Carburador — Stihl;Tipo Zama · Husqvarna 435;motosierras;Motosierras;carburadores;Carburadores;Stihl;;2202871.jpg;no
2202872;Carburador — Oleo Mac;Tipo Walbro · Echo CS-350;motosierras;Motosierras;carburadores;Carburadores;Oleo Mac;;2202872.jpg;no
2202873;Carburador — Oleo Mac;Tipo Walbro · Echo CS-510;motosierras;Motosierras;carburadores;Carburadores;Oleo Mac;;2202873.jpg;no
2202874;Carburador — Oleo Mac;Tipo Walbro · Homelite Motos. C1M-H58 · UT-10550 UT-10927;motosierras;Motosierras;carburadores;Carburadores;Oleo Mac;;2202874.jpg;no
2202875;Carburador — Stihl;Carburador · REPL Husqvarna · T435 578936901;motosierras;Motosierras;carburadores;Carburadores;Stihl;;2202875.jpg;no
2202876;Carburador — Stihl;Carburador · REPL Husqvarna · 553/586 34/66-01;motosierras;Motosierras;carburadores;Carburadores;Stihl;;2202876.jpg;no
2202877;Carburador — Stihl;Carburador · REPL Husqvarna · 543/588/84/89-01;motosierras;Motosierras;carburadores;Carburadores;Stihl;;2202877.jpg;no
2202878;Carburador — Oleo Mac;Tipo Zama · Homelite Motos. C1Q-H42 · UT105 / 300981002;motosierras;Motosierras;carburadores;Carburadores;Oleo Mac;;2202878.jpg;no
2202879;Carburador;Carburador REPL Echo CC352/353;motosierras;Motosierras;carburadores;Carburadores;Echo;;2202879.jpg;no
2202880;Carburador;Carburador REPL PPT2400 HOMELITE;motosierras;Motosierras;carburadores;Carburadores;Homelite;;2202880.jpg;no
2202881;Carburador;Carburador REPL Echo CS600 HDA268;motosierras;Motosierras;carburadores;Carburadores;Echo;;2202881.jpg;no
2202882;Carburador;Carburador REPL Echo PB610/620;motosierras;Motosierras;carburadores;Carburadores;Echo;;2202882.jpg;no
2202883;Carburador — Stihl;Carburador · REPL-ST MS181/211 · C1Q S121B;motosierras;Motosierras;carburadores;Carburadores;Stihl;;2202883.jpg;no
2202884;Carburador — Stihl;Tipo Zama · Stihl MS-362;motosierras;Motosierras;carburadores;Carburadores;Stihl;;2202884.jpg;no
2302843;Carburador — Stihl;Carburador · REPL ECHO CS-361P;motosierras;Motosierras;carburadores;Carburadores;Stihl;;2302843.jpg;no
2502531;HUSQVARNA;HUSQVARNA;motosierras;Motosierras;carburadores;Carburadores;Husqvarna;;2502531.jpg;no
2602100;Carburador;Carburador REPL Echo HC 155;motosierras;Motosierras;carburadores;Carburadores;Echo;;2602100.jpg;no
2222011;Carter Completo Chinas 4500/5200;Carter Completo Chinas 4500/5200;motosierras;Motosierras;ciguenal;Cigüeñal;;;2222011.jpg;no
2222013;Cigüeñal Completo Chinas 4500/5200;Cigüeñal Completo Chinas 4500/5200;motosierras;Motosierras;ciguenal;Cigüeñal;;;2222013.jpg;no
2222017;Jaula de agujas Cigüeñal Chinas 5200 45mm;Jaula de agujas Cigüeñal Chinas 5200 45mm;motosierras;Motosierras;ciguenal;Cigüeñal;;;2222017.jpg;no
2222018;Jaula de agujas piston Chinas 5200 52mm;Jaula de agujas piston Chinas 5200 52mm;motosierras;Motosierras;ciguenal;Cigüeñal;;;2222018.jpg;no
2222019;Jaula de agujas Campana de embrague Chinas 4500/5200;Jaula de agujas Campana de embrague Chinas 4500/5200;motosierras;Motosierras;ciguenal;Cigüeñal;;;2222019.jpg;no
2222030;Cigüeñal ST-MS170 RETENES;Cigüeñal ST-MS170 RETENES;motosierras;Motosierras;ciguenal;Cigüeñal;Stihl;;2222030.jpg;no
2222031;Cigüeñal ST-MS180;Cigüeñal ST-MS180;motosierras;Motosierras;ciguenal;Cigüeñal;Stihl;;2222031.jpg;no
2222033;Cigüeñal ST-MS230/250;Cigüeñal ST-MS230/250;motosierras;Motosierras;ciguenal;Cigüeñal;Stihl;;2222033.jpg;no
2222036;Cigüeñal Stihl MS360/036;Cigüeñal Stihl MS360/036;motosierras;Motosierras;ciguenal;Cigüeñal;Stihl;;2222036.png;no
2222037;Cigüeñal Stihl MS361;Cigüeñal Stihl MS361;motosierras;Motosierras;ciguenal;Cigüeñal;Stihl;;2222037.png;no
2222038;Cigüeñal Stihl MS380/381;Cigüeñal Stihl MS380/381;motosierras;Motosierras;ciguenal;Cigüeñal;Stihl;;2222038.png;no
2222039;Cigüeñal Stihl MS382;Cigüeñal Stihl MS382;motosierras;Motosierras;ciguenal;Cigüeñal;Stihl;;2222039.png;no
2222040;Cigüeñal Husqvarna 445/450;Cigüeñal Husqvarna 445/450;motosierras;Motosierras;ciguenal;Cigüeñal;Husqvarna;;2222040.png;no
2222045;Bloque de cárter Stihl MS170/180;Bloque de cárter Stihl MS170/180;motosierras;Motosierras;ciguenal;Cigüeñal;Stihl;;2222045.png;no
2222046;Bloque de cárter Stihl MS230/250;Bloque de cárter Stihl MS230/250;motosierras;Motosierras;ciguenal;Cigüeñal;Stihl;;2222046.jpg;no
2222047;Bloque de cárter Stihl MS340/360;Bloque de cárter Stihl MS340/360;motosierras;Motosierras;ciguenal;Cigüeñal;Stihl;;2222047.jpg;no
2222048;Bloque de cárter Stihl MS341/361;Bloque de cárter Stihl MS341/361;motosierras;Motosierras;ciguenal;Cigüeñal;Stihl;;2222048.jpg;no
2222049;Bloque de cárter Stihl MS380/381;Bloque de cárter Stihl MS380/381;motosierras;Motosierras;ciguenal;Cigüeñal;Stihl;;2222049.jpg;no
2222050;Bloque de cárter Husqvarna 61/268/272;Bloque de cárter Husqvarna 61/268/272;motosierras;Motosierras;ciguenal;Cigüeñal;Husqvarna;;2222050.png;no
2222051;Bloque de cárter Husqvarna 365/372R;Bloque de cárter Husqvarna 365/372R;motosierras;Motosierras;ciguenal;Cigüeñal;Husqvarna;;2222051.png;no
2222052;Bloque de cárter Husqvarna 365/372S;Bloque de cárter Husqvarna 365/372S;motosierras;Motosierras;ciguenal;Cigüeñal;Husqvarna;;2222052.png;no
2222053;Cigüeñal Husqvarna 51/55;Cigüeñal Husqvarna 51/55;motosierras;Motosierras;ciguenal;Cigüeñal;Husqvarna;;2222053.jpg;no
2222054;Cigüeñal Husqvarna 136/137/141/142;Cigüeñal Husqvarna 136/137/141/142;motosierras;Motosierras;ciguenal;Cigüeñal;Husqvarna;;2222054.jpg;no
2222055;Cigüeñal Husqvarna 61/268/272 BOBINA DE INGNICION 2T;Cigüeñal Husqvarna 61/268/272 BOBINA DE INGNICION 2T;motosierras;Motosierras;ciguenal;Cigüeñal;Husqvarna;;2222055.jpg;no
2222056;Cigüeñal (D15 / original) Husqvarna 365/372;Cigüeñal (D15 / original) Husqvarna 365/372;motosierras;Motosierras;ciguenal;Cigüeñal;Husqvarna;;2222056.jpg;no
2103005;Conjunto de cilindro 52 cc;Conjunto de cilindro 52 cc para…;motosierras;Motosierras;cilindros-completos;Cilindros completos;Husqvarna;52 cc;2103005.jpg;no
2103013;Kit Cilindro y Pistón Stihl FS 85;Kit Cilindro y Pistón Stihl FS 85;motosierras;Motosierras;cilindros-completos;Cilindros completos;Husqvarna;;2103013.jpg;no
2103014;Kit Cilindro y Pistón Stihl FS 120;Kit Cilindro y Pistón Stihl FS 120;motosierras;Motosierras;cilindros-completos;Cilindros completos;Husqvarna;;2103014.jpg;no
2103015;Stihl ST FS160;Stihl ST FS160;motosierras;Motosierras;cilindros-completos;Cilindros completos;Stihl;;2103015.jpg;no
2103016;Stihl ST FS220 ECHO;Stihl ST FS220 ECHO;motosierras;Motosierras;cilindros-completos;Cilindros completos;Stihl | Echo;;2103016.jpg;no
2103030;Kit Cilindro y Pistón Echo SRM - 4300;Kit Cilindro y Pistón Echo SRM- 4300;motosierras;Motosierras;cilindros-completos;Cilindros completos;Husqvarna;;2103030.jpg;no
2103031;Kit Cilindro y Pistón Echo SRM 4605;Kit Cilindro y Pistón Echo SRM 4605;motosierras;Motosierras;cilindros-completos;Cilindros completos;Husqvarna;;2103031.jpg;no
2103189;Conjunto de cilindro, 42 mm Oleo Mac 746;Conjunto de cilindro, 42 mm Oleo Mac 746;motosierras;Motosierras;cilindros-completos;Cilindros completos;Oleo Mac;42 mm;2103189.png;no
2103190;Conjunto de cilindro, 40 mm Oleo Mac 740/SP40 Have 42/44;Conjunto de cilindro, 40 mm Oleo Mac 740/SP40 Have 42/44;motosierras;Motosierras;cilindros-completos;Cilindros completos;Oleo Mac;40 mm;2103190.png;no
2103191;Conjunto de cilindro, 40 mm Oleo Mac BCH40;Conjunto de cilindro, 40 mm Oleo Mac BCH40;motosierras;Motosierras;cilindros-completos;Cilindros completos;Oleo Mac;40 mm;2103191.png;no
2103192;Conjunto de cilindro, 40 mm Oleo Mac SP42/44/430;Conjunto de cilindro, 40 mm Oleo Mac SP42/44/430;motosierras;Motosierras;cilindros-completos;Cilindros completos;Oleo Mac;40 mm;2103192.png;no
2103193;Conjunto de cilindro, 32,2 mm Shindaiwa C230;Conjunto de cilindro, 32,2 mm Shindaiwa C230;motosierras;Motosierras;cilindros-completos;Cilindros completos;Shindaiwa;32,2 mm;2103193.png;no
2103194;Conjunto de cilindro, 40 mm Shindaiwa B45;Conjunto de cilindro, 40 mm Shindaiwa B45;motosierras;Motosierras;cilindros-completos;Cilindros completos;Shindaiwa;40 mm;2103194.png;no
2103195;Conjunto de cilindro, 36 mm Shindaiwa C35 STIHL;Conjunto de cilindro, 36 mm Shindaiwa C35 STIHL;motosierras;Motosierras;cilindros-completos;Cilindros completos;Stihl | Shindaiwa;36 mm;2103195.png;no
2103196;Conjunto de cilindro, 40 mm Shindaiwa B450;Conjunto de cilindro, 40 mm Shindaiwa B450;motosierras;Motosierras;cilindros-completos;Cilindros completos;Shindaiwa;40 mm;2103196.png;no
2203039;Stihl ST MS230;Stihl ST MS230;motosierras;Motosierras;cilindros-completos;Cilindros completos;Stihl;;2203039.jpg;no
2203040;Kit Cilindro y Pistón Stihl 08;Kit Cilindro y Pistón Stihl 08;motosierras;Motosierras;cilindros-completos;Cilindros completos;Stihl;;2203040.jpg;no
2203041;Kit Cilindro y Pistón Stihl MS 170;Kit Cilindro y Pistón Stihl MS 170;motosierras;Motosierras;cilindros-completos;Cilindros completos;Stihl;;2203041.jpg;no
2203042;Kit Cilindro y Pistón Stihl MS 180;Kit Cilindro y Pistón Stihl MS 180;motosierras;Motosierras;cilindros-completos;Cilindros completos;Stihl;;2203042.jpg;no
2203043;Stihl ST MS210;Stihl ST MS210;motosierras;Motosierras;cilindros-completos;Cilindros completos;Stihl;;2203043.jpg;no
2203044;Kit Cilindro y Pistón Stihl MS;Kit Cilindro y Pistón Stihl MS;motosierras;Motosierras;cilindros-completos;Cilindros completos;Stihl;;2203044.jpg;no
2203045;Stihl ST MS260;Stihl ST MS260;motosierras;Motosierras;cilindros-completos;Cilindros completos;Stihl;;2203045.jpg;no
2203046;Kit Cilindro y Pistón Stihl MS 290;Kit Cilindro y Pistón Stihl MS 290;motosierras;Motosierras;cilindros-completos;Cilindros completos;Stihl;;2203046.jpg;no
2203047;Kit Cilindro y Pistón Stihl MS 360;Kit Cilindro y Pistón Stihl MS 360;motosierras;Motosierras;cilindros-completos;Cilindros completos;Stihl;;2203047.jpg;no
2203048;Kit Cilindro y Pistón Stihl MS 361;Kit Cilindro y Pistón Stihl MS 361;motosierras;Motosierras;cilindros-completos;Cilindros completos;Stihl;;2203048.jpg;no
2203052;Kit Cilindro y Pistón Stihl MS 380;Kit Cilindro y Pistón Stihl MS 380;motosierras;Motosierras;cilindros-completos;Cilindros completos;Stihl;;2203052.jpg;no
2203053;Kit Cilindro y Pistón Stihl MS 381;Kit Cilindro y Pistón Stihl MS 381;motosierras;Motosierras;cilindros-completos;Cilindros completos;Stihl;;2203053.jpg;no
2203054;Kit Cilindro y Pistón Stihl MS 382;Kit Cilindro y Pistón Stihl MS 382;motosierras;Motosierras;cilindros-completos;Cilindros completos;Stihl;;2203054.jpg;no
2203055;Conjunto de cilindro, 47 mm Stihl MS291 1141 020 1206;Conjunto de cilindro, 47 mm Stihl MS291 1141 020 1206;motosierras;Motosierras;cilindros-completos;Cilindros completos;Stihl;47 mm;2203055.png;no
2203057;Kit Cilindro y Pistón Stihl MS 440;Kit Cilindro y Pistón Stihl MS 440;motosierras;Motosierras;cilindros-completos;Cilindros completos;Stihl;;2203057.jpg;no
2203058;Kit Cilindro y Pistón Stihl MS 460;Kit Cilindro y Pistón Stihl MS 460;motosierras;Motosierras;cilindros-completos;Cilindros completos;Stihl;;2203058.jpg;no
2203059;Kit Cilindro y Pistón Stihl MS 560;Kit Cilindro y Pistón Stihl MS 560;motosierras;Motosierras;cilindros-completos;Cilindros completos;Stihl;;2203059.jpg;no
2203060;Stihl ST MS 461;Stihl ST MS 461;motosierras;Motosierras;cilindros-completos;Cilindros completos;Stihl;;2203060.jpg;no
2203061;Kit Cilindro y Pistón Husqvarna 236 CILI;Kit Cilindro y Pistón Husqvarna 236 CILI;motosierras;Motosierras;cilindros-completos;Cilindros completos;Husqvarna;;2203061.jpg;no
2203064;STIHL;STIHL;motosierras;Motosierras;cilindros-completos;Cilindros completos;Stihl;;2203064.jpg;no
2203065;Kit de cilindros — Husqvarna;Kit Cilindro y Pistón · Husqvarna 61;motosierras;Motosierras;cilindros-completos;Cilindros completos;Husqvarna;;2203065.jpg;no
2203067;Kit Cilindro y Pistón Husqvarna 435 STIHL REEMPLAZOS;Kit Cilindro y Pistón Husqvarna 435 STIHL REEMPLAZOS;motosierras;Motosierras;cilindros-completos;Cilindros completos;Husqvarna;;2203067.jpg;no
2203068;Conjunto de cilindro, 40 mm Husqvarna 132/142R Maruyama BC420;Conjunto de cilindro, 40 mm Husqvarna 132/142R Maruyama BC420;motosierras;Motosierras;cilindros-completos;Cilindros completos;Husqvarna | Maruyama;40 mm;2203068.png;no
2203069;Conjunto de cilindro, 38 mm Husqvarna 136/137;Conjunto de cilindro, 38 mm Husqvarna 136/137;motosierras;Motosierras;cilindros-completos;Cilindros completos;Husqvarna;38 mm;2203069.png;no
2203070;Conjunto de cilindro, 46 mm Husqvarna 55;Conjunto de cilindro, 46 mm Husqvarna 55;motosierras;Motosierras;cilindros-completos;Cilindros completos;Husqvarna;46 mm;2203070.png;no
2203071;Conjunto de cilindro, 45 mm Husqvarna 51;Conjunto de cilindro, 45 mm Husqvarna 51;motosierras;Motosierras;cilindros-completos;Cilindros completos;Husqvarna;45 mm;2203071.png;no
2203072;Conjunto de cilindro, 50 mm Husqvarna 268;Conjunto de cilindro, 50 mm Husqvarna 268;motosierras;Motosierras;cilindros-completos;Cilindros completos;Husqvarna;50 mm;2203072.png;no
2203073;Conjunto de cilindro, 52 mm Husqvarna 272;Conjunto de cilindro, 52 mm Husqvarna 272;motosierras;Motosierras;cilindros-completos;Cilindros completos;Husqvarna;52 mm;2203073.png;no
2203074;Conjunto de cilindro, 54 mm Husqvarna 288;Conjunto de cilindro, 54 mm Husqvarna 288;motosierras;Motosierras;cilindros-completos;Cilindros completos;Husqvarna;54 mm;2203074.png;no
2203075;Conjunto de cilindro, 42 mm Husqvarna 345;Conjunto de cilindro, 42 mm Husqvarna 345;motosierras;Motosierras;cilindros-completos;Cilindros completos;Husqvarna;42 mm;2203075.png;no
2203080;Conjunto de cilindro, 48 mm Husqvarna 365(R);Conjunto de cilindro, 48 mm Husqvarna 365(R);motosierras;Motosierras;cilindros-completos;Cilindros completos;Husqvarna;48 mm;2203080.png;no
2203081;Conjunto de cilindro, 50 mm Husqvarna 372;Conjunto de cilindro, 50 mm Husqvarna 372;motosierras;Motosierras;cilindros-completos;Cilindros completos;Husqvarna;50 mm;2203081.png;no
2203082;Conjunto de cilindro, 38 mm Oleo Mac 937;Conjunto de cilindro, 38 mm Oleo Mac 937;motosierras;Motosierras;cilindros-completos;Cilindros completos;Oleo Mac;38 mm;2203082.png;no
2203083;Conjunto de cilindro, 40 mm Oleo Mac 941;Conjunto de cilindro, 40 mm Oleo Mac 941;motosierras;Motosierras;cilindros-completos;Cilindros completos;Oleo Mac;40 mm;2203083.png;no
2203085;Conjunto de cilindro, 41 mm Echo 420 CS1700(Zomax40) Single rings;Conjunto de cilindro, 41 mm Echo 420 CS1700(Zomax40) Single rings;motosierras;Motosierras;cilindros-completos;Cilindros completos;Echo;41 mm;2203085.png;no
2203086;Conjunto de cilindro, 44,7 mm Stihl MS260 HUSQVARNA;Conjunto de cilindro, 44,7 mm Stihl MS260 HUSQVARNA;motosierras;Motosierras;cilindros-completos;Cilindros completos;Husqvarna | Stihl;44,7 mm;2203086.png;no
2212019;Embrague 2500;Embrague 2500;motosierras;Motosierras;embragues;Embragues;;;2212019.jpg;no
2212036;Embrague ST-180/250/251;Embrague ST-180/250/251;motosierras;Motosierras;embragues;Embragues;Stihl;;2212036.jpg;no
2212037;Embrague ST-260/270/280/261;Embrague ST-260/270/280/261;motosierras;Motosierras;embragues;Embragues;Stihl;;2212037.jpg;no
2212038;Embrague ST-MS361/044/036;Embrague ST-MS361/044/036;motosierras;Motosierras;embragues;Embragues;Stihl;;2212038.jpg;no
2212039;Embrague ST-MS380/381;Embrague ST-MS380/381;motosierras;Motosierras;embragues;Embragues;Stihl;;2212039.jpg;no
2212040;Embrague ST-MS382/362/44;Embrague ST-MS382/362/44;motosierras;Motosierras;embragues;Embragues;Stihl;;2212040.jpg;no
2212043;Embrague Echo 420;Embrague Echo 420;motosierras;Motosierras;embragues;Embragues;Echo;;2212043.jpg;no
2212045;Resorte De Embrague ST-180/250/251;Resorte De Embrague ST-180/250/251;motosierras;Motosierras;embragues;Embragues;Stihl;;2212045.jpg;no
2212046;Resorte De Embrague ST-361/044/036;Resorte De Embrague ST-361/044/036;motosierras;Motosierras;embragues;Embragues;Stihl;;2212046.jpg;no
2212047;Resorte De Embrague ST-MS380/381;Resorte De Embrague ST-MS380/381;motosierras;Motosierras;embragues;Embragues;Stihl;;2212047.jpg;no
2212055;Conjunto de embrague Husqvarna 61/268/272;Conjunto de embrague Husqvarna 61/268/272;motosierras;Motosierras;embragues;Embragues;Husqvarna;;2212055.png;no
2212056;Conjunto de embrague Husqvarna 365/372;Conjunto de embrague Husqvarna 365/372;motosierras;Motosierras;embragues;Embragues;Husqvarna;;2212056.png;no
2212021;Embrague Completo Chinas 4500/5200;Embrague Completo Chinas 4500/5200;motosierras;Motosierras;embragues-campanas-resortes;Embragues / Campanas / Resortes;;;2212021.jpg;no
2212026;Anillo 325 7 Piñon Flotante Chinas 4500/5200;Anillo 325 7 Piñon Flotante Chinas 4500/5200;motosierras;Motosierras;embragues-campanas-resortes;Embragues / Campanas / Resortes;;;2212026.jpg;no
2212027;Anillo 3/8 7 Piñon Flotante Chinas 4500/5200;Anillo 3/8 7 Piñon Flotante Chinas 4500/5200;motosierras;Motosierras;embragues-campanas-resortes;Embragues / Campanas / Resortes;;;2212027.jpg;no
2212028;Campana Embrague 3/8” 7 PICCO;Campana Embrague 3/8” 7 PICCO;motosierras;Motosierras;embragues-campanas-resortes;Embragues / Campanas / Resortes;;;2212028.jpg;no
2212031;Embrague Completo Chinas 6200 TAPAS DE DEPOSITOS;Embrague Completo Chinas 6200 TAPAS DE DEPOSITOS;motosierras;Motosierras;embragues-campanas-resortes;Embragues / Campanas / Resortes;;;2212031.jpg;no
2212076;"Piñón recto + rodamiento, .325"" 7… Stihl 230/250 pinon";"Piñón recto + rodamiento, .325"" 7… Stihl 230/250 pinon";motosierras;Motosierras;embragues-campanas-resortes;Embragues / Campanas / Resortes;Stihl;;2212076.png;no
2212077;"Piñón recto + rodamiento, 3/8"" 6… P340/350/360S Pinon";"Piñón recto + rodamiento, 3/8"" 6… P340/350/360S Pinon";motosierras;Motosierras;embragues-campanas-resortes;Embragues / Campanas / Resortes;;;2212077.png;no
2212078;"Piñón recto + rodamiento, 3/8"" 7… Husqvarna 61/268/272 Pinon";"Piñón recto + rodamiento, 3/8"" 7… Husqvarna 61/268/272 Pinon";motosierras;Motosierras;embragues-campanas-resortes;Embragues / Campanas / Resortes;Husqvarna;;2212078.png;no
2212079;"Piñón recto, 3/8"" 7 dientes Stihl 290/360 Pinon";"Piñón recto, 3/8"" 7 dientes Stihl 290/360 Pinon";motosierras;Motosierras;embragues-campanas-resortes;Embragues / Campanas / Resortes;Stihl;;2212079.png;no
2212083;"Piñón recto, .404"" 7 dientes Stihl 08/08S TAPAS DE DEPOSITOS";"Piñón recto, .404"" 7 dientes Stihl 08/08S TAPAS DE DEPOSITOS";motosierras;Motosierras;embragues-campanas-resortes;Embragues / Campanas / Resortes;Stihl;;2212083.png;no
2212084;"Piñón recto + rodamiento, 3/8"" 7… Husqvarna 365/372 Pinon";"Piñón recto + rodamiento, 3/8"" 7… Husqvarna 365/372 Pinon";motosierras;Motosierras;embragues-campanas-resortes;Embragues / Campanas / Resortes;Husqvarna;;2212084.png;no
2212086;Campana de Embrague Piñon Fijo Chinas 4500/5200;Campana de Embrague Piñon Fijo Chinas 4500/5200;motosierras;Motosierras;embragues-campanas-resortes;Embragues / Campanas / Resortes;;;2212086.jpg;no
2212087;Campana de Embrague Piñon Flotante Kit Chinas 4500/5200;Campana de Embrague Piñon Flotante Kit Chinas 4500/5200;motosierras;Motosierras;embragues-campanas-resortes;Embragues / Campanas / Resortes;;;2212087.jpg;no
2203014;Silenciador de escape Stihl MS170/180;Silenciador de escape Stihl MS170/180;motosierras;Motosierras;escapes;Escapes;Stihl;;https://gceymxcsmyxlzlpuzzzp.supabase.co/storage/v1/object/public/media/foto/2203014-1788970470552.webp;no
2203015;Silenciador de escape Stihl MS230/250;Silenciador de escape Stihl MS230/250;motosierras;Motosierras;escapes;Escapes;Stihl;;https://gceymxcsmyxlzlpuzzzp.supabase.co/storage/v1/object/public/media/foto/2203015-1788970561036.webp;no
2203016;Silenciador de escape Stihl MS360;Silenciador de escape Stihl MS360;motosierras;Motosierras;escapes;Escapes;Stihl;;https://gceymxcsmyxlzlpuzzzp.supabase.co/storage/v1/object/public/media/foto/2203016-1788970599489.webp;no
2203017;Silenciador de escape Stihl MS341/361;Silenciador de escape Stihl MS341/361;motosierras;Motosierras;escapes;Escapes;Stihl;;https://gceymxcsmyxlzlpuzzzp.supabase.co/storage/v1/object/public/media/foto/2203017-1788970646470.webp;no
2203018;Silenciador de escape Stihl MS380/038;Silenciador de escape Stihl MS380/038;motosierras;Motosierras;escapes;Escapes;Stihl;;https://gceymxcsmyxlzlpuzzzp.supabase.co/storage/v1/object/public/media/foto/2203018-1788970777412.webp;no
2203019;Silenciador de escape Stihl MS381/382;Silenciador de escape Stihl MS381/382;motosierras;Motosierras;escapes;Escapes;Stihl;;;no
2203020;Escape Chinas 3800;Escape Chinas 3800;motosierras;Motosierras;escapes;Escapes;;;2203020.jpg;no
2203021;Escape Motosierras Chinas;Escape Motosierras Chinas;motosierras;Motosierras;escapes;Escapes;;;2203021.jpg;no
2203022;Tornillo de escape Chinas 3800;Tornillo de escape Chinas 3800;motosierras;Motosierras;escapes;Escapes;;;2203022.jpg;no
2203025;Silenciador de escape (con chapa) Husqvarna 61/268/272;Silenciador de escape (con chapa) Husqvarna 61/268/272;motosierras;Motosierras;escapes;Escapes;Husqvarna;;2203025.png;no
2203026;Silenciador de escape (con chapa) Husqvarna 365/372;Silenciador de escape (con chapa) Husqvarna 365/372;motosierras;Motosierras;escapes;Escapes;Husqvarna;;2203026.png;no
2203027;Silenciador de escape (con… Husqvarna 365/372/385/390;Silenciador de escape (con… Husqvarna 365/372/385/390;motosierras;Motosierras;escapes;Escapes;Husqvarna;;2203027.png;no
2203401;Escape REPL · MS170 MS180;Escape REPL · MS170 MS180;motosierras;Motosierras;escapes;Escapes;;;2203401.jpg;no
2203402;Escape REPL · ST MS 380/381;Escape REPL · ST MS 380/381;motosierras;Motosierras;escapes;Escapes;;;2203402.jpg;no
2203403;Escape REPL · ST MS 340/360;Escape REPL · ST MS 340/360;motosierras;Motosierras;escapes;Escapes;;;2203403.jpg;no
2203404;Escape REPL · ST MS 361;Escape REPL · ST MS 361;motosierras;Motosierras;escapes;Escapes;;;2203404.jpg;no
2203405;Escape REPL · HUS 61/268/272;Escape REPL · HUS 61/268/272;motosierras;Motosierras;escapes;Escapes;;;2203405.jpg;no
2290531;Echo CS-420/510 Paso 325 058 1.5mm 18” Punta Piñon;Echo CS-420/510 Paso 325 058 1.5mm 18” Punta Piñon;motosierras;Motosierras;espadas-premium;Espadas premium;Echo;Paso 325 | 1.5mm;2290531.jpg;no
2290532;Stihl MS-250 Paso 325 063 1.6mm 18” Punta Piñon;Stihl MS-250 Paso 325 063 1.6mm 18” Punta Piñon;motosierras;Motosierras;espadas-premium;Espadas premium;Stihl;Paso 325 | 1.6mm;2290532.jpg;no
2290533;HQV 61 Oleo Mac GS650 Paso 3/8” 058 1.5mm 18” Punta Dura;HQV 61 Oleo Mac GS650 Paso 3/8” 058 1.5mm 18” Punta Dura;motosierras;Motosierras;espadas-premium;Espadas premium;Husqvarna | Oleo Mac;Paso 3/8” | 1.5mm;2290533.jpg;no
2290534;Stihl MS361/381/382/461 Paso 3/8” 063 1.6mm 20” Punta Dura;Stihl MS361/381/382/461 Paso 3/8” 063 1.6mm 20” Punta Dura;motosierras;Motosierras;espadas-premium;Espadas premium;Stihl;Paso 3/8” | 1.6mm;2290534.jpg;no
2290535;Echo CS-600/6702/680s Paso 3/8” 058 1.5mm 20” Punta Dura;Echo CS-600/6702/680s Paso 3/8” 058 1.5mm 20” Punta Dura;motosierras;Motosierras;espadas-premium;Espadas premium;Echo;Paso 3/8” | 1.5mm;2290535.jpg;no
2290537;Espada 243ATM025 0.63 1.6 MS381 24”;Espada 243ATM025 0.63 1.6 MS381 24”;motosierras;Motosierras;espadas-premium;Espadas premium;;;2290537.jpg;no
2290539;Espada Echo 420-510 Paso 325-050-1.3 18”;Espada Echo 420-510 Paso 325-050-1.3 18”;motosierras;Motosierras;espadas-premium;Espadas premium;Echo;Paso 325;2290539.jpg;no
2291015;Cadena Paso 3/8” LP Chisel Rollo 30.5mts;Cadena Paso 3/8” LP Chisel Rollo 30.5mts;motosierras;Motosierras;espadas-premium;Espadas premium;;Paso 3/8”;2291015.jpg;no
2291016;Cadena Paso 325” 058” Chisel Rollo 30.5mts;Cadena Paso 325” 058” Chisel Rollo 30.5mts;motosierras;Motosierras;espadas-premium;Espadas premium;;Paso 325”;2291016.jpg;no
2291017;Cadena Paso 3/8” 058” Chisel Rollo 30.5mts;Cadena Paso 3/8” 058” Chisel Rollo 30.5mts;motosierras;Motosierras;espadas-premium;Espadas premium;;Paso 3/8”;2291017.jpg;no
2291018;Cadena Paso 3/8” 063” Chisel Rollo 30.5mts;Cadena Paso 3/8” 063” Chisel Rollo 30.5mts;motosierras;Motosierras;espadas-premium;Espadas premium;;Paso 3/8”;2291018.jpg;no
2291019;Cadena Paso 325” 050” Chisel Rollo 30.5mts;Cadena Paso 325” 050” Chisel Rollo 30.5mts;motosierras;Motosierras;espadas-premium;Espadas premium;;Paso 325”;2291019.jpg;no
2291020;Cadena Paso 3/8” 0.50” Chisel Rollo 30.5mts;Cadena Paso 3/8” 0.50” Chisel Rollo 30.5mts;motosierras;Motosierras;espadas-premium;Espadas premium;;Paso 3/8”;2291020.jpg;no
2291021;Cadena 1/4” 0.50” 1.3 Chisel Rollo 30.5mts;Cadena 1/4” 0.50” 1.3 Chisel Rollo 30.5mts;motosierras;Motosierras;espadas-premium;Espadas premium;;;2291021.jpg;no
2291023;Cadena Paso 325” 063” 1.6 Chisel Rollo 30.5mts;Cadena Paso 325” 063” 1.6 Chisel Rollo 30.5mts;motosierras;Motosierras;espadas-premium;Espadas premium;;Paso 325”;2291023.jpg;no
2291024;Cadena M- Littio 1/4” 043” 1.1 Chisel Rollo 30.5mts;Cadena M- Littio 1/4” 043” 1.1 Chisel Rollo 30.5mts;motosierras;Motosierras;espadas-premium;Espadas premium;;;2291024.jpg;no
2291038;Cadena 1/4” 043” 1.1 Chisel Rollo 30.5mts;Cadena 1/4” 043” 1.1 Chisel Rollo 30.5mts;motosierras;Motosierras;espadas-premium;Espadas premium;;;2291038.jpg;no
2290510;Espada 100SDEA218 10” 050. 3/8” 1.3;Espada 100SDEA218 10” 050. 3/8” 1.3;motosierras;Motosierras;espadas-standard;Espadas standard;;;2290510.jpg;no
2290511;Espada 100SDEA041 10” 050. 3/8” 1.3;Espada 100SDEA041 10” 050. 3/8” 1.3;motosierras;Motosierras;espadas-standard;Espadas standard;;;2290511.jpg;no
2290515;Espada 12” (30cm) Paso 3/8” Calibre 050 Chinas;Espada 12” (30cm) Paso 3/8” Calibre 050 Chinas;motosierras;Motosierras;espadas-standard;Espadas standard;;Paso 3/8” | Calibre 050;2290515.jpg;no
2290517;Espada MS170 14” 050. 3/8” 1.3;Espada MS170 14” 050. 3/8” 1.3;motosierras;Motosierras;espadas-standard;Espadas standard;;;2290517.jpg;no
2290518;Espada 16” (40cm) 180/210 Oleo Mac 395;Espada 16” (40cm) 180/210 Oleo Mac 395;motosierras;Motosierras;espadas-standard;Espadas standard;Oleo Mac;;2290518.jpg;no
2290520;Espada 16” (40cm) Paso 325 Calibre 058 Chinas 3800;Espada 16” (40cm) Paso 325 Calibre 058 Chinas 3800;motosierras;Motosierras;espadas-standard;Espadas standard;;Paso 325 | Calibre 058;2290520.jpg;no
2290521;Espada 16” (40cm) Paso 3/8LP Calibre 050 Chinas 3800;Espada 16” (40cm) Paso 3/8LP Calibre 050 Chinas 3800;motosierras;Motosierras;espadas-standard;Espadas standard;;Paso 3/8 | Calibre 050;2290521.jpg;no
2290522;Espada 18” (45cm) Paso 325 Calibre 058 Chinas 4500;Espada 18” (45cm) Paso 325 Calibre 058 Chinas 4500;motosierras;Motosierras;espadas-standard;Espadas standard;;Paso 325 | Calibre 058;2290522.jpg;no
2290523;Espada 20” (50cm) Paso 325 Calibre 058 Chinas 5200;Espada 20” (50cm) Paso 325 Calibre 058 Chinas 5200;motosierras;Motosierras;espadas-standard;Espadas standard;;Paso 325 | Calibre 058;2290523.jpg;no
2290524;Espada 22” (55cm) Paso 325 Calibre 058 Chinas 5200;Espada 22” (55cm) Paso 325 Calibre 058 Chinas 5200;motosierras;Motosierras;espadas-standard;Espadas standard;;Paso 325 | Calibre 058;2290524.jpg;no
2290525;Espada 22” (55cm) Paso 3/8 Calibre 058 Chinas 5200;Espada 22” (55cm) Paso 3/8 Calibre 058 Chinas 5200;motosierras;Motosierras;espadas-standard;Espadas standard;;Paso 3/8 | Calibre 058;2290525.jpg;no
2290526;Espada 18” (45cm) Paso 325 Calibre 058 BIG Chinas 5200;Espada 18” (45cm) Paso 325 Calibre 058 BIG Chinas 5200;motosierras;Motosierras;espadas-standard;Espadas standard;;Paso 325 | Calibre 058;2290526.jpg;no
2290527;Espada 20” 325 050 1.3 76;Espada 20” 325 050 1.3 76;motosierras;Motosierras;espadas-standard;Espadas standard;;;2290527.jpg;no
2290529;Espada 20” 325-058 1.5 76 D;Espada 20” 325-058 1.5 76 D;motosierras;Motosierras;espadas-standard;Espadas standard;;;2290529.jpg;no
2290541;Espada MS250 325” 0,63 1,6 18” (074);Espada MS250 325” 0,63 1,6 18” (074);motosierras;Motosierras;espadas-standard;Espadas standard;;;2290541.jpg;no
2290542;Espada HQV 61 18” 3/8” 058” (009) PD;Espada HQV 61 18” 3/8” 058” (009) PD;motosierras;Motosierras;espadas-standard;Espadas standard;Husqvarna;;2290542.jpg;no
2290543;Espada MS361 20” 3/8” 063” (025) PD;Espada MS361 20” 3/8” 063” (025) PD;motosierras;Motosierras;espadas-standard;Espadas standard;;;2290543.jpg;no
2290544;Espada Maq-Lithium 4” 1/4* 1.1;Espada Maq-Lithium 4” 1/4* 1.1;motosierras;Motosierras;espadas-standard;Espadas standard;;;2290544.jpg;no
2290545;Espada Maq-Lithium 6” 1/4* 1.1;Espada Maq-Lithium 6” 1/4* 1.1;motosierras;Motosierras;espadas-standard;Espadas standard;;;2290545.jpg;no
2290546;Espada Maq-Lithium 8” 1/4* 1.1;Espada Maq-Lithium 8” 1/4* 1.1;motosierras;Motosierras;espadas-standard;Espadas standard;;;2290546.jpg;no
2208015;Filtro de Aceite Chinas 4500;Filtro de Aceite Chinas 4500;motosierras;Motosierras;filtro-de-aceite;Filtro de aceite;;;2208015.jpg;no
2207001;Filtro de Aire Chinas 3800;Filtro de Aire Chinas 3800;motosierras;Motosierras;filtro-de-aire;Filtro de aire;;;2207001.jpg;no
2207002;Filtro de Aire Chinas 4500/5200;Filtro de Aire Chinas 4500/5200;motosierras;Motosierras;filtro-de-aire;Filtro de aire;;;2207002.jpg;no
2207004;Filtro aire CHINAS 4500/5200 SMALL / / 60CC;Filtro aire CHINAS 4500/5200 SMALL / / 60CC;motosierras;Motosierras;filtro-de-aire;Filtro de aire;;45CC | 52CC | 60CC;2207004.jpg;no
2207003;Filtro de aire — Echo;Filtro aire CHINAS · 2500;motosierras;Motosierras;filtros-de-aire-reemplazos-2t;Filtros de aire reemplazos 2T;Echo;;2207003.jpg;no
2207019;Esponja de fi ltro de aire Stihl MS162/172;Esponja de fi ltro de aire Stihl MS162/172;motosierras;Motosierras;filtros-de-aire-reemplazos-2t;Filtros de aire reemplazos 2T;Stihl;;;no
2207020;Conjunto de fi ltro de aire Stihl MS162/172;Conjunto de fi ltro de aire Stihl MS162/172;motosierras;Motosierras;filtros-de-aire-reemplazos-2t;Filtros de aire reemplazos 2T;Stihl;;;no
2207050;Filtro de aire — Echo;Filtro De Aire · REPL ST-MS170;motosierras;Motosierras;filtros-de-aire-reemplazos-2t;Filtros de aire reemplazos 2T;Echo;;2207050.jpg;no
2207051;Filtro de aire — Echo;Filtro De Aire · REPL ST-MS170 NEW;motosierras;Motosierras;filtros-de-aire-reemplazos-2t;Filtros de aire reemplazos 2T;Echo;;2207051.jpg;no
2207052;Filtro de aire — Echo;Filtro De Aire · MS REPL ST 170/180;motosierras;Motosierras;filtros-de-aire-reemplazos-2t;Filtros de aire reemplazos 2T;Echo;;2207052.jpg;no
2207053;Filtro de aire — Echo;Filtro de Aire · REPL ST-MS230/250;motosierras;Motosierras;filtros-de-aire-reemplazos-2t;Filtros de aire reemplazos 2T;Echo;;2207053.jpg;no
2207054;Filtro de aire — Echo;Filtro De Aire · REPL STL MS380/382;motosierras;Motosierras;filtros-de-aire-reemplazos-2t;Filtros de aire reemplazos 2T;Echo;;2207054.jpg;no
2207055;Filtro de aire — Echo;Filtro De Aire · REPL ST-MS360;motosierras;Motosierras;filtros-de-aire-reemplazos-2t;Filtros de aire reemplazos 2T;Echo;;2207055.jpg;no
2207057;Filtro de aire — Echo;Filtro aire REPL · ST-MS341/361;motosierras;Motosierras;filtros-de-aire-reemplazos-2t;Filtros de aire reemplazos 2T;Echo;;2207057.jpg;no
2207059;Filtro de aire — Echo;Filtro aire REPL · ST-380/381/382;motosierras;Motosierras;filtros-de-aire-reemplazos-2t;Filtros de aire reemplazos 2T;Echo;;2207059.jpg;no
2207012;Tapa de fi ltro de aire;Tapa de fi ltro de aire;motosierras;Motosierras;filtros-de-aire-sopladoras-2t;Filtros de aire sopladoras 2T;;;2207012.jpg;no
2207013;Tapa de fi ltro de aire;Tapa de fi ltro de aire;motosierras;Motosierras;filtros-de-aire-sopladoras-2t;Filtros de aire sopladoras 2T;;;2207013.jpg;no
2203012;Kit Cilindro y Piston Chinas 4500 43mm;Kit Cilindro y Piston Chinas 4500 43mm;motosierras;Motosierras;kit-de-cilindros;Kit de cilindros;;;2203012.jpg;no
2203013;Kit Cilindro y Piston Chinas 5200 45mm;Kit Cilindro y Piston Chinas 5200 45mm;motosierras;Motosierras;kit-de-cilindros;Kit de cilindros;;;2203013.jpg;no
2204016;Kit Piston Chinas 4500 43mm;Kit Piston Chinas 4500 43mm;motosierras;Motosierras;kit-de-piston;Kit de pistón;;;2204016.jpg;no
2204017;Kit Piston Chinas 5200 45mm;Kit Piston Chinas 5200 45mm;motosierras;Motosierras;kit-de-piston;Kit de pistón;;;2204017.jpg;no
2209005;Echo CS-332;Echo CS-332;motosierras;Motosierras;kits-de-juntas-y-diafragmas;Kits de juntas y diafragmas;Echo;;2209005.jpg;no
2209008;Homelite XL 12 SXL Mc Culloch Sp81/ PM850/800;Homelite XL 12 SXL Mc Culloch Sp81/ PM850/800;motosierras;Motosierras;kits-de-juntas-y-diafragmas;Kits de juntas y diafragmas;Homelite | McCulloch;;2209008.jpg;no
2209012;Homelite ST 155/175/185/ 285/385 Mc Culloch 28cc. 32cc;Homelite ST 155/175/185/ 285/385 Mc Culloch 28cc. 32cc;motosierras;Motosierras;kits-de-juntas-y-diafragmas;Kits de juntas y diafragmas;Homelite | McCulloch | Stihl;28cc | 32cc;2209012.jpg;no
2209019;Echo CS-4100/4400/4600;Echo CS-4100/4400/4600;motosierras;Motosierras;kits-de-juntas-y-diafragmas;Kits de juntas y diafragmas;Echo;;2209019.jpg;no
2209021;Stihl MS-34/36/360;Stihl MS-34/36/360;motosierras;Motosierras;kits-de-juntas-y-diafragmas;Kits de juntas y diafragmas;Stihl;;2209021.jpg;no
2209024;Husqvarna 365/372XP Jonsered 2065;Husqvarna 365/372XP Jonsered 2065;motosierras;Motosierras;kits-de-juntas-y-diafragmas;Kits de juntas y diafragmas;Husqvarna | Jonsered;;2209024.jpg;no
2209025;Stihl 036 / 044;Stihl 036 / 044;motosierras;Motosierras;kits-de-juntas-y-diafragmas;Kits de juntas y diafragmas;Stihl;;2209025.jpg;no
2209026;Stihl 034 / 044;Stihl 034 / 044;motosierras;Motosierras;kits-de-juntas-y-diafragmas;Kits de juntas y diafragmas;Stihl;;2209026.jpg;no
2209027;Oleo Mac 935, Mc Culloch 735 Poulan Super 25/P600;Oleo Mac 935, Mc Culloch 735 Poulan Super 25/P600;motosierras;Motosierras;kits-de-juntas-y-diafragmas;Kits de juntas y diafragmas;Poulan | McCulloch | Oleo Mac;;2209027.jpg;no
2209028;Stihl FS-85/106/108/450;Stihl FS-85/106/108/450;motosierras;Motosierras;kits-de-juntas-y-diafragmas;Kits de juntas y diafragmas;Stihl;;2209028.jpg;no
2209033;Stihl MS 170/180 HQV 40/45/51 Jonsered 2050;Stihl MS 170/180 HQV 40/45/51 Jonsered 2050;motosierras;Motosierras;kits-de-juntas-y-diafragmas;Kits de juntas y diafragmas;Husqvarna | Stihl | Jonsered;;2209033.jpg;no
2209035;Stihl MS-210/250 Husqvarna 128C/128R/343R;Stihl MS-210/250 Husqvarna 128C/128R/343R;motosierras;Motosierras;kits-de-juntas-y-diafragmas;Kits de juntas y diafragmas;Husqvarna | Stihl;;2209035.jpg;no
2209083;Husqvarna 236;Husqvarna 236;motosierras;Motosierras;kits-de-juntas-y-diafragmas;Kits de juntas y diafragmas;Husqvarna;;2209083.jpg;no
2209096;Stihl MS-380/381;Stihl MS-380/381;motosierras;Motosierras;kits-de-juntas-y-diafragmas;Kits de juntas y diafragmas;Stihl;;2209096.jpg;no
2209135;Stihl MS-231/361;Stihl MS-231/361;motosierras;Motosierras;kits-de-juntas-y-diafragmas;Kits de juntas y diafragmas;Stihl;;2209135.jpg;no
2209205;Stihl 056/064/066, Oleo Mac 350/971/981;Stihl 056/064/066, Oleo Mac 350/971/981;motosierras;Motosierras;kits-de-juntas-y-diafragmas;Kits de juntas y diafragmas;Stihl | Oleo Mac;;2209205.jpg;no
2209208;Echo CS-510/ 550/600/5000 Husqvarna 345/345XP;Echo CS-510/ 550/600/5000 Husqvarna 345/345XP;motosierras;Motosierras;kits-de-juntas-y-diafragmas;Kits de juntas y diafragmas;Husqvarna | Echo;;2209208.jpg;no
2209209;Echo CS-510/ 550/600/5000 Husqvarna 345/345XP;Echo CS-510/ 550/600/5000 Husqvarna 345/345XP;motosierras;Motosierras;kits-de-juntas-y-diafragmas;Kits de juntas y diafragmas;Husqvarna | Echo;;2209209.jpg;no
2209210;Echo CS-510/ 550/600/5000 Husqvarna 345/345XP;Echo CS-510/ 550/600/5000 Husqvarna 345/345XP;motosierras;Motosierras;kits-de-juntas-y-diafragmas;Kits de juntas y diafragmas;Husqvarna | Echo;;2209210.jpg;no
2209211;Echo CS-500/501/502/650 Mc Culloch 610/650;Echo CS-500/501/502/650 Mc Culloch 610/650;motosierras;Motosierras;kits-de-juntas-y-diafragmas;Kits de juntas y diafragmas;Echo | McCulloch;;2209211.jpg;no
2209213;Stihl 038/MS-380;Stihl 038/MS-380;motosierras;Motosierras;kits-de-juntas-y-diafragmas;Kits de juntas y diafragmas;Stihl;;2209213.jpg;no
2209215;Stihl 08/070;Stihl 08/070;motosierras;Motosierras;kits-de-juntas-y-diafragmas;Kits de juntas y diafragmas;Stihl;;2209215.jpg;no
2209216;T HQV 61/261/266/268/272XP Echo CS-60, Jonsered 625/630/670;T HQV 61/261/266/268/272XP Echo CS-60, Jonsered 625/630/670;motosierras;Motosierras;kits-de-juntas-y-diafragmas;Kits de juntas y diafragmas;Husqvarna | Echo | Jonsered;;2209216.jpg;no
2209220;Kit Y Diafragma MS660;Kit Y Diafragma MS660;motosierras;Motosierras;kits-de-juntas-y-diafragmas;Kits de juntas y diafragmas;;;2209220.jpg;no
2921010;Manguera Aceite Chinas 4500/5200;Manguera Aceite Chinas 4500/5200;motosierras;Motosierras;mangueras-de-combustible;Mangueras de combustible;;;2921010.jpg;no
2921011;Manguera Aceite Chinas 4500/5200;Manguera Aceite Chinas 4500/5200;motosierras;Motosierras;mangueras-de-combustible;Mangueras de combustible;;;2921011.jpg;no
2220009;Partes — Chinas 38cc;Amortiguador · Chinas 3800;motosierras;Motosierras;partes;Partes;;;2220009.jpg;no
2220010;Amortiguador Chinas 3800;Amortiguador Chinas 3800;motosierras;Motosierras;partes;Partes;;;2220010.jpg;no
2220011;Amortiguador Chinas 4500/5200;Amortiguador Chinas 4500/5200;motosierras;Motosierras;partes;Partes;;;2220011.jpg;no
2220012;Amortiguador Chinas 4500/5200;Amortiguador Chinas 4500/5200;motosierras;Motosierras;partes;Partes;;;2220012.jpg;no
2220013;Amortiguador Atrapa Cadena Chinas 4500/5200;Amortiguador Atrapa Cadena Chinas 4500/5200;motosierras;Motosierras;partes;Partes;;;2220013.jpg;no
2220014;Brida de Admisión Chinas 3800;Brida de Admisión Chinas 3800;motosierras;Motosierras;partes;Partes;;;2220014.jpg;no
2220015;Brida de Admision Chinas 4500/5200;Brida de Admision Chinas 4500/5200;motosierras;Motosierras;partes;Partes;;;2220015.jpg;no
2220017;Volante Magnético Chinas;Volante Magnético Chinas;motosierras;Motosierras;partes;Partes;;;2220017.jpg;no
2220019;Switch Stop Tan Chinas 4500/5200;Switch Stop Tan Chinas 4500/5200;motosierras;Motosierras;partes;Partes;;;2220019.jpg;no
2220020;Kit Estira cadena Lateral;Kit Estira cadena Lateral;motosierras;Motosierras;partes;Partes;;;2220020.jpg;no
2220021;Kit Estira cadena Frontal;Kit Estira cadena Frontal;motosierras;Motosierras;partes;Partes;;;2220021.jpg;no
2220024;CHINAS 45CC / 52CC;CHINAS 45CC / 52CC;motosierras;Motosierras;partes;Partes;;45CC | 52CC;2220024.jpg;no
2220025;Tuerca Tapa Cadena Motosieras Chinas;Tuerca Tapa Cadena Motosieras Chinas;motosierras;Motosierras;partes;Partes;;;2220025.jpg;no
2220027;Palanca Cebador Chinas 3800;Palanca Cebador Chinas 3800;motosierras;Motosierras;partes;Partes;;;2220027.jpg;no
2220030;Zuncho de Freno Chinas 3800;Zuncho de Freno Chinas 3800;motosierras;Motosierras;partes;Partes;;;2220030.jpg;no
2220033;Tuerca Tapa Filtro De Aire Chinas 4500 / 5200;Tuerca Tapa Filtro De Aire Chinas 4500 / 5200;motosierras;Motosierras;partes;Partes;;;2220033.jpg;no
2220034;Palanca Cebador 4500 / 5200;Palanca Cebador 4500 / 5200;motosierras;Motosierras;partes;Partes;;;2220034.jpg;no
2220037;Zuncho De Freno 4500 / 5200;Zuncho De Freno 4500 / 5200;motosierras;Motosierras;partes;Partes;;;2220037.jpg;no
2220082;Garra de apoyo dentada Husqvarna 61/268/272;Garra de apoyo dentada Husqvarna 61/268/272;motosierras;Motosierras;partes;Partes;Husqvarna;;2220082.png;no
2220083;Garra de apoyo dentada Husqvarna 365/372/385/575;Garra de apoyo dentada Husqvarna 365/372/385/575;motosierras;Motosierras;partes;Partes;Husqvarna;;2220083.png;no
2220104;Amortiguador anular (silentblock) CS4000(1700) BIG;Amortiguador anular (silentblock) CS4000(1700) BIG;motosierras;Motosierras;partes;Partes;;;2220104.jpg;no
2220105;Amortiguador anular (silentblock) CS4000(1700) SMALL;Amortiguador anular (silentblock) CS4000(1700) SMALL;motosierras;Motosierras;partes;Partes;;;2220105.jpg;no
2220106;Amortiguador anular (silentblock) Husqvarna 61/268/272 (Big);Amortiguador anular (silentblock) Husqvarna 61/268/272 (Big);motosierras;Motosierras;partes;Partes;Husqvarna;;2220106.png;no
2220107;Amortiguador anular (silentblock) Husqvarna 365/372;Amortiguador anular (silentblock) Husqvarna 365/372;motosierras;Motosierras;partes;Partes;Husqvarna;;2220107.png;no
2220108;Amortiguador anular (silentblock) Husqvarna 365/372;Amortiguador anular (silentblock) Husqvarna 365/372;motosierras;Motosierras;partes;Partes;Husqvarna;;2220108.png;no
2220109;Tapón de amortiguador anular ST170/180/250/290 (1123 791 7300);Tapón de amortiguador anular ST170/180/250/290 (1123 791 7300);motosierras;Motosierras;partes;Partes;;;2220109.jpg;no
2220110;Tapón de amortiguador anular ST250/290 (1123 791 7310);Tapón de amortiguador anular ST250/290 (1123 791 7310);motosierras;Motosierras;partes;Partes;;;2220110.jpg;no
2220111;Tapón de amortiguador anular ST026/038(1119 791 7305);Tapón de amortiguador anular ST026/038(1119 791 7305);motosierras;Motosierras;partes;Partes;;;2220111.jpg;no
2220112;Tapón de amortiguador anular ST026/036/038/380/381 / (1125 791… CHINAS 4;Tapón de amortiguador anular ST026/036/038/380/381 / (1125 791… CHINAS 45CC/52CC (NUEVA POSICIÓN — );motosierras;Motosierras;partes;Partes;;45CC | 52CC;2220112.jpg;no
2220118;"Manubrio Código Logbelts: Mandril portacuchilla 54"" 618P09257 Código Log";"Manubrio Código Logbelts: Mandril portacuchilla 54"" 618P09257 Código Logbelts: Eje 46""";motosierras;Motosierras;partes;Partes;Husqvarna;;2220118.png;no
2220119;Manubrio (aluminio, buje de goma… EJES DE TRANSMISIÓN — A CAJAS DE ENGRA;"Manubrio (aluminio, buje de goma… EJES DE TRANSMISIÓN — A CAJAS DE ENGRANAJE Código Logbelts: Eje 54""";motosierras;Motosierras;partes;Partes;Husqvarna;;2220119.png;no
2220120;Manubrio Husqvarna 61/268/272;Manubrio Husqvarna 61/268/272;motosierras;Motosierras;partes;Partes;Husqvarna;;2220120.png;no
2220121;Manubrio Husqvarna 362/365;Manubrio Husqvarna 362/365;motosierras;Motosierras;partes;Partes;Husqvarna;;2220121.png;no
2220133;Varilla de cebador (choke) Husqvarna 61/268/272/288;Varilla de cebador (choke) Husqvarna 61/268/272/288;motosierras;Motosierras;partes;Partes;Husqvarna;;2220133.png;no
2220134;Varilla de cebador (choke) Husqvarna 365/372;Varilla de cebador (choke) Husqvarna 365/372;motosierras;Motosierras;partes;Partes;Husqvarna;;2220134.png;no
2220171;Manija de freno Husqvarna 61/268/272;Manija de freno Husqvarna 61/268/272;motosierras;Motosierras;partes;Partes;Husqvarna;;2220171.png;no
2220172;Manija de freno Husqvarna 362/365/372;Manija de freno Husqvarna 362/365/372;motosierras;Motosierras;partes;Partes;Husqvarna;;2220172.png;no
2220178;Cubierta / carcasa Husqvarna 61/268/272;Cubierta / carcasa Husqvarna 61/268/272;motosierras;Motosierras;partes;Partes;Husqvarna;;2220178.png;no
2220179;Cubierta / carcasa Husqvarna 365/372;Cubierta / carcasa Husqvarna 365/372;motosierras;Motosierras;partes;Partes;Husqvarna;;2220179.png;no
2220199;Interruptor de encendido/apagado Husqvarna 137/55/61/268/288;Interruptor de encendido/apagado Husqvarna 137/55/61/268/288;motosierras;Motosierras;partes;Partes;Husqvarna;;2220199.png;no
2220200;Interruptor de encendido/apagado Husqvarna 365/372;Interruptor de encendido/apagado Husqvarna 365/372;motosierras;Motosierras;partes;Partes;Husqvarna;;2220200.png;no
2204047;Kit de pistón;Kit De Piston Y Aros · Reemplazo St Ms 660;motosierras;Motosierras;pistones-y-aros;Pistones y aros;;;2204047.jpg;no
2204049;Conjunto de pistón, 44 mm Stihl MS251;Conjunto de pistón, 44 mm Stihl MS251;motosierras;Motosierras;pistones-y-aros;Pistones y aros;Stihl;44 mm;;no
2204051;Conjunto de pistón, 47 mm Stihl MS291;Conjunto de pistón, 47 mm Stihl MS291;motosierras;Motosierras;pistones-y-aros;Pistones y aros;Stihl;47 mm;;no
2204055;Kit de pistón;Kit De Piston Y Aros · Reemplazo Husq 236;motosierras;Motosierras;pistones-y-aros;Pistones y aros;;;2204055.jpg;no
2204056;Kit de pistón;Kit De Piston Y Aros · Reemplazo Husq 365;motosierras;Motosierras;pistones-y-aros;Pistones y aros;;;2204056.jpg;no
2204057;Kit de pistón;Kit De Piston Y Aros · Reemplazo Husq 435;motosierras;Motosierras;pistones-y-aros;Pistones y aros;;;2204057.jpg;no
2204058;Kit de pistón;Kit De Piston Y Aros · Reemplazo Husq 61;motosierras;Motosierras;pistones-y-aros;Pistones y aros;;;2204058.jpg;no
2304001;Conjunto de pistón, 34 mm Stihl BG86;Conjunto de pistón, 34 mm Stihl BG86;motosierras;Motosierras;pistones-y-aros;Pistones y aros;Stihl;34 mm;;no
2204030;Kit de pistón — Briggs & Stratton;Kit De Piston Y Aros · Reemplazo St 08;motosierras;Motosierras;reemplazos-briggs-stratton;Reemplazos Briggs & Stratton;Briggs & Stratton;;2204030.jpg;no
2204031;Kit de pistón — Briggs & Stratton;Kit Pistón y Aros · Stihl MS-170;motosierras;Motosierras;reemplazos-briggs-stratton;Reemplazos Briggs & Stratton;Briggs & Stratton;;2204031.jpg;no
2204032;Kit de pistón — Briggs & Stratton;Kit De Piston Y Aros · Reemplazo St Ms 180;motosierras;Motosierras;reemplazos-briggs-stratton;Reemplazos Briggs & Stratton;Briggs & Stratton;;2204032.jpg;no
2204033;Kit de pistón — Briggs & Stratton;Kit De Piston Y Aros · Reemplazo St Ms 210;motosierras;Motosierras;reemplazos-briggs-stratton;Reemplazos Briggs & Stratton;Briggs & Stratton;;2204033.jpg;no
2204034;Kit de pistón — Briggs & Stratton;Kit Pistón y Aros · Stihl MS-250;motosierras;Motosierras;reemplazos-briggs-stratton;Reemplazos Briggs & Stratton;Briggs & Stratton;;2204034.jpg;no
2204035;Kit de pistón — Briggs & Stratton;Kit De Piston Y Aros · Reemplazo St Ms 230;motosierras;Motosierras;reemplazos-briggs-stratton;Reemplazos Briggs & Stratton;Briggs & Stratton;;2204035.jpg;no
2204036;Kit de pistón — Briggs & Stratton;Kit De Piston Y Aros · Reemplazo St Ms 260;motosierras;Motosierras;reemplazos-briggs-stratton;Reemplazos Briggs & Stratton;Briggs & Stratton;;2204036.jpg;no
2204037;Kit de pistón — Briggs & Stratton;Kit De Piston Y Aros · Reemplazo St Ms 360;motosierras;Motosierras;reemplazos-briggs-stratton;Reemplazos Briggs & Stratton;Briggs & Stratton;;2204037.jpg;no
2204038;Kit de pistón — Briggs & Stratton;Kit Pistón y Aros · Stihl MS-361;motosierras;Motosierras;reemplazos-briggs-stratton;Reemplazos Briggs & Stratton;Briggs & Stratton;;2204038.jpg;no
2204039;Kit de pistón — Briggs & Stratton;Kit De Piston Y Aros · Reemplazo St Ms 290;motosierras;Motosierras;reemplazos-briggs-stratton;Reemplazos Briggs & Stratton;Briggs & Stratton;;2204039.jpg;no
2204040;Kit de pistón — Briggs & Stratton;Kit De Piston Y Aros · Reemplazo St Ms 380;motosierras;Motosierras;reemplazos-briggs-stratton;Reemplazos Briggs & Stratton;Briggs & Stratton;;2204040.jpg;no
2204041;Kit de pistón — Briggs & Stratton;Kit De Piston Y Aros · Reemplazo St Ms 381;motosierras;Motosierras;reemplazos-briggs-stratton;Reemplazos Briggs & Stratton;Briggs & Stratton;;2204041.jpg;no
2204042;Kit de pistón — Briggs & Stratton;Kit De Piston Y Aros · Reemplazo St Ms 382;motosierras;Motosierras;reemplazos-briggs-stratton;Reemplazos Briggs & Stratton;Briggs & Stratton;;2204042.jpg;no
2204044;Kit de pistón — Briggs & Stratton;Kit De Piston Y Aros · Reemplazo St Ms 460;motosierras;Motosierras;reemplazos-briggs-stratton;Reemplazos Briggs & Stratton;Briggs & Stratton;;2204044.jpg;no
2204045;Kit de pistón — Briggs & Stratton;Kit De Piston Y Aros · Reemplazo St Ms 461;motosierras;Motosierras;reemplazos-briggs-stratton;Reemplazos Briggs & Stratton;Briggs & Stratton;;2204045.jpg;no
2227652;Reten De Aceite;Reten De Aceite REPL MS 170-180-210-230-250;motosierras;Motosierras;reten;Retén;;;2227652.jpg;no
2227653;Reten De Aceite;Reten De Aceite REPL ST MS 380/381/382;motosierras;Motosierras;reten;Retén;;;2227653.jpg;no
2227654;Reten De Aceite;Reten De Aceite REPL ST MS 361/362/441;motosierras;Motosierras;reten;Retén;;;2227654.jpg;no
2227655;Reten De Aceite;Reten De Aceite REPL ST FS 260/280;motosierras;Motosierras;reten;Retén;;;2227655.jpg;no
2227656;Reten De Aceite;Reten De Aceite REPL Reten De Aceite REPL Reten De Aceite REPL Reten De Aceite REPL Reten De Aceite REPL MS 170-180-210-230-250 ST MS 380/381/382 ST MS 361/362/441 ST FS 260/280 HUS 61/266/268;motosierras;Motosierras;reten;Retén;Stihl;;2227656.jpg;no
2227657;ESCAPES;ESCAPES;motosierras;Motosierras;reten;Retén;;;2227657.jpg;no
2214020;Tanque de combustible Chinas 3800;Tanque de combustible Chinas 3800;motosierras;Motosierras;tanque-de-combustible-tapa;Tanque de combustible / Tapa;;;2214020.jpg;no
2214021;Tanque Combustible Completo Chinas 4500/5200;Tanque Combustible Completo Chinas 4500/5200;motosierras;Motosierras;tanque-de-combustible-tapa;Tanque de combustible / Tapa;;;2214021.jpg;no
2214023;Tanque de combustible Husqvarna 61/268/272;Tanque de combustible Husqvarna 61/268/272;motosierras;Motosierras;tanque-de-combustible-tapa;Tanque de combustible / Tapa;Husqvarna;;2214023.png;no
2214024;Tanque de combustible Husqvarna 365/372;Tanque de combustible Husqvarna 365/372;motosierras;Motosierras;tanque-de-combustible-tapa;Tanque de combustible / Tapa;Husqvarna;;2214024.png;no
2214025;Tapa Tanque Aceite Te Chinas 3800;Tapa Tanque Aceite Te Chinas 3800;motosierras;Motosierras;tanque-de-combustible-tapa;Tanque de combustible / Tapa;;;2214025.jpg;no
2214026;Tapa Tanque Combustible Chinas 3800;Tapa Tanque Combustible Chinas 3800;motosierras;Motosierras;tanque-de-combustible-tapa;Tanque de combustible / Tapa;;;2214026.jpg;no
2214027;Tapa Tanque Combustible Chinas 4500/5200;Tapa Tanque Combustible Chinas 4500/5200;motosierras;Motosierras;tanque-de-combustible-tapa;Tanque de combustible / Tapa;;;2214027.jpg;no
2214028;Tapa Tanque Aceite Chinas;Tapa Tanque Aceite Chinas;motosierras;Motosierras;tanque-de-combustible-tapa;Tanque de combustible / Tapa;;;2214028.jpg;no
2214029;Tapa Aceite Sthil MS210-250;Tapa Aceite Sthil MS210-250;motosierras;Motosierras;tanque-de-combustible-tapa;Tanque de combustible / Tapa;;;2214029.jpg;no
2214030;Tapa Tanque Sthil MS210-250;Tapa Tanque Sthil MS210-250;motosierras;Motosierras;tanque-de-combustible-tapa;Tanque de combustible / Tapa;;;2214030.jpg;no
2214031;Tapa Tanque ST MS170;Tapa Tanque ST MS170;motosierras;Motosierras;tanque-de-combustible-tapa;Tanque de combustible / Tapa;Stihl;;2214031.jpg;no
2214032;Tapa Tanque Comb MS 380 MS 360;Tapa Tanque Comb MS 380 MS 360;motosierras;Motosierras;tanque-de-combustible-tapa;Tanque de combustible / Tapa;;;2214032.jpg;no
2214033;Tapa Tanque Aceite MS 380 MS 360;Tapa Tanque Aceite MS 380 MS 360;motosierras;Motosierras;tanque-de-combustible-tapa;Tanque de combustible / Tapa;;;2214033.jpg;no
2214034;Tapa Tanque Comb ST MS 290/660;Tapa Tanque Comb ST MS 290/660;motosierras;Motosierras;tanque-de-combustible-tapa;Tanque de combustible / Tapa;Stihl;;2214034.jpg;no
2214035;Tapa Tanque Aceite ST MS 290/660;Tapa Tanque Aceite ST MS 290/660;motosierras;Motosierras;tanque-de-combustible-tapa;Tanque de combustible / Tapa;Stihl;;2214035.jpg;no
2214036;Tapa Tanque Aceite ST MS 381;Tapa Tanque Aceite ST MS 381;motosierras;Motosierras;tanque-de-combustible-tapa;Tanque de combustible / Tapa;Stihl;;2214036.jpg;no
2214037;Tapa Tanque Comb;Tapa Tanque Comb REPL ST MS 381;motosierras;Motosierras;tanque-de-combustible-tapa;Tanque de combustible / Tapa;Stihl;;2214037.jpg;no
2214039;Tapa Tanque Comb;Tapa Tanque Comb REPL ST FS 160/220/280;motosierras;Motosierras;tanque-de-combustible-tapa;Tanque de combustible / Tapa;Stihl;;2214039.jpg;no
2214040;Tapa Tanque Aceite;Tapa Tanque Aceite REPL HUS 136/137/50/51/55;motosierras;Motosierras;tanque-de-combustible-tapa;Tanque de combustible / Tapa;;;2214040.jpg;no
2214041;Tapa Tanque Comb;Tapa Tanque Comb REPL HUS 61/268/272;motosierras;Motosierras;tanque-de-combustible-tapa;Tanque de combustible / Tapa;;;2214041.jpg;no
2214043;Tapa Tanque Comb Y Aceite;Tapa Tanque Comb Y Aceite REPL HUS 235/240;motosierras;Motosierras;tanque-de-combustible-tapa;Tanque de combustible / Tapa;;;2214043.jpg;no
2214044;Tapa Tanque Comb HUS 340/345;Tapa Tanque Comb HUS 340/345;motosierras;Motosierras;tanque-de-combustible-tapa;Tanque de combustible / Tapa;;;2214044.jpg;no
2214045;Tapa Tanque Aceite;Tapa Tanque Aceite REPL HUS 340/345;motosierras;Motosierras;tanque-de-combustible-tapa;Tanque de combustible / Tapa;;;2214045.jpg;no
2214046;Tapa Tanque Comb Y Aceite;Tapa Tanque Comb Y Aceite REPL HUS 288/365/455;motosierras;Motosierras;tanque-de-combustible-tapa;Tanque de combustible / Tapa;;;2214046.jpg;no
2214047;Tapa Tanque Comb;Tapa Tanque Comb REPL HUS 136/137/50/51/55;motosierras;Motosierras;tanque-de-combustible-tapa;Tanque de combustible / Tapa;;;2214047.jpg;no
2214048;Tapa Tanque Comb HUS 143RII;Tapa Tanque Comb HUS 143RII;motosierras;Motosierras;tanque-de-combustible-tapa;Tanque de combustible / Tapa;;;2214048.jpg;no
2214049;Tapa Tanque Comb;Tapa Tanque Comb REPL B&S 799585;motosierras;Motosierras;tanque-de-combustible-tapa;Tanque de combustible / Tapa;Briggs & Stratton;;2214049.jpg;no
2214051;Tapa Tanque Comb Tapa Tanque Comb;Tapa Tanque Comb Tapa Tanque Comb REPL B&S 3.5/4.5 REPL B&S 692046 CIGÜEÑAL;motosierras;Motosierras;tanque-de-combustible-tapa;Tanque de combustible / Tapa;Briggs & Stratton;;2214051.jpg;no
2214052;Tapa Tanque Comb;Tapa Tanque Comb REPL B&S 3.5/4.5;motosierras;Motosierras;tanque-de-combustible-tapa;Tanque de combustible / Tapa;;;2214052.jpg;no
2214060;Tanque de combustible Stihl MS360;Tanque de combustible Stihl MS360;motosierras;Motosierras;tanque-de-combustible-tapa;Tanque de combustible / Tapa;Stihl;;2214060.png;no
2214061;Tanque de combustible Stihl MS341/361;Tanque de combustible Stihl MS341/361;motosierras;Motosierras;tanque-de-combustible-tapa;Tanque de combustible / Tapa;Stihl;;2214061.png;no
2214062;Tanque de combustible Stihl MS380;Tanque de combustible Stihl MS380;motosierras;Motosierras;tanque-de-combustible-tapa;Tanque de combustible / Tapa;Stihl;;2214062.png;no
2214063;Tanque de combustible Stihl MS381;Tanque de combustible Stihl MS381;motosierras;Motosierras;tanque-de-combustible-tapa;Tanque de combustible / Tapa;Stihl;;2214063.png;no
2214067;Conjunto de tanque de combustible Stihl MS170/180;Conjunto de tanque de combustible Stihl MS170/180;motosierras;Motosierras;tanque-de-combustible-tapa;Tanque de combustible / Tapa;Stihl;;2214067.png;no
2214068;Conjunto de tanque de aceite Stihl MS170/180;Conjunto de tanque de aceite Stihl MS170/180;motosierras;Motosierras;tanque-de-combustible-tapa;Tanque de combustible / Tapa;Stihl;;2214068.png;no
2215001;` CODIGO;Tapa Arranque · Chinas 3800;motosierras;Motosierras;tapas-de-arranque;Tapas de arranque;;;2215001.jpg;no
2215002;Tapa Arranque Chinas 4500/5200;Tapa Arranque Chinas 4500/5200;motosierras;Motosierras;tapas-de-arranque;Tapas de arranque;;;2215002.jpg;no
2215003;Kit Trinquete Plástico Arranque Chinas 4500/5200;Kit Trinquete Plástico Arranque Chinas 4500/5200;motosierras;Motosierras;tapas-de-arranque;Tapas de arranque;;;2215003.jpg;no
2215004;Kit Trinquete Metálico Arranque Chinas 4500/5200;Kit Trinquete Metálico Arranque Chinas 4500/5200;motosierras;Motosierras;tapas-de-arranque;Tapas de arranque;;;2215004.jpg;no
2215006;Kit Trinquete Metálico Arranque Chinas 4500/5200;Kit Trinquete Metálico Arranque Chinas 4500/5200;motosierras;Motosierras;tapas-de-arranque;Tapas de arranque;;;2215006.jpg;no
2215009;Resorte Retráctil Arranque Chinas 4500/5200;Resorte Retráctil Arranque Chinas 4500/5200;motosierras;Motosierras;tapas-de-arranque;Tapas de arranque;;;2215009.jpg;no
2215010;Resorte Retráctil Arranque Fácil Chinas 4500/5200;Resorte Retráctil Arranque Fácil Chinas 4500/5200;motosierras;Motosierras;tapas-de-arranque;Tapas de arranque;;;2215010.jpg;no
2215011;Resorte Arranque;Resorte Arranque;motosierras;Motosierras;tapas-de-arranque;Tapas de arranque;;;2215011.jpg;no
2215013;Cubre Cadena Completo Chinas 3800;Cubre Cadena Completo Chinas 3800;motosierras;Motosierras;tapas-de-arranque;Tapas de arranque;;;2215013.jpg;no
2215014;Tapa Cubre Cadena Freno cadena;Tapa Cubre Cadena Freno cadena;motosierras;Motosierras;tapas-de-arranque;Tapas de arranque;;;2215014.jpg;no
2215068;Tapa de piñón;Tapa de piñón;motosierras;Motosierras;tapas-de-arranque;Tapas de arranque;;;2215068.png;no
2215069;Tapa de piñón SISTEMAS DE;Tapa de piñón SISTEMAS DE;motosierras;Motosierras;tapas-de-arranque;Tapas de arranque;;;2215069.png;no
2215072;Tapa de piñón Stihl MS170/180/250;Tapa de piñón Stihl MS170/180/250;motosierras;Motosierras;tapas-de-arranque;Tapas de arranque;Stihl;;2215072.jpg;no
2215073;Tapa de piñón Stihl MS361/362/ 441;Tapa de piñón Stihl MS361/362/ 441;motosierras;Motosierras;tapas-de-arranque;Tapas de arranque;Stihl;;2215073.png;no
2215074;Tornillo de regulación Stihl 038/028;Tornillo de regulación Stihl 038/028;motosierras;Motosierras;tapas-de-arranque;Tapas de arranque;Stihl;;2215074.png;no
2215080;Cinta de freno Husqvarna 61/268/272/288;Cinta de freno Husqvarna 61/268/272/288;motosierras;Motosierras;tapas-de-arranque;Tapas de arranque;Husqvarna;;2215080.png;no
2215081;Cinta de freno Husqvarna 365/372/385/575;Cinta de freno Husqvarna 365/372/385/575;motosierras;Motosierras;tapas-de-arranque;Tapas de arranque;Husqvarna;;2215081.png;no
2215082;Cinta de freno Stihl MS170/180/210 /230/250;Cinta de freno Stihl MS170/180/210 /230/250;motosierras;Motosierras;tapas-de-arranque;Tapas de arranque;Stihl;;2215082.png;no
2215083;Cinta de freno Stihl MS290/360;Cinta de freno Stihl MS290/360;motosierras;Motosierras;tapas-de-arranque;Tapas de arranque;Stihl;;2215083.png;no
2215084;Cinta de freno Stihl MS341/361;Cinta de freno Stihl MS341/361;motosierras;Motosierras;tapas-de-arranque;Tapas de arranque;Stihl;;2215084.png;no
2215085;Cinta de freno Stihl MS380/381;Cinta de freno Stihl MS380/381;motosierras;Motosierras;tapas-de-arranque;Tapas de arranque;Stihl;;2215085.png;no
2224035;Bobina de encendido Husqvarna 137/142;Bobina de encendido Husqvarna 137/142;motosierras;Motosierras;tapas-de-depositos;Tapas de depósitos;Husqvarna;;2224035.jpg;no
2224036;Bobina de encendido Husqvarna 236/240;Bobina de encendido Husqvarna 236/240;motosierras;Motosierras;tapas-de-depositos;Tapas de depósitos;Husqvarna;;2224036.jpg;no
2224037;Bobina de encendido Husqvarna 365/372/455;Bobina de encendido Husqvarna 365/372/455;motosierras;Motosierras;tapas-de-depositos;Tapas de depósitos;Husqvarna;;2224037.jpg;no
2224038;Bobina de encendido Husqvarna 55/61/254/262/266/268;Bobina de encendido Husqvarna 55/61/254/262/266/268;motosierras;Motosierras;tapas-de-depositos;Tapas de depósitos;Husqvarna;;;no
2224039;Bobina de encendido HU61/66/162/266 (Old type);Bobina de encendido HU61/66/162/266 (Old type);motosierras;Motosierras;tapas-de-depositos;Tapas de depósitos;;;2224039.jpg;no
2207014;Tapa de fi ltro de aire Husqvarna 365/372;Tapa de fi ltro de aire Husqvarna 365/372;motosierras;Motosierras;tapas-filtro-de-aire-reemplazo-2t;Tapas filtro de aire reemplazo 2T;Husqvarna;;2207014.png;no
2207015;Tapa de fi ltro de aire Stihl MS210/230/250;Tapa de fi ltro de aire Stihl MS210/230/250;motosierras;Motosierras;tapas-filtro-de-aire-reemplazo-2t;Tapas filtro de aire reemplazo 2T;Stihl;;2207015.png;no
2207016;Tapa de fi ltro de aire Stihl MS340/360;Tapa de fi ltro de aire Stihl MS340/360;motosierras;Motosierras;tapas-filtro-de-aire-reemplazo-2t;Tapas filtro de aire reemplazo 2T;Stihl;;2207016.png;no
2207017;Tapa de fi ltro de aire Stihl MS341/361;Tapa de fi ltro de aire Stihl MS341/361;motosierras;Motosierras;tapas-filtro-de-aire-reemplazo-2t;Tapas filtro de aire reemplazo 2T;Stihl;;2207017.png;no
2207018;Tapa de fi ltro de aire Stihl MS380/381;Tapa de fi ltro de aire Stihl MS380/381;motosierras;Motosierras;tapas-filtro-de-aire-reemplazo-2t;Tapas filtro de aire reemplazo 2T;Stihl;;2207018.png;no
2906015;Filtro de combustible;Filtro De Combustible · Dual ST BR500/550/600;repuestos-universales;Repuestos universales;filtros-de-combustible;Filtros de combustible;;;2906015.jpg;no
2906020;Filtro de combustible;Filtro de combustible;repuestos-universales;Repuestos universales;filtros-de-combustible;Filtros de combustible;;;;no
2906021;Filtro de combustible doble;Filtro de combustible doble;repuestos-universales;Repuestos universales;filtros-de-combustible;Filtros de combustible;;;;no
4906601;Filtro de combustible;Presentación 10 unidades · Motores Estacionarios · Minitractores;repuestos-universales;Repuestos universales;filtros-de-combustible;Filtros de combustible;;;4906601.jpg;no
4906602;Filtro de combustible;Presentación 10 unidades · Motores Estacionarios · Minitractores;repuestos-universales;Repuestos universales;filtros-de-combustible;Filtros de combustible;;;4906602.jpg;no
4906603;Filtro de combustible;Presentación 10 unidades · Motores Estacionarios · Minitractores;repuestos-universales;Repuestos universales;filtros-de-combustible;Filtros de combustible;;;4906603.jpg;no
2909001;McCulloch PM300 PM310 / PM510X;McCulloch PM300 PM310 / PM510X;repuestos-universales;Repuestos universales;kits-de-juntas-y-diafragmas;Kits de juntas y diafragmas;McCulloch;;2909001.jpg;no
2909002;Homelite, Oleo Mac Jet, Echo CS 330;Homelite, Oleo Mac Jet, Echo CS 330;repuestos-universales;Repuestos universales;kits-de-juntas-y-diafragmas;Kits de juntas y diafragmas;Echo | Oleo Mac;;2909002.jpg;no
2909004;Echo 290E/EVLP 280E/EVLP;Echo 290E/EVLP 280E/EVLP;repuestos-universales;Repuestos universales;kits-de-juntas-y-diafragmas;Kits de juntas y diafragmas;Echo;;2909004.jpg;no
2909007;Stihl FS-160/220/280 Stihl 09/010/011;Stihl FS-160/220/280 Stihl 09/010/011;repuestos-universales;Repuestos universales;kits-de-juntas-y-diafragmas;Kits de juntas y diafragmas;Stihl;;2909007.jpg;no
2909039;Stihl BG55/65/85 Husqvarna 1216/1219;Stihl BG55/65/85 Husqvarna 1216/1219;repuestos-universales;Repuestos universales;kits-de-juntas-y-diafragmas;Kits de juntas y diafragmas;Husqvarna | Stihl;;2909039.jpg;no
2909051;Stihl FS-45/75/80/85 Stihl SH-55/BG-55;Stihl FS-45/75/80/85 Stihl SH-55/BG-55;repuestos-universales;Repuestos universales;kits-de-juntas-y-diafragmas;Kits de juntas y diafragmas;Stihl;;2909051.jpg;no
2909056;Stihl FS-38/75/85/BG-55;Stihl FS-38/75/85/BG-55;repuestos-universales;Repuestos universales;kits-de-juntas-y-diafragmas;Kits de juntas y diafragmas;Stihl;;2909056.jpg;no
2909066;Echo SRM-230 / GT-225 PB-251/255;Echo SRM-230 / GT-225 PB-251/255;repuestos-universales;Repuestos universales;kits-de-juntas-y-diafragmas;Kits de juntas y diafragmas;Echo;;2909066.jpg;no
2909072;Stihl BR-500/550/600 Stihl 130R;Stihl BR-500/550/600 Stihl 130R;repuestos-universales;Repuestos universales;kits-de-juntas-y-diafragmas;Kits de juntas y diafragmas;Stihl;;2909072.jpg;no
2909097;Homelite Poulan Mc Culloch;Homelite Poulan Mc Culloch;repuestos-universales;Repuestos universales;kits-de-juntas-y-diafragmas;Kits de juntas y diafragmas;Poulan | Homelite | McCulloch;;2909097.jpg;no
2909100;Stihl TS-410/420;Stihl TS-410/420;repuestos-universales;Repuestos universales;kits-de-juntas-y-diafragmas;Kits de juntas y diafragmas;Stihl;;2909100.jpg;no
2909106;Echo GT200/202/225 Echo PB-251/252;Echo GT200/202/225 Echo PB-251/252;repuestos-universales;Repuestos universales;kits-de-juntas-y-diafragmas;Kits de juntas y diafragmas;Echo;;2909106.jpg;no
2909200;Motosierras Chinas Echo. Stihl. HQV;Motosierras Chinas Echo. Stihl. HQV;repuestos-universales;Repuestos universales;kits-de-juntas-y-diafragmas;Kits de juntas y diafragmas;Husqvarna;;;no
2909202;Echo CS-3500/420/ SRM-3605. Oleo Mac 740/ 746/936 Sparta 44;Echo CS-3500/420/ SRM-3605. Oleo Mac 740/ 746/936 Sparta 44;repuestos-universales;Repuestos universales;kits-de-juntas-y-diafragmas;Kits de juntas y diafragmas;Echo | Oleo Mac;;2909202.jpg;no
2909203;WYJ Desmalezadoras Chinas, HQV 143RII, Echo SRM-270;WYJ Desmalezadoras Chinas, HQV 143RII, Echo SRM-270;repuestos-universales;Repuestos universales;kits-de-juntas-y-diafragmas;Kits de juntas y diafragmas;Husqvarna | Echo;;2909203.jpg;no
2909204;Desmalezadoras Chinas, HQV 142R Oleo Mac 725F;Desmalezadoras Chinas, HQV 142R Oleo Mac 725F;repuestos-universales;Repuestos universales;kits-de-juntas-y-diafragmas;Kits de juntas y diafragmas;Husqvarna | Oleo Mac;;2909204.jpg;no
2909217;DG-1HK Jonsered 410/450/525/535 Walcker BH23;DG-1HK Jonsered 410/450/525/535 Walcker BH23;repuestos-universales;Repuestos universales;kits-de-juntas-y-diafragmas;Kits de juntas y diafragmas;Jonsered;;2909217.jpg;no
2909220;Juntas de carburador;TK1 · Shidaiwa T20/035 · Poulan Pro 200 · Kawasaki TD48;repuestos-universales;Repuestos universales;kits-de-juntas-y-diafragmas;Kits de juntas y diafragmas;;;2909220.jpg;no
4906605;Filtro de Junta del Tanque de Combustible GX160 GX200;Filtro de Junta del Tanque de Combustible GX160 GX200;repuestos-universales;Repuestos universales;partes-de-motor-4t-55-65hp-gx160gx200;Partes de motor 4T 5.5-6.5HP GX160/GX200;;;4906605.jpg;no
4919501;Bomba de aceite — Briggs & Stratton;Bomba de combustible · B&S 491922;repuestos-universales;Repuestos universales;reemplazos-briggs-stratton;Reemplazos Briggs & Stratton;Briggs & Stratton;;4919501.jpg;no
2909225;"Solo diafragma Walbro 95-526 Código Logbelts: Mandril portacuchilla 50""";"Solo diafragma Walbro 95-526 Código Logbelts: Mandril portacuchilla 50"" 618P09256";repuestos-universales;Repuestos universales;sin-fines-husqvarna-otros;Sin fines Husqvarna / Otros;Walbro;;2909225.png;no
2103199;Escape Chinas 26cc;Escape Chinas 26cc;sistemas-de-arranque;Sistemas de arranque;escapes;Escapes;;;2103199.jpg;no
2115101;Tapas de arranque — Maquinas;Resorte arranque · Chinas 33/43/52cc;sistemas-de-arranque;Sistemas de arranque;maquinas-4-tiempos;Máquinas 4 tiempos;;;2115101.jpg;no
2115102;Tapas de arranque — Maquinas;Resorte Arranque Facil · 43cc / 52cc;sistemas-de-arranque;Sistemas de arranque;maquinas-4-tiempos;Máquinas 4 tiempos;;;2115102.jpg;no
2115103;Tapas de arranque — Maquinas;Cazoleta arranque · Chinas 33/43/52cc;sistemas-de-arranque;Sistemas de arranque;maquinas-4-tiempos;Máquinas 4 tiempos;;;2115103.jpg;no
2115104;Tapas de arranque — Maquinas;Cazoleta arranque · Chinas 33/43/52cc;sistemas-de-arranque;Sistemas de arranque;maquinas-4-tiempos;Máquinas 4 tiempos;;;2115104.jpg;no
2115105;Tapas de arranque — Maquinas;Cazoleta arranque · Chinas 33/43/52cc Easy Start;sistemas-de-arranque;Sistemas de arranque;maquinas-4-tiempos;Máquinas 4 tiempos;;;2115105.jpg;no
4315228;Tapas de arranque — Maquinas;Arranque Completo · Gamma 6,5 hp;sistemas-de-arranque;Sistemas de arranque;maquinas-4-tiempos;Máquinas 4 tiempos;;;4315228.jpg;no
4315229;Tapas de arranque — Maquinas;Arranque Completo · Honda GX-31;sistemas-de-arranque;Sistemas de arranque;maquinas-4-tiempos;Máquinas 4 tiempos;;;4315229.jpg;no
4315230;Sistema de Arranque GENE ET950;Sistema de Arranque GENE ET950;sistemas-de-arranque;Sistemas de arranque;maquinas-4-tiempos;Máquinas 4 tiempos;;;4315230.jpg;no
4315231;Sistema de Arranque KOHLER HD675 775;Sistema de Arranque KOHLER HD675 775;sistemas-de-arranque;Sistemas de arranque;maquinas-4-tiempos;Máquinas 4 tiempos;Kohler;;4315231.jpg;no
4315232;Sistema de Arranque 177F 9HP;Sistema de Arranque 177F 9HP;sistemas-de-arranque;Sistemas de arranque;maquinas-4-tiempos;Máquinas 4 tiempos;;;4315232.jpg;no
4315233;Sistema de Arranque GX35;Sistema de Arranque GX35;sistemas-de-arranque;Sistemas de arranque;maquinas-4-tiempos;Máquinas 4 tiempos;;;4315233.jpg;no
4315236;Sistema de Arranque Sistema de Arranque Sistema de Arranque Sistema de A;Sistema de Arranque Sistema de Arranque Sistema de Arranque Sistema de Arranque CHINESE 6,8HP HONDA GP160 HONDA GCV160 CHINESE 4HP;sistemas-de-arranque;Sistemas de arranque;maquinas-4-tiempos;Máquinas 4 tiempos;Honda;;4315236.jpg;no
4315237;Sistema de Arranque CHINESE 6,8HP;Sistema de Arranque CHINESE 6,8HP;sistemas-de-arranque;Sistemas de arranque;maquinas-4-tiempos;Máquinas 4 tiempos;;;4315237.jpg;no
4315238;Sistema de Arranque HONDA GP160;Sistema de Arranque HONDA GP160;sistemas-de-arranque;Sistemas de arranque;maquinas-4-tiempos;Máquinas 4 tiempos;;;4315238.jpg;no
4315239;Sistema de Arranque HONDA GCV160;Sistema de Arranque HONDA GCV160;sistemas-de-arranque;Sistemas de arranque;maquinas-4-tiempos;Máquinas 4 tiempos;;;4315239.jpg;no
4315242;Sistema de Arranque B&S 594062;Sistema de Arranque B&S 594062;sistemas-de-arranque;Sistemas de arranque;maquinas-4-tiempos;Máquinas 4 tiempos;;;4315242.jpg;no
4315244;Sistema de Arranque;Sistema de Arranque REPL B&S 591301;sistemas-de-arranque;Sistemas de arranque;maquinas-4-tiempos;Máquinas 4 tiempos;;;4315244.jpg;no
4315245;Sistema de Arranque Sistema de Arranque Sistema de Arranque Sistema de A;Sistema de Arranque Sistema de Arranque Sistema de Arranque Sistema de Arranque B&S 594062 Zongshen REPL B&S 591301 REPL 497680 XP140;sistemas-de-arranque;Sistemas de arranque;maquinas-4-tiempos;Máquinas 4 tiempos;Briggs & Stratton;;4315245.jpg;no
4315260;Sistema de Arranque Zongshen XP140;Sistema de Arranque Zongshen XP140;sistemas-de-arranque;Sistemas de arranque;maquinas-4-tiempos;Máquinas 4 tiempos;;;4315260.jpg;no
4325310;Cables;Motor de Arranque · B&S 5777 / 693551 · Minitractores;sistemas-de-arranque;Sistemas de arranque;motores-4t;Motores 4T;;;4325310.jpg;no
4325311;Cables;Motor de Arranque · B&S 5742 / 497595 · Minitractores;sistemas-de-arranque;Sistemas de arranque;motores-4t;Motores 4T;;;4325311.jpg;no
4325312;Motor de Arranque Simil Honda GX120 Sir;Motor de Arranque Simil Honda GX120 Sir;sistemas-de-arranque;Sistemas de arranque;motores-4t;Motores 4T;;;4325312.jpg;no
4325315;Motor de Arranque Simil Honda GX390 OHV 13 Hp;Motor de Arranque Simil Honda GX390 OHV 13 Hp;sistemas-de-arranque;Sistemas de arranque;motores-4t;Motores 4T;;;4325315.jpg;no
4325316;KOHLER;KOHLER;sistemas-de-arranque;Sistemas de arranque;motores-4t;Motores 4T;Kohler;;4325316.jpg;no
4325317;Motor de Arranque Simil Honda;Motor de Arranque Simil Honda;sistemas-de-arranque;Sistemas de arranque;motores-4t;Motores 4T;;;4325317.jpg;no
4325318;Reparacion De Burro;Reparacion De Burro Repl B&S 693551s;sistemas-de-arranque;Sistemas de arranque;motores-4t;Motores 4T;Briggs & Stratton;;4325318.jpg;no
4325320;Burro De Arranque Kohler 2009811-S;Burro De Arranque Kohler 2009811-S;sistemas-de-arranque;Sistemas de arranque;motores-4t;Motores 4T;Kohler;;4325320.jpg;no
4325321;Burro De Arranque Kohler 3209808-S;Burro De Arranque Kohler 3209808-S;sistemas-de-arranque;Sistemas de arranque;motores-4t;Motores 4T;Kohler;;4325321.jpg;no
4325322;Burro De Arranque;Burro De Arranque Repl Kohler 3209810s 9d;sistemas-de-arranque;Sistemas de arranque;motores-4t;Motores 4T;Kohler;;4325322.jpg;no
4325323;Burro De Arranque;Burro De Arranque Repl 270360170;sistemas-de-arranque;Sistemas de arranque;motores-4t;Motores 4T;;;4325323.jpg;no
4325357;Kit Motor De Arranque;Kit Motor De Arranque REPL;sistemas-de-arranque;Sistemas de arranque;motores-4t;Motores 4T;;;4325357.jpg;no
2215017;Tapas de arranque;Sistema de Arranque · Stihl MS-170/180;sistemas-de-arranque;Sistemas de arranque;reemplazos;Reemplazos;;;2215017.jpg;no
2215018;Tapas de arranque;Sistema de Arranque · Stihl MS-230/250;sistemas-de-arranque;Sistemas de arranque;reemplazos;Reemplazos;;;2215018.jpg;no
2215019;Tapas de arranque;Sistema de Arranque · Stihl MS-360;sistemas-de-arranque;Sistemas de arranque;reemplazos;Reemplazos;;;2215019.jpg;no
2215020;Tapas de arranque;Sistema de Arranque · Stihl MS-361;sistemas-de-arranque;Sistemas de arranque;reemplazos;Reemplazos;;;2215020.jpg;no
2215021;Tapas de arranque;Sistema de Arranque · Stihl MS-380;sistemas-de-arranque;Sistemas de arranque;reemplazos;Reemplazos;;;2215021.jpg;no
2215022;Tapas de arranque;Sistema de Arranque · Stihl MS-381;sistemas-de-arranque;Sistemas de arranque;reemplazos;Reemplazos;;;2215022.jpg;no
2215023;Tapas de arranque;Sistema de Arranque · Stihl MS-382;sistemas-de-arranque;Sistemas de arranque;reemplazos;Reemplazos;;;2215023.jpg;no
2215024;Sistema de Arranque ST-044/046;Sistema de Arranque ST-044/046;sistemas-de-arranque;Sistemas de arranque;reemplazos;Reemplazos;Stihl;;2215024.jpg;no
2215025;Sistema de Arranque ST-290/310/390;Sistema de Arranque ST-290/310/390;sistemas-de-arranque;Sistemas de arranque;reemplazos;Reemplazos;Stihl;;2215025.jpg;no
2215026;Tapas de arranque;Arranque Completo · Stihl MS-660;sistemas-de-arranque;Sistemas de arranque;reemplazos;Reemplazos;;;2215026.jpg;no
2215027;Sistema de Arranque ST-MS362;Sistema de Arranque ST-MS362;sistemas-de-arranque;Sistemas de arranque;reemplazos;Reemplazos;Stihl;;2215027.jpg;no
2215028;Tapas de arranque;Arranque Completo · Husqvarna 236;sistemas-de-arranque;Sistemas de arranque;reemplazos;Reemplazos;;;2215028.jpg;no
2215029;Arranque Completo Husqvarna 61/266/268 272/268/272;Arranque Completo Husqvarna 61/266/268 272/268/272;sistemas-de-arranque;Sistemas de arranque;reemplazos;Reemplazos;Husqvarna;;2215029.jpg;no
2215030;Arranque Completo Husqvarna 61/266/268 272/268/272;Arranque Completo Husqvarna 61/266/268 272/268/272;sistemas-de-arranque;Sistemas de arranque;reemplazos;Reemplazos;;;2215030.jpg;no
2215035;Sistema de Arranque Husqvarna-445/450;Sistema de Arranque Husqvarna-445/450 REPL-Husqvarna 50-51-55;sistemas-de-arranque;Sistemas de arranque;reemplazos;Reemplazos;;;2215035.jpg;no
2215036;Sistema de Arranque ST-070;Sistema de Arranque ST-070;sistemas-de-arranque;Sistemas de arranque;reemplazos;Reemplazos;Stihl;;2215036.jpg;no
2215037;Sistema de Arranque ST-400;Sistema de Arranque ST-400;sistemas-de-arranque;Sistemas de arranque;reemplazos;Reemplazos;Stihl;;2215037.jpg;no
2215038;Sistema de Arranque ST-410/420;Sistema de Arranque ST-410/420;sistemas-de-arranque;Sistemas de arranque;reemplazos;Reemplazos;Stihl;;2215038.jpg;no
2215039;Sistema de Arranque ST-700;Sistema de Arranque ST-700;sistemas-de-arranque;Sistemas de arranque;reemplazos;Reemplazos;Stihl;;2215039.jpg;no
2215070;Sistema de Arranque Sistema de Arranque Husqvarna-445/450;Sistema de Arranque Sistema de Arranque Husqvarna-445/450 REPL-Husqvarna 50-51-55;sistemas-de-arranque;Sistemas de arranque;reemplazos;Reemplazos;;;2215070.jpg;no
2103001;Kit Cilindro y Piston Chinas 26cc 1E26F 33mm;Kit Cilindro y Piston Chinas 26cc 1E26F 33mm;sistemas-de-arranque;Sistemas de arranque;repuestos;Repuestos;;;2103001.jpg;no
2104010;Kit Piston Chinas 26cc 33mm;Kit Piston Chinas 26cc 33mm;sistemas-de-arranque;Sistemas de arranque;repuestos;Repuestos;;;2104010.jpg;no
2105020;Aros de Piston Chinas 26cc 33 1.2 MM;Aros de Piston Chinas 26cc 33 1.2 MM;sistemas-de-arranque;Sistemas de arranque;repuestos;Repuestos;;;2105020.jpg;no
2107110;Filtro Aire Espuma Desmalezadoras 26/33/43/52 cc;Filtro Aire Espuma Desmalezadoras 26/33/43/52 cc;sistemas-de-arranque;Sistemas de arranque;repuestos;Repuestos;;;2107110.jpg;no
2112061;Embrague Chinas 26cc;Embrague Chinas 26cc;sistemas-de-arranque;Sistemas de arranque;repuestos;Repuestos;;;2112061.jpg;no
2112063;Resorte Embrague Chinas 26cc;Resorte Embrague Chinas 26cc;sistemas-de-arranque;Sistemas de arranque;repuestos;Repuestos;;;2112063.jpg;no
2112065;Campana Embrague Chinas 26cc;Campana Embrague Chinas 26cc;sistemas-de-arranque;Sistemas de arranque;repuestos;Repuestos;;;2112065.jpg;no
2114060;Tanque de Combustible Chinas 26cc;Tanque de Combustible Chinas 26cc;sistemas-de-arranque;Sistemas de arranque;repuestos;Repuestos;;;2114060.jpg;no
2115106;Tapas de arranque — Repuestos;Cazoleta arranque · Chinas 26cc;sistemas-de-arranque;Sistemas de arranque;repuestos;Repuestos;;;2115106.jpg;no
2115108;Tapas de arranque — Repuestos;Cazoleta 26cc · Redonda Metal;sistemas-de-arranque;Sistemas de arranque;repuestos;Repuestos;;;2115108.jpg;no
2115111;Resorte De Arranque;Resorte De Arranque Repl St- FS38/55;sistemas-de-arranque;Sistemas de arranque;repuestos;Repuestos;Husqvarna;;2115111.jpg;no
2115112;Tapas de arranque — Repuestos;Resorte Arranque · Stihl FS-120 / 200 / 250;sistemas-de-arranque;Sistemas de arranque;repuestos;Repuestos;;;2115112.jpg;no
2115121;Tapas de arranque — Repuestos;Polea Arranque · Echo SRM-4605;sistemas-de-arranque;Sistemas de arranque;repuestos;Repuestos;;;2115121.jpg;no
2115123;Tapas de arranque — Repuestos;Polea Arranque · Stihl FS-85;sistemas-de-arranque;Sistemas de arranque;repuestos;Repuestos;;;2115123.jpg;no
2115130;Kit Trinquete Arranque Stihl FS 250 280;Kit Trinquete Arranque Stihl FS 250 280;sistemas-de-arranque;Sistemas de arranque;repuestos;Repuestos;;;2115130.jpg;no
2124221;Bobina Ignición Chinas 26cc;Bobina Ignición Chinas 26cc;sistemas-de-arranque;Sistemas de arranque;repuestos;Repuestos;;;2124221.jpg;no
2215040;Tapas de arranque — Repuestos;Resorte Arranque · Stihl MS-170/180 250/280;sistemas-de-arranque;Sistemas de arranque;repuestos;Repuestos;;;2215040.jpg;no
2215041;Tapas de arranque — Repuestos;Resorte Arranque · Stihl MS-360/361;sistemas-de-arranque;Sistemas de arranque;repuestos;Repuestos;;;2215041.jpg;no
2215042;Tapas de arranque — Repuestos;Resorte Arranque · Stihl MS-380/381/382;sistemas-de-arranque;Sistemas de arranque;repuestos;Repuestos;;;2215042.jpg;no
2215043;Tapas de arranque — Repuestos;Resorte Arranque · HQV 61 / 266 / 268 / 272 / 268 / 272;sistemas-de-arranque;Sistemas de arranque;repuestos;Repuestos;;;2215043.jpg;no
2215045;Tapas de arranque — Repuestos;Polea Arranque · Stihl MS-170/180 250/280;sistemas-de-arranque;Sistemas de arranque;repuestos;Repuestos;;;2215045.jpg;no
2215046;Polea Arranque Stihl MS;Polea Arranque Stihl MS;sistemas-de-arranque;Sistemas de arranque;repuestos;Repuestos;;;2215046.jpg;no
2215047;Polea Arranque Stihl MS 381/382;Polea Arranque Stihl MS 381/382;sistemas-de-arranque;Sistemas de arranque;repuestos;Repuestos;;;2215047.jpg;no
2215048;Polea Arranque HQV 61 266 268 272 /268/272;Polea Arranque HQV 61 266 268 272 /268/272;sistemas-de-arranque;Sistemas de arranque;repuestos;Repuestos;;;2215048.jpg;no
2215049;Kit Arranque Stihl MS 170/180 250/280;Kit Arranque Stihl MS 170/180 250/280;sistemas-de-arranque;Sistemas de arranque;repuestos;Repuestos;;;2215049.jpg;no
2215050;Tapas de arranque — Repuestos;Kit Arranque · Stihl MS-360/361;sistemas-de-arranque;Sistemas de arranque;repuestos;Repuestos;;;2215050.jpg;no
2215051;PARTES DE CHINAS 26CC;PARTES DE CHINAS 26CC;sistemas-de-arranque;Sistemas de arranque;repuestos;Repuestos;;26CC;2215051.jpg;no
2915009;Soga de arranque 2,5 mm Rollo 100 Mts;Soga de arranque 2,5 mm Rollo 100 Mts;sistemas-de-arranque;Sistemas de arranque;repuestos;Repuestos;;;2915009.jpg;no
2915010;Soga de arranque 3 mm Rollo 100 Mts;Soga de arranque 3 mm Rollo 100 Mts;sistemas-de-arranque;Sistemas de arranque;repuestos;Repuestos;;;2915010.jpg;no
2915012;Soga de arranque 4 mm Rollo 100 mts;Soga de arranque 4 mm Rollo 100 mts;sistemas-de-arranque;Sistemas de arranque;repuestos;Repuestos;;;2915012.jpg;no
4315226;Tapas de arranque — Repuestos;Copa Arranque · B&S 596468 · 4,5 hp;sistemas-de-arranque;Sistemas de arranque;repuestos;Repuestos;;;4315226.jpg;no
2115051;Tapas de arranque;Arranque Moño · Chinas 43cc/52cc;sistemas-de-arranque;Sistemas de arranque;tapas-de-arranque;Tapas de arranque;;;2115051.jpg;no
2115052;Tapas de arranque;Arranque Alambre · Chinas 43cc/52cc;sistemas-de-arranque;Sistemas de arranque;tapas-de-arranque;Tapas de arranque;;;2115052.jpg;no
2115053;Tapas de arranque;Arranque Facil · Chinas 43cc/52cc;sistemas-de-arranque;Sistemas de arranque;tapas-de-arranque;Tapas de arranque;;;2115053.jpg;no
2115054;Tapas de arranque;Arranque Facil · Chinas Gamma Elite;sistemas-de-arranque;Sistemas de arranque;tapas-de-arranque;Tapas de arranque;;;2115054.jpg;no
2115055;Tapas de arranque;Arranque Moño 26cc · Bordeadoras, Cortacercos, Chinas;sistemas-de-arranque;Sistemas de arranque;tapas-de-arranque;Tapas de arranque;;;2115055.jpg;no
2115056;Tapas de arranque;Arranque Alambre 26cc · Bordeadoras, Cortacercos, Chinas;sistemas-de-arranque;Sistemas de arranque;tapas-de-arranque;Tapas de arranque;;;2115056.jpg;no
2115058;Tapas de arranque;Arranque Facil · Chinas 26cc Toyama Serie 200;sistemas-de-arranque;Sistemas de arranque;tapas-de-arranque;Tapas de arranque;;;2115058.jpg;no
2115059;Tapas de arranque;Arranque Facil · Shindaiwa C-230 M-230;sistemas-de-arranque;Sistemas de arranque;tapas-de-arranque;Tapas de arranque;;;2115059.jpg;no
2115060;Tapas de arranque;Arranque Facil · Sopladores Fumigadores Chinos;sistemas-de-arranque;Sistemas de arranque;tapas-de-arranque;Tapas de arranque;;;2115060.jpg;no
2115061;Tapas de arranque;Arranque Completo · Black & Decker GST-33;sistemas-de-arranque;Sistemas de arranque;tapas-de-arranque;Tapas de arranque;;;2115061.jpg;no
2115062;Tapas de arranque;Arranque Moño · Echo SRM-4605;sistemas-de-arranque;Sistemas de arranque;tapas-de-arranque;Tapas de arranque;;;2115062.jpg;no
2115063;Sistema De Arranque;Sistema De Arranque Repl St- FS38/55;sistemas-de-arranque;Sistemas de arranque;tapas-de-arranque;Tapas de arranque;Husqvarna;;2115063.jpg;no
2115064;Tapas de arranque;Sistema de Arranque · Stihl FS-85;sistemas-de-arranque;Sistemas de arranque;tapas-de-arranque;Tapas de arranque;;;2115064.jpg;no
2115065;Tapas de arranque;Sistema de Arranque · Stihl FS-120/250;sistemas-de-arranque;Sistemas de arranque;tapas-de-arranque;Tapas de arranque;;;2115065.jpg;no
2115066;Sistema De Arranque;Sistema De Arranque Repl St- FS160/220/280;sistemas-de-arranque;Sistemas de arranque;tapas-de-arranque;Tapas de arranque;;;2115066.jpg;no
2115068;Tapas de arranque;Sistema de Arranque · Shindaiwa B-450;sistemas-de-arranque;Sistemas de arranque;tapas-de-arranque;Tapas de arranque;;;2115068.jpg;no
2115069;Tapas de arranque;Arranque Completo · Stihl FS-235;sistemas-de-arranque;Sistemas de arranque;tapas-de-arranque;Tapas de arranque;;;2115069.jpg;no
2115070;Tapas de arranque;Arranque Completo · Oleo Mac 746;sistemas-de-arranque;Sistemas de arranque;tapas-de-arranque;Tapas de arranque;;;2115070.jpg;no
2115071;Tapas de arranque;Arranque Completo · Chinas 52 cc;sistemas-de-arranque;Sistemas de arranque;tapas-de-arranque;Tapas de arranque;;;2115071.jpg;no
2115072;Tapas de arranque;Arranque Completo · HQV 543 / 553;sistemas-de-arranque;Sistemas de arranque;tapas-de-arranque;Tapas de arranque;;;2115072.jpg;no
2115073;Tapas de arranque;Arranque Completo · Husqvarna 128R;sistemas-de-arranque;Sistemas de arranque;tapas-de-arranque;Tapas de arranque;;;2115073.jpg;no
2115075;Tapas de arranque;Arranque Completo · Sensei 52 cc;sistemas-de-arranque;Sistemas de arranque;tapas-de-arranque;Tapas de arranque;;;2115075.jpg;no
2115076;MAQUINAS 2 TIEMPOS;MAQUINAS 2 TIEMPOS;sistemas-de-arranque;Sistemas de arranque;tapas-de-arranque;Tapas de arranque;;;2115076.jpg;no
2215071;Tapas de arranque;Sistema de Arranque · REPL Echo CS 4200;sistemas-de-arranque;Sistemas de arranque;tapas-de-arranque;Tapas de arranque;;;2215071.jpg;no
2315101;Tapas de arranque;Sistema de Arranque · Stihl SR-450/BR-600;sistemas-de-arranque;Sistemas de arranque;tapas-de-arranque;Tapas de arranque;;;2315101.jpg;no
2315102;MAQUINAS 4 TIEMPOS;MAQUINAS 4 TIEMPOS;sistemas-de-arranque;Sistemas de arranque;tapas-de-arranque;Tapas de arranque;;;2315102.jpg;no
2315105;Conjunto de arranque Stihl HS45;Conjunto de arranque Stihl HS45;sistemas-de-arranque;Sistemas de arranque;tapas-de-arranque;Tapas de arranque;Stihl;;;no
2315106;Conjunto de arranque (manija de… Stihl BG86;Conjunto de arranque (manija de… Stihl BG86;sistemas-de-arranque;Sistemas de arranque;tapas-de-arranque;Tapas de arranque;Stihl;;;no
4315221;Tapas de arranque;Arranque completo · B&S 596468 · 4,5 hp;sistemas-de-arranque;Sistemas de arranque;tapas-de-arranque;Tapas de arranque;;;4315221.jpg;no
4315222;Tapas de arranque;Arranque Completo · Honda Gx160 · 5,5 hp;sistemas-de-arranque;Sistemas de arranque;tapas-de-arranque;Tapas de arranque;;;4315222.jpg;no
4315223;Sistema de Arranque GX390 - GX440;Sistema de Arranque GX390 - GX440;sistemas-de-arranque;Sistemas de arranque;tapas-de-arranque;Tapas de arranque;;;4315223.jpg;no
4315224;Tapas de arranque;Arranque Completo · Honda GX100;sistemas-de-arranque;Sistemas de arranque;tapas-de-arranque;Tapas de arranque;;;4315224.jpg;no
4315225;Tapas de arranque;Arranque Completo · Honda GX35;sistemas-de-arranque;Sistemas de arranque;tapas-de-arranque;Tapas de arranque;;;4315225.jpg;no
2324240;Bobina de Ignicion ST-BR320/340;Bobina de Ignicion ST-BR320/340;sopladoras;Sopladoras;bobina-de-ignicion;Bobina de ignición;Stihl;;2324240.jpg;no
2324241;Bobina de Ignicion ST-BR350/430 BOBINA DE INGNICION 4T;Bobina de Ignicion ST-BR350/430 BOBINA DE INGNICION 4T;sopladoras;Sopladoras;bobina-de-ignicion;Bobina de ignición;Stihl;;2324241.jpg;no
2324242;Bobina de Ignicion ST-BR500/600;Bobina de Ignicion ST-BR500/600;sopladoras;Sopladoras;bobina-de-ignicion;Bobina de ignición;Stihl;;2324242.jpg;no
2324244;Bobina de encendido Stihl TS410/420;Bobina de encendido Stihl TS410/420;sopladoras;Sopladoras;bobina-de-ignicion;Bobina de ignición;Stihl;;2324244.png;no
2324245;Bobina de Ignicion ST-BG86/56;Bobina de Ignicion ST-BG86/56;sopladoras;Sopladoras;bobina-de-ignicion;Bobina de ignición;Stihl;;2324245.jpg;no
2302836;Carburador — Stihl;Tipo Zama (C1M-261) · Stihl SH-86 / BG-56;sopladoras;Sopladoras;carburadores;Carburadores;Stihl;;2302836.jpg;no
2302837;Carburador — Stihl;Tipo Walbro HD-4A · Stihl BR320/400;sopladoras;Sopladoras;carburadores;Carburadores;Stihl;;2302837.jpg;no
2302838;Carburador — Stihl;Tipo Zama · Stihl BR-500/BR-550 BR-600;sopladoras;Sopladoras;carburadores;Carburadores;Stihl;;2302838.jpg;no
2302839;Carburador — Stihl;Tipo Zama · Stihl BR-350/BR-430 SR-350/SR-450;sopladoras;Sopladoras;carburadores;Carburadores;Stihl;;2302839.jpg;no
2302860;Carburador — Stihl;Tipo Zama · Stihl BT-45 · Taladro;sopladoras;Sopladoras;carburadores;Carburadores;Stihl;;2302860.jpg;no
2302870;Carburador de reemplazo BT45 C1q-S74g BT45;Carburador de reemplazo BT45 C1q-S74g BT45;sopladoras;Sopladoras;carburadores;Carburadores;Stihl;;https://gceymxcsmyxlzlpuzzzp.supabase.co/storage/v1/object/public/media/foto/2302870-1788968360510.jpg;no
2303001;Conjunto de cilindro, 34 mm Stihl BG86;Conjunto de cilindro, 34 mm Stihl BG86;sopladoras;Sopladoras;cilindros-y-pistones;Cilindros y pistones;Stihl;34 mm;2303001.png;no
2303002;Conjunto de cilindro, 49 mm Stihl TS400;Conjunto de cilindro, 49 mm Stihl TS400;sopladoras;Sopladoras;cilindros-y-pistones;Cilindros y pistones;Stihl;49 mm;2303002.png;no
2303003;Conjunto de cilindro, 50 mm Stihl TS410/420;Conjunto de cilindro, 50 mm Stihl TS410/420;sopladoras;Sopladoras;cilindros-y-pistones;Cilindros y pistones;Stihl;50 mm;2303003.png;no
2303004;Conjunto de cilindro, 46 mm Stihl BR420/SR420;Conjunto de cilindro, 46 mm Stihl BR420/SR420;sopladoras;Sopladoras;cilindros-y-pistones;Cilindros y pistones;Stihl;46 mm;2303004.png;no
2307080;Stihl BG56 BG66 BG86 SH56 SH86…;Stihl BG56 BG66 BG86 SH56 SH86…;sopladoras;Sopladoras;filtros-de-aire-sopladoras-2t;Filtros de aire sopladoras 2T;Stihl;;2307080.png;no
2307081;Stihl BG45 BG46 BG50 BG55 BG65 BG85… DE AIRE 4T B&S;Stihl BG45 BG46 BG50 BG55 BG65 BG85… DE AIRE 4T B&S;sopladoras;Sopladoras;filtros-de-aire-sopladoras-2t;Filtros de aire sopladoras 2T;Stihl | Briggs & Stratton;;2307081.png;no